entry_year,extraction_period,rule_version,source_field,entry_date_source_field,case_model,event_kind,status,rule_id,event_rows,case_count,money_mention_rows,total_amount_rows,unassigned_money_rows,unclassified_money_rows,dollar_token_missed_rows
2006,legacy_2000_2013,2.9.1,description,date_filed,civil_general,judgment_reference,reference,sfsc.strict_judgment_end_state.unresolved_end_state_mention,3642,2832,1811,0,1811,56,0
2006,historical_pre_2000,2.9.1,description,date_filed,civil_general,judgment_reference,reference,sfsc.strict_judgment_end_state.unresolved_end_state_mention,449,360,352,0,352,2,0
2006,legacy_2000_2013,2.9.1,description,date_filed,probate,probate_appointment_order,operative,sfsc.strict_judgment_end_state.probate_fiduciary_appointed,780,547,351,0,351,350,0
2006,legacy_2000_2013,2.9.1,description,date_filed,civil_general,judgment_reference,reference,sfsc.strict_judgment_end_state.audited_judgment_cost_bill,265,244,265,0,265,0,0
2006,legacy_2000_2013,2.9.1,description,date_filed,small_claims,judgment_reference,reference,sfsc.strict_judgment_end_state.unresolved_end_state_mention,807,545,207,0,207,30,0
2006,legacy_2000_2013,2.9.1,description,date_filed,probate,probate_appointment_order,operative,sfsc.strict_judgment_end_state.probate_fiduciary_appointment_granted_observed,263,247,193,0,193,3,0
2006,legacy_2000_2013,2.9.1,description,date_filed,writ_or_mandate,judgment_reference,reference,sfsc.strict_judgment_end_state.audited_judgment_cost_bill,192,175,192,0,192,0,0
2006,historical_pre_2000,2.9.1,description,date_filed,civil_general,judgment_reference,reference,sfsc.strict_judgment_end_state.audited_judgment_cost_bill,154,143,154,0,154,0,0
2006,legacy_2000_2013,2.9.1,description,date_filed,probate,probate_letters_order,operative,sfsc.strict_judgment_end_state.probate_letters_granted_observed,581,575,130,0,130,2,0
2006,historical_pre_2000,2.9.1,description,date_filed,small_claims,probate_order_reference,reference,sfsc.strict_judgment_end_state.unresolved_end_state_mention,110,59,110,0,110,7,0
2006,legacy_2000_2013,2.9.1,description,date_filed,probate,probate_account_order,operative,sfsc.strict_judgment_end_state.probate_account_granted_observed,1160,1094,85,0,85,68,0
2006,legacy_2000_2013,2.9.1,description,date_filed,writ_or_mandate,judgment,operative,sfsc.strict_judgment_end_state.judgment_entered,131,125,82,3,79,52,0
2006,legacy_2000_2013,2.9.1,description,date_filed,writ_or_mandate,judgment_reference,reference,sfsc.strict_judgment_end_state.unresolved_end_state_mention,380,317,78,0,78,1,0
2006,legacy_2000_2013,2.9.1,description,date_filed,small_claims,satisfaction,operative,sfsc.strict_judgment_end_state.observed_execution_returned_satisfied,75,75,75,0,75,75,0
2006,legacy_2000_2013,2.9.1,description,date_filed,civil_general,judgment_reference,reference,sfsc.strict_judgment_end_state.motion_or_brief,18565,1557,69,1,68,10,0
2006,legacy_2000_2013,2.9.1,description,date_filed,small_claims,writ_reference,reference,sfsc.strict_judgment_end_state.unresolved_end_state_mention,563,419,67,0,67,67,0
2006,legacy_2000_2013,2.9.1,description,date_filed,probate,probate_fee_compensation_order,operative,sfsc.strict_judgment_end_state.probate_fee_compensation_granted_observed,1140,1033,60,0,60,0,16
2006,legacy_2000_2013,2.9.1,description,date_filed,criminal,criminal_sentence,operative,sfsc.strict_judgment_end_state.criminal_ajw_sentence_shorthand,1015,1010,59,0,59,40,1
2006,legacy_2000_2013,2.9.1,description,date_filed,probate,probate_will_admission_order,operative,sfsc.strict_judgment_end_state.probate_will_relief_granted_observed,359,357,52,0,52,1,0
2006,legacy_2000_2013,2.9.1,description,date_filed,unlawful_detainer,probate_order_reference,reference,sfsc.strict_judgment_end_state.probate_procedural_filing,267,103,48,0,48,45,0
2006,legacy_2000_2013,2.9.1,description,date_filed,civil_general,settlement_reference,reference,sfsc.strict_judgment_end_state.unresolved_end_state_mention,19116,4969,47,0,47,12,0
2006,legacy_2000_2013,2.9.1,description,date_filed,civil_general,writ_reference,reference,sfsc.strict_judgment_end_state.unresolved_end_state_mention,523,197,45,0,45,44,0
2006,legacy_2000_2013,2.9.1,description,date_filed,criminal,unknown_end_state,reference,sfsc.strict_judgment_end_state.criminal_embedded_warrant_status,829,717,41,0,41,41,2
2006,legacy_2000_2013,2.9.1,description,date_filed,criminal,criminal_plea,operative,sfsc.strict_judgment_end_state.criminal_guilty_or_no_contest_plea,1732,1693,34,0,34,28,0
2006,historical_pre_2000,2.9.1,description,date_filed,probate,probate_account_order,operative,sfsc.strict_judgment_end_state.probate_account_granted_observed,296,260,34,0,34,33,0
2006,legacy_2000_2013,2.9.1,description,date_filed,probate,probate_property_order,operative,sfsc.strict_judgment_end_state.probate_property_granted_observed,183,168,34,0,34,14,0
2006,legacy_2000_2013,2.9.1,description,date_filed,criminal,criminal_sentence,operative,sfsc.strict_judgment_end_state.criminal_sentence_minute_order,216,215,33,0,33,15,0
2006,legacy_2000_2013,2.9.1,description,date_filed,probate,probate_administration_order,operative,sfsc.strict_judgment_end_state.probate_administration_granted_observed,111,104,33,0,33,12,0
2006,historical_pre_2000,2.9.1,description,date_filed,probate,probate_fee_compensation_order,operative,sfsc.strict_judgment_end_state.probate_fee_compensation_granted_observed,292,257,32,0,32,0,1
2006,legacy_2000_2013,2.9.1,description,date_filed,civil_general,probate_order_reference,reference,sfsc.strict_judgment_end_state.probate_procedural_filing,2693,1061,34,6,28,9,0
2006,legacy_2000_2013,2.9.1,description,date_filed,criminal,unknown_end_state,reference,sfsc.strict_judgment_end_state.criminal_diversion_progress_calendar,1820,659,28,0,28,23,0
2006,legacy_2000_2013,2.9.1,description,date_filed,unlawful_detainer,judgment_reference,reference,sfsc.strict_judgment_end_state.unresolved_end_state_mention,391,355,28,0,28,4,0
2006,legacy_2000_2013,2.9.1,description,date_filed,criminal,unknown_end_state,reference,sfsc.strict_judgment_end_state.criminal_plea_advisement_or_not_guilty_procedure,4079,3640,25,0,25,25,0
2006,historical_pre_2000,2.9.1,description,date_filed,small_claims,judgment_reference,reference,sfsc.strict_judgment_end_state.unresolved_end_state_mention,41,30,23,0,23,5,0
2006,legacy_2000_2013,2.9.1,description,date_filed,civil_general,judgment,operative,sfsc.strict_judgment_end_state.judgment_entered,1004,889,37,15,22,16,0
2006,legacy_2000_2013,2.9.1,description,date_filed,civil_general,vacatur_reference,reference,sfsc.strict_judgment_end_state.proposed_disposition,65,61,19,0,19,17,0
2006,legacy_2000_2013,2.9.1,description,date_filed,small_claims,probate_order_reference,reference,sfsc.strict_judgment_end_state.unresolved_end_state_mention,42,37,17,0,17,3,0
2006,legacy_2000_2013,2.9.1,description,date_filed,civil_general,judgment_reference,reference,sfsc.strict_judgment_end_state.request_to_enter_judgment,164,121,16,0,16,0,0
2006,legacy_2000_2013,2.9.1,description,date_filed,civil_general,judgment_reference,reference,sfsc.strict_judgment_end_state.proposed_disposition,1545,971,15,0,15,9,0
2006,historical_pre_2000,2.9.1,description,date_filed,writ_or_mandate,judgment,operative,sfsc.strict_judgment_end_state.judgment_entered,17,15,15,0,15,15,0
2006,historical_pre_2000,2.9.1,description,date_filed,probate,probate_appointment_order,operative,sfsc.strict_judgment_end_state.probate_fiduciary_appointment_granted_observed,21,20,14,0,14,0,0
2006,legacy_2000_2013,2.9.1,description,date_filed,unlawful_detainer,judgment_reference,reference,sfsc.strict_judgment_end_state.audited_judgment_cost_bill,14,7,14,0,14,0,0
2006,legacy_2000_2013,2.9.1,docketEntryComment,filedDate,criminal,criminal_sentence,operative,sfsc.strict_judgment_end_state.criminal_sentence_minute_order,77,76,13,0,13,7,0
2006,legacy_2000_2013,2.9.1,description,date_filed,probate,probate_order_reference,reference,sfsc.strict_judgment_end_state.probate_procedural_filing,5095,2153,12,0,12,10,0
2006,legacy_2000_2013,2.9.1,description,date_filed,civil_general,judgment_reference,reference,sfsc.strict_judgment_end_state.certificate_or_declaration,2179,1812,13,1,12,1,0
2006,legacy_2000_2013,2.9.1,description,date_filed,family_multi_order,family_order_reference,reference,sfsc.strict_judgment_end_state.motion_or_brief,370,236,12,0,12,12,0
2006,legacy_2000_2013,2.9.1,description,date_filed,small_claims,appeal_reference,reference,sfsc.strict_judgment_end_state.appeal_reference,300,229,12,0,12,6,0
2006,legacy_2000_2013,2.9.1,description,date_filed,small_claims,judgment,operative,sfsc.strict_judgment_end_state.judgment_entered,1099,1030,11,0,11,8,0
2006,legacy_2000_2013,2.9.1,description,date_filed,civil_general,satisfaction,operative,sfsc.strict_judgment_end_state.satisfaction_filed,1088,1043,11,0,11,11,0
2006,legacy_2000_2013,2.9.1,docketEntryComment,filedDate,criminal,criminal_sentence,operative,sfsc.strict_judgment_end_state.criminal_ajw_sentence_shorthand,154,152,10,0,10,7,0
2006,legacy_2000_2013,2.9.1,description,date_filed,writ_or_mandate,judgment_reference,reference,sfsc.strict_judgment_end_state.motion_or_brief,116,44,10,0,10,1,0
2006,historical_pre_2000,2.9.1,description,date_filed,small_claims,writ_reference,reference,sfsc.strict_judgment_end_state.unresolved_end_state_mention,22,21,10,0,10,10,0
2006,legacy_2000_2013,2.9.1,description,date_filed,civil_general,judgment_reference,reference,sfsc.strict_judgment_end_state.hearing_setting,2162,1209,8,0,8,8,0
2006,legacy_2000_2013,2.9.1,description,date_filed,unlawful_detainer,writ_reference,reference,sfsc.strict_judgment_end_state.unresolved_end_state_mention,60,36,8,0,8,7,0
2006,legacy_2000_2013,2.9.1,description,date_filed,civil_general,writ_reference,reference,sfsc.strict_judgment_end_state.writ_filing_reference,37,31,8,0,8,7,0
2006,historical_pre_2000,2.9.1,description,date_filed,probate,probate_appointment_order,operative,sfsc.strict_judgment_end_state.probate_fiduciary_appointed,31,24,8,0,8,8,0
2006,legacy_2000_2013,2.9.1,description,date_filed,probate,probate_substituted_judgment_order,operative,sfsc.strict_judgment_end_state.probate_substituted_judgment_granted_observed,24,24,8,0,8,4,0
2006,legacy_2000_2013,2.9.1,description,date_filed,civil_general,vacatur_reference,reference,sfsc.strict_judgment_end_state.motion_or_brief,368,119,7,0,7,1,0
2006,legacy_2000_2013,2.9.1,description,date_filed,small_claims,settlement_reference,reference,sfsc.strict_judgment_end_state.unresolved_end_state_mention,73,68,7,0,7,7,0
2006,legacy_2000_2013,2.9.1,description,date_filed,civil_general,satisfaction_reference,reference,sfsc.strict_judgment_end_state.unresolved_end_state_mention,13,13,7,0,7,7,0
2006,legacy_2000_2013,2.9.1,docketEntryComment,filedDate,criminal,unknown_end_state,reference,sfsc.strict_judgment_end_state.criminal_diversion_progress_calendar,263,207,6,0,6,5,0
2006,legacy_2000_2013,2.9.1,description,date_filed,civil_general,verdict_recorded,operative,sfsc.strict_judgment_end_state.observed_verdict_returned_filed_or_entered,108,82,55,49,6,7,0
2006,historical_pre_2000,2.9.1,description,date_filed,probate,probate_letters_order,operative,sfsc.strict_judgment_end_state.probate_letters_granted_observed,13,13,6,0,6,1,0
2006,legacy_2000_2013,2.9.1,description,date_filed,small_claims,judgment_reference,reference,sfsc.strict_judgment_end_state.audited_judgment_cost_bill,6,6,6,0,6,0,0
2006,legacy_2000_2013,2.9.1,description,date_filed,civil_general,settlement,operative,sfsc.strict_judgment_end_state.case_reported_settled,1530,1161,6,1,5,3,0
2006,legacy_2000_2013,2.9.1,description,date_filed,criminal,unknown_end_state,reference,sfsc.strict_judgment_end_state.criminal_calendar_or_transfer_setting,1219,669,5,0,5,4,0
2006,legacy_2000_2013,2.9.1,description,date_filed,probate,probate_distribution_order,operative,sfsc.strict_judgment_end_state.probate_distribution_granted_observed,569,559,5,0,5,2,0
2006,legacy_2000_2013,2.9.1,description,date_filed,unlawful_detainer,possession,operative,sfsc.strict_judgment_end_state.observed_entered_possession_judgment,430,425,337,332,5,180,0
2006,legacy_2000_2013,2.9.1,description,date_filed,small_claims,amended_judgment,superseding,sfsc.strict_judgment_end_state.observed_amended_or_revised_judgment,211,211,178,173,5,13,0
2006,legacy_2000_2013,2.9.1,description,date_filed,civil_general,amended_judgment,superseding,sfsc.strict_judgment_end_state.observed_amended_or_revised_judgment,74,70,70,65,5,8,0
2006,unknown_period,2.9.1,description,date_filed,criminal,criminal_sentence,operative,sfsc.strict_judgment_end_state.criminal_ajw_sentence_shorthand,50,50,5,0,5,1,0
2006,legacy_2000_2013,2.9.1,description,date_filed,criminal,unknown_end_state,reference,sfsc.strict_judgment_end_state.criminal_custody_or_bail_status,13,13,5,0,5,5,1
2006,historical_pre_2000,2.9.1,description,date_filed,unlawful_detainer,judgment_reference,reference,sfsc.strict_judgment_end_state.unresolved_end_state_mention,7,6,5,0,5,0,0
2006,legacy_2000_2013,2.9.1,description,date_filed,criminal,dismissal,operative,sfsc.strict_judgment_end_state.criminal_pc1385_portal_dismissal,1011,1011,4,0,4,4,0
2006,legacy_2000_2013,2.9.1,description,date_filed,small_claims,vacatur_reference,reference,sfsc.strict_judgment_end_state.motion_or_brief,308,189,4,0,4,1,0
2006,historical_pre_2000,2.9.1,description,date_filed,family_multi_order,vacatur_reference,reference,sfsc.strict_judgment_end_state.motion_or_brief,90,63,4,0,4,4,0
2006,legacy_2000_2013,2.9.1,docketEntryComment,filedDate,criminal,unknown_end_state,reference,sfsc.strict_judgment_end_state.criminal_embedded_warrant_status,56,55,4,0,4,4,0
2006,legacy_2000_2013,2.9.1,description,date_filed,criminal,judgment_reference,reference,sfsc.strict_judgment_end_state.abstract_of_judgment,28,27,4,0,4,3,0
2006,historical_pre_2000,2.9.1,description,date_filed,probate,probate_property_order,operative,sfsc.strict_judgment_end_state.probate_property_granted_observed,14,14,4,0,4,1,0
2006,legacy_2000_2013,2.9.1,description,date_filed,probate,probate_order_reference,reference,sfsc.strict_judgment_end_state.probate_calendar_or_hearing,2610,1172,3,0,3,3,0
2006,legacy_2000_2013,2.9.1,description,date_filed,probate,probate_order_reference,reference,sfsc.strict_judgment_end_state.probate_distribution_receipt,1296,619,3,0,3,3,0
2006,legacy_2000_2013,2.9.1,description,date_filed,small_claims,appeal_reference,reference,sfsc.strict_judgment_end_state.administrative_record_remand,461,456,3,0,3,2,0
2006,legacy_2000_2013,2.9.1,description,date_filed,civil_general,take_nothing,operative,sfsc.strict_judgment_end_state.take_nothing_judgment,217,198,20,17,3,1,0
2006,legacy_2000_2013,2.9.1,description,date_filed,writ_or_mandate,satisfaction,operative,sfsc.strict_judgment_end_state.satisfaction_filed,177,172,3,0,3,3,0
2006,legacy_2000_2013,2.9.1,description,date_filed,criminal,criminal_plea,operative,sfsc.strict_judgment_end_state.criminal_concatenated_guilty_or_no_contest_plea,163,161,3,0,3,3,0
2006,legacy_2000_2013,2.9.1,description,date_filed,small_claims,satisfaction_reference,reference,sfsc.strict_judgment_end_state.unresolved_end_state_mention,137,110,3,0,3,2,0
2006,legacy_2000_2013,2.9.1,docketEntryComment,filedDate,criminal,unknown_end_state,reference,sfsc.strict_judgment_end_state.criminal_plea_advisement_or_not_guilty_procedure,135,135,3,0,3,3,0
2006,historical_pre_2000,2.9.1,description,date_filed,civil_general,probate_order_reference,reference,sfsc.strict_judgment_end_state.probate_procedural_filing,130,27,3,0,3,1,0
2006,legacy_2000_2013,2.9.1,description,date_filed,criminal,judgment_reference,reference,sfsc.strict_judgment_end_state.unresolved_end_state_mention,74,56,3,0,3,3,0
2006,legacy_2000_2013,2.9.1,description,date_filed,criminal,criminal_diversion_terminated,operative,sfsc.strict_judgment_end_state.criminal_diversion_terminated,73,72,3,0,3,3,0
2006,legacy_2000_2013,2.9.1,description,date_filed,criminal,criminal_sentence_modification,operative,sfsc.strict_judgment_end_state.criminal_sentence_deemed_served,73,71,3,0,3,3,0
2006,historical_pre_2000,2.9.1,description,date_filed,small_claims,renewal_reference,reference,sfsc.strict_judgment_end_state.unresolved_end_state_mention,19,16,3,0,3,0,0
2006,historical_pre_2000,2.9.1,description,date_filed,criminal,criminal_plea,operative,sfsc.strict_judgment_end_state.criminal_guilty_or_no_contest_plea,7,7,3,0,3,1,0
2006,legacy_2000_2013,2.9.1,description,date_filed,family_multi_order,vacatur_reference,reference,sfsc.strict_judgment_end_state.proposed_disposition,6,6,3,0,3,3,0
2006,historical_pre_2000,2.9.1,description,date_filed,writ_or_mandate,judgment_reference,reference,sfsc.strict_judgment_end_state.unresolved_end_state_mention,5,4,3,0,3,0,0
2006,legacy_2000_2013,2.9.1,description,date_filed,civil_general,verdict_recorded,operative,sfsc.strict_judgment_end_state.observed_jury_verdict_for_party,5,5,3,0,3,3,0
2006,historical_pre_2000,2.9.1,description,date_filed,family_multi_order,family_support_order,operative,sfsc.strict_judgment_end_state.family_support_order,1099,622,2,0,2,2,0
2006,legacy_2000_2013,2.9.1,description,date_filed,probate,probate_order_reference,reference,sfsc.strict_judgment_end_state.probate_appointment_petition,961,330,2,0,2,1,0
2006,historical_pre_2000,2.9.1,description,date_filed,family_multi_order,family_order_reference,reference,sfsc.strict_judgment_end_state.family_support_modification_hearing_notice,590,404,2,0,2,2,0
2006,legacy_2000_2013,2.9.1,description,date_filed,civil_general,appeal_reference,reference,sfsc.strict_judgment_end_state.notice_of_appeal,570,267,2,0,2,1,0
2006,legacy_2000_2013,2.9.1,description,date_filed,criminal,criminal_sentence_modification,operative,sfsc.strict_judgment_end_state.criminal_probation_terminated_or_expired,558,551,2,0,2,0,0
2006,legacy_2000_2013,2.9.1,description,date_filed,probate,settlement_reference,reference,sfsc.strict_judgment_end_state.unresolved_end_state_mention,355,183,2,0,2,2,0
2006,legacy_2000_2013,2.9.1,description,date_filed,small_claims,appeal_reference,reference,sfsc.strict_judgment_end_state.notice_of_appeal,275,256,2,0,2,1,0
2006,unknown_period,2.9.1,description,date_filed,criminal,unknown_end_state,reference,sfsc.strict_judgment_end_state.criminal_plea_advisement_or_not_guilty_procedure,178,167,2,0,2,2,0
2006,legacy_2000_2013,2.9.1,description,date_filed,unlawful_detainer,judgment,operative,sfsc.strict_judgment_end_state.judgment_entered,172,160,2,0,2,0,0
2006,legacy_2000_2013,2.9.1,description,date_filed,criminal,criminal_sentence_modification,operative,sfsc.strict_judgment_end_state.criminal_sentence_modification,169,161,2,0,2,1,0
2006,legacy_2000_2013,2.9.1,description,date_filed,small_claims,dismissal_reference,reference,sfsc.strict_judgment_end_state.unresolved_end_state_mention,153,143,2,0,2,1,0
2006,legacy_2000_2013,2.9.1,description,date_filed,civil_general,settlement_reference,reference,sfsc.strict_judgment_end_state.motion_or_brief,134,86,2,0,2,1,0
2006,legacy_2000_2013,2.9.1,description,date_filed,criminal,dismissal_reference,reference,sfsc.strict_judgment_end_state.unresolved_end_state_mention,123,109,2,0,2,2,0
2006,legacy_2000_2013,2.9.1,description,date_filed,writ_or_mandate,judgment_reference,reference,sfsc.strict_judgment_end_state.proposed_disposition,90,68,2,0,2,1,0
2006,legacy_2000_2013,2.9.1,description,date_filed,probate,probate_trust_order,operative,sfsc.strict_judgment_end_state.probate_trust_granted_observed,90,89,2,0,2,0,0
2006,unknown_period,2.9.1,description,date_filed,criminal,criminal_plea,operative,sfsc.strict_judgment_end_state.criminal_guilty_or_no_contest_plea,85,84,2,0,2,1,0
2006,legacy_2000_2013,2.9.1,description,date_filed,writ_or_mandate,probate_order_reference,reference,sfsc.strict_judgment_end_state.probate_procedural_filing,81,43,2,0,2,0,0
2006,legacy_2000_2013,2.9.1,description,date_filed,family_multi_order,probate_order_reference,reference,sfsc.strict_judgment_end_state.probate_procedural_filing,79,65,2,0,2,2,0
2006,legacy_2000_2013,2.9.1,description,date_filed,civil_general,judgment_reference,reference,sfsc.strict_judgment_end_state.audited_motion_or_brief_wrapper,72,53,2,0,2,0,0
2006,legacy_2000_2013,2.9.1,description,date_filed,small_claims,dismissal,operative,sfsc.strict_judgment_end_state.recorded_case_or_matter_dismissal,70,69,5,3,2,1,0
2006,legacy_2000_2013,2.9.1,description,date_filed,writ_or_mandate,judgment_reference,reference,sfsc.strict_judgment_end_state.audited_stipulation_seeking_judgment,53,50,2,0,2,2,0
2006,legacy_2000_2013,2.9.1,description,date_filed,small_claims,judgment_reference,reference,sfsc.strict_judgment_end_state.motion_or_brief,49,36,2,0,2,2,0
2006,legacy_2000_2013,2.9.1,description,date_filed,small_claims,dismissal,operative,sfsc.strict_judgment_end_state.direct_case_dismissed,41,38,5,3,2,2,0
2006,legacy_2000_2013,2.9.1,description,date_filed,small_claims,dismissal_reference,reference,sfsc.strict_judgment_end_state.criminal_dismissal_motion_or_setting,37,13,2,0,2,0,0
2006,unknown_period,2.9.1,description,date_filed,criminal,unknown_end_state,reference,sfsc.strict_judgment_end_state.criminal_embedded_warrant_status,22,18,2,0,2,2,0
2006,legacy_2000_2013,2.9.1,description,date_filed,criminal,criminal_sentence,operative,sfsc.strict_judgment_end_state.criminal_sentence_direct_shorthand,13,12,2,0,2,0,0
2006,unknown_period,2.9.1,description,date_filed,criminal,criminal_sentence,operative,sfsc.strict_judgment_end_state.criminal_sentence_minute_order,12,11,2,0,2,2,0
2006,historical_pre_2000,2.9.1,description,date_filed,family_multi_order,probate_order_reference,reference,sfsc.strict_judgment_end_state.probate_procedural_filing,10,10,2,0,2,2,0
2006,legacy_2000_2013,2.9.1,description,date_filed,probate,probate_fiduciary_change_order,operative,sfsc.strict_judgment_end_state.probate_fiduciary_change_granted_observed,10,10,2,0,2,0,0
2006,legacy_2000_2013,2.9.1,docketEntryComment,filedDate,criminal,criminal_sentence,operative,sfsc.strict_judgment_end_state.criminal_sentence_direct_shorthand,5,5,2,0,2,0,0
2006,legacy_2000_2013,2.9.1,description,date_filed,small_claims,judgment_reference,reference,sfsc.strict_judgment_end_state.proposed_disposition,5,5,2,0,2,1,0
2006,historical_pre_2000,2.9.1,description,date_filed,probate,probate_will_admission_order,operative,sfsc.strict_judgment_end_state.probate_will_relief_granted_observed,4,4,2,0,2,1,0
2006,historical_pre_2000,2.9.1,description,date_filed,criminal,criminal_sentence,operative,sfsc.strict_judgment_end_state.criminal_ajw_sentence_shorthand,3,3,2,0,2,1,0
2006,historical_pre_2000,2.9.1,description,date_filed,small_claims,satisfaction,operative,sfsc.strict_judgment_end_state.observed_execution_returned_satisfied,2,2,2,0,2,2,0
2006,legacy_2000_2013,2.9.1,docketEntryComment,filedDate,criminal,judgment_reference,reference,sfsc.strict_judgment_end_state.abstract_of_judgment,2,2,2,0,2,2,0
2006,historical_pre_2000,2.9.1,description,date_filed,unlawful_detainer,judgment_reference,reference,sfsc.strict_judgment_end_state.audited_judgment_cost_bill,2,1,2,0,2,0,0
2006,historical_pre_2000,2.9.1,description,date_filed,small_claims,judgment_reference,reference,sfsc.strict_judgment_end_state.audited_judgment_cost_bill,2,2,2,0,2,0,0
2006,legacy_2000_2013,2.9.1,description,date_filed,civil_general,dismissal,operative,sfsc.strict_judgment_end_state.dismissal_entered,20005,7619,2,1,1,0,0
2006,legacy_2000_2013,2.9.1,description,date_filed,civil_general,dismissal_reference,reference,sfsc.strict_judgment_end_state.unresolved_end_state_mention,7452,5248,1,0,1,1,0
2006,legacy_2000_2013,2.9.1,description,date_filed,unlawful_detainer,settlement_reference,reference,sfsc.strict_judgment_end_state.unresolved_end_state_mention,3055,1066,1,0,1,0,0
2006,legacy_2000_2013,2.9.1,description,date_filed,civil_general,judgment_reference,reference,sfsc.strict_judgment_end_state.abstract_of_judgment,2816,2331,2,1,1,1,0
2006,legacy_2000_2013,2.9.1,description,date_filed,civil_general,dismissal,operative,sfsc.strict_judgment_end_state.observed_entire_action_dismissal_filed,1737,1694,1,0,1,1,0
2006,legacy_2000_2013,2.9.1,description,date_filed,family_multi_order,family_support_order,operative,sfsc.strict_judgment_end_state.family_support_order,979,643,1,0,1,1,0
2006,legacy_2000_2013,2.9.1,description,date_filed,civil_general,summary_judgment,operative,sfsc.strict_judgment_end_state.summary_judgment_granted,833,326,5,4,1,1,0
2006,legacy_2000_2013,2.9.1,description,date_filed,civil_general,judgment_reference,reference,sfsc.strict_judgment_end_state.notice_of_entry,637,573,25,24,1,0,0
2006,legacy_2000_2013,2.9.1,description,date_filed,writ_or_mandate,writ_reference,reference,sfsc.strict_judgment_end_state.unresolved_end_state_mention,510,121,1,0,1,1,0
2006,legacy_2000_2013,2.9.1,description,date_filed,family_multi_order,family_order_reference,reference,sfsc.strict_judgment_end_state.family_support_modification_hearing_notice,473,329,1,0,1,1,0
2006,historical_pre_2000,2.9.1,description,date_filed,civil_general,judgment_reference,reference,sfsc.strict_judgment_end_state.proposed_disposition,287,16,1,0,1,0,0
2006,legacy_2000_2013,2.9.1,description,date_filed,unlawful_detainer,judgment_reference,reference,sfsc.strict_judgment_end_state.motion_or_brief,275,73,1,0,1,0,0
2006,historical_pre_2000,2.9.1,description,date_filed,civil_general,renewal_reference,reference,sfsc.strict_judgment_end_state.application_for_stipulated_judgment,257,235,1,0,1,0,0
2006,legacy_2000_2013,2.9.1,description,date_filed,criminal,unknown_end_state,reference,sfsc.strict_judgment_end_state.probation_motion_or_future_setting,185,141,1,0,1,1,0
2006,legacy_2000_2013,2.9.1,description,date_filed,small_claims,dismissal,operative,sfsc.strict_judgment_end_state.dismissal_entered,161,144,2,1,1,1,0
2006,legacy_2000_2013,2.9.1,docketEntryComment,filedDate,criminal,criminal_plea,operative,sfsc.strict_judgment_end_state.criminal_guilty_or_no_contest_plea,144,142,1,0,1,0,0
2006,legacy_2000_2013,2.9.1,description,date_filed,unlawful_detainer,judgment_reference,reference,sfsc.strict_judgment_end_state.certificate_or_declaration,139,118,1,0,1,1,0
2006,legacy_2000_2013,2.9.1,description,date_filed,civil_general,dismissal_reference,reference,sfsc.strict_judgment_end_state.dismissal_set_aside,119,49,1,0,1,0,0
2006,legacy_2000_2013,2.9.1,description,date_filed,probate,judgment_reference,reference,sfsc.strict_judgment_end_state.unresolved_end_state_mention,118,58,1,0,1,0,0
2006,historical_pre_2000,2.9.1,description,date_filed,civil_general,settlement_reference,reference,sfsc.strict_judgment_end_state.unresolved_end_state_mention,99,23,1,0,1,0,0
2006,unknown_period,2.9.1,description,date_filed,criminal,unknown_end_state,reference,sfsc.strict_judgment_end_state.criminal_diversion_progress_calendar,91,22,1,0,1,0,0
2006,legacy_2000_2013,2.9.1,description,date_filed,writ_or_mandate,judgment_reference,reference,sfsc.strict_judgment_end_state.certificate_or_declaration,52,51,1,0,1,0,0
2006,legacy_2000_2013,2.9.1,description,date_filed,civil_general,appeal_reference,reference,sfsc.strict_judgment_end_state.unresolved_end_state_mention,51,41,1,0,1,1,0
2006,historical_pre_2000,2.9.1,description,date_filed,probate,settlement_reference,reference,sfsc.strict_judgment_end_state.unresolved_end_state_mention,48,17,1,0,1,1,0
2006,legacy_2000_2013,2.9.1,docketEntryComment,filedDate,criminal,unknown_end_state,reference,sfsc.strict_judgment_end_state.criminal_calendar_or_transfer_setting,48,45,1,0,1,1,0
2006,legacy_2000_2013,2.9.1,description,date_filed,writ_or_mandate,dismissal,operative,sfsc.strict_judgment_end_state.dismissal_entered,47,39,1,0,1,1,0
2006,legacy_2000_2013,2.9.1,description,date_filed,criminal,unknown_end_state,reference,sfsc.strict_judgment_end_state.criminal_diversion_or_program_procedure,42,28,1,0,1,1,0
2006,legacy_2000_2013,2.9.1,description,date_filed,civil_general,renewal_reference,reference,sfsc.strict_judgment_end_state.motion_or_brief,37,8,1,0,1,1,0
2006,legacy_2000_2013,2.9.1,description,date_filed,unlawful_detainer,judgment_reference,reference,sfsc.strict_judgment_end_state.proposed_disposition,35,31,1,0,1,0,0
2006,legacy_2000_2013,2.9.1,description,date_filed,unlawful_detainer,writ_reference,reference,sfsc.strict_judgment_end_state.application_for_stipulated_judgment,34,33,1,0,1,1,0
2006,historical_pre_2000,2.9.1,description,date_filed,criminal,criminal_sentence_modification,operative,sfsc.strict_judgment_end_state.criminal_probation_terminated_or_expired,32,31,1,0,1,0,0
2006,legacy_2000_2013,2.9.1,description,date_filed,probate,probate_settlement_order,operative,sfsc.strict_judgment_end_state.probate_settlement_granted_observed,31,30,1,0,1,1,0
2006,legacy_2000_2013,2.9.1,description,date_filed,criminal,criminal_verdict,operative,sfsc.strict_judgment_end_state.criminal_guilty_or_not_guilty_verdict,30,29,1,0,1,1,0
2006,legacy_2000_2013,2.9.1,description,date_filed,probate,probate_termination_order,operative,sfsc.strict_judgment_end_state.probate_termination_granted_observed,28,27,1,0,1,0,0
2006,legacy_2000_2013,2.9.1,description,date_filed,probate,judgment_reference,reference,sfsc.strict_judgment_end_state.motion_or_brief,28,8,1,0,1,1,0
2006,legacy_2000_2013,2.9.1,docketEntryComment,filedDate,criminal,criminal_plea,operative,sfsc.strict_judgment_end_state.criminal_concatenated_guilty_or_no_contest_plea,26,26,1,0,1,1,0
2006,legacy_2000_2013,2.9.1,description,date_filed,small_claims,judgment_reference,reference,sfsc.strict_judgment_end_state.hearing_setting,21,20,1,0,1,0,0
2006,legacy_2000_2013,2.9.1,docketEntryComment,filedDate,criminal,dismissal,operative,sfsc.strict_judgment_end_state.criminal_pc1385_portal_dismissal,20,20,1,0,1,1,0
2006,historical_pre_2000,2.9.1,description,date_filed,probate,judgment_reference,reference,sfsc.strict_judgment_end_state.unresolved_end_state_mention,19,9,1,0,1,0,0
2006,legacy_2000_2013,2.9.1,docketEntryComment,filedDate,criminal,criminal_sentence_modification,operative,sfsc.strict_judgment_end_state.criminal_sentence_deemed_served,18,18,1,0,1,1,0
2006,legacy_2000_2013,2.9.1,description,date_filed,unlawful_detainer,settlement_reference,reference,sfsc.strict_judgment_end_state.motion_or_brief,17,6,1,0,1,1,0
2006,legacy_2000_2013,2.9.1,description,date_filed,criminal,dismissal,operative,sfsc.strict_judgment_end_state.criminal_observed_dismissal_result,16,16,1,0,1,1,0
2006,historical_pre_2000,2.9.1,description,date_filed,civil_general,probate_order_reference,reference,sfsc.strict_judgment_end_state.case_model_mismatch,14,8,1,0,1,1,0
2006,legacy_2000_2013,2.9.1,description,date_filed,unlawful_detainer,vacatur_reference,reference,sfsc.strict_judgment_end_state.unresolved_end_state_mention,14,13,1,0,1,0,0
2006,legacy_2000_2013,2.9.1,description,date_filed,small_claims,satisfaction_reference,reference,sfsc.strict_judgment_end_state.request_to_enter_judgment,14,12,1,0,1,1,0
2006,unknown_period,2.9.1,docketEntryComment,filedDate,criminal,criminal_plea,operative,sfsc.strict_judgment_end_state.criminal_guilty_or_no_contest_plea,12,11,1,0,1,1,0
2006,legacy_2000_2013,2.9.1,description,date_filed,unlawful_detainer,judgment_reference,reference,sfsc.strict_judgment_end_state.notice_of_order_or_ruling,12,12,1,0,1,0,0
2006,legacy_2000_2013,2.9.1,docketEntryComment,filedDate,criminal,dismissal_reference,reference,sfsc.strict_judgment_end_state.unresolved_end_state_mention,11,10,1,0,1,1,0
2006,legacy_2000_2013,2.9.1,description,date_filed,criminal,criminal_verdict,operative,sfsc.strict_judgment_end_state.criminal_court_declared_mistrial,10,10,1,0,1,1,0
2006,legacy_2000_2013,2.9.1,docketEntryComment,filedDate,criminal,judgment_reference,reference,sfsc.strict_judgment_end_state.unresolved_end_state_mention,10,10,1,0,1,1,0
2006,historical_pre_2000,2.9.1,description,date_filed,probate,probate_administration_order,operative,sfsc.strict_judgment_end_state.probate_administration_granted_observed,10,10,1,0,1,0,0
2006,legacy_2000_2013,2.9.1,description,date_filed,small_claims,settlement,operative,sfsc.strict_judgment_end_state.case_reported_settled,10,10,1,0,1,1,0
2006,unknown_period,2.9.1,docketEntryComment,filedDate,criminal,unknown_end_state,reference,sfsc.strict_judgment_end_state.criminal_plea_advisement_or_not_guilty_procedure,9,9,1,0,1,1,0
2006,legacy_2000_2013,2.9.1,description,date_filed,probate,probate_reimbursement_order,operative,sfsc.strict_judgment_end_state.probate_reimbursement_granted_observed,9,9,1,0,1,0,0
2006,historical_pre_2000,2.9.1,description,date_filed,family_multi_order,judgment_reference,reference,sfsc.strict_judgment_end_state.unresolved_end_state_mention,9,9,1,0,1,1,0
2006,legacy_2000_2013,2.9.1,description,date_filed,small_claims,appeal_reference,reference,sfsc.strict_judgment_end_state.motion_or_brief,8,6,1,0,1,1,0
2006,historical_pre_2000,2.9.1,description,date_filed,family_multi_order,writ_reference,reference,sfsc.strict_judgment_end_state.unresolved_end_state_mention,8,6,1,0,1,1,0
2006,legacy_2000_2013,2.9.1,description,date_filed,probate,probate_medical_authority_order,operative,sfsc.strict_judgment_end_state.probate_medical_authority_granted_observed,8,8,1,0,1,0,0
2006,historical_pre_2000,2.9.1,description,date_filed,criminal,unknown_end_state,reference,sfsc.strict_judgment_end_state.criminal_calendar_or_transfer_setting,7,5,1,0,1,1,0
2006,legacy_2000_2013,2.9.1,description,date_filed,criminal,criminal_sentence,operative,sfsc.strict_judgment_end_state.recorded_direct_criminal_sentence,7,7,1,0,1,1,0
2006,historical_pre_2000,2.9.1,description,date_filed,writ_or_mandate,judgment_reference,reference,sfsc.strict_judgment_end_state.motion_or_brief,7,3,1,0,1,1,0
2006,legacy_2000_2013,2.9.1,description,date_filed,probate,vacatur,operative,sfsc.strict_judgment_end_state.probate_order_vacated_observed,6,5,1,0,1,1,0
2006,legacy_2000_2013,2.9.1,description,date_filed,civil_general,prejudgment_writ_of_possession,operative,sfsc.strict_judgment_end_state.observed_prejudgment_writ_of_possession_granted,6,5,1,0,1,0,0
2006,historical_pre_2000,2.9.1,description,date_filed,family_multi_order,family_settlement_order,operative,sfsc.strict_judgment_end_state.family_settlement_granted_contextual,6,6,1,0,1,1,0
2006,unknown_period,2.9.1,docketEntryComment,filedDate,criminal,criminal_sentence,operative,sfsc.strict_judgment_end_state.criminal_ajw_sentence_shorthand,5,5,1,0,1,0,0
2006,legacy_2000_2013,2.9.1,docketEntryComment,filedDate,criminal,dismissal,operative,sfsc.strict_judgment_end_state.criminal_observed_dismissal_result,5,5,1,0,1,1,0
2006,legacy_2000_2013,2.9.1,description,date_filed,criminal,criminal_sentence,operative,sfsc.strict_judgment_end_state.criminal_sentence_imposed,4,3,1,0,1,0,0
2006,legacy_2000_2013,2.9.1,description,date_filed,small_claims,amended_judgment,superseding,sfsc.strict_judgment_end_state.amended_judgment_entered,4,4,1,0,1,1,0
2006,legacy_2000_2013,2.9.1,description,date_filed,writ_or_mandate,satisfaction_reference,reference,sfsc.strict_judgment_end_state.unresolved_end_state_mention,4,4,1,0,1,1,0
2006,historical_pre_2000,2.9.1,description,date_filed,civil_general,judgment_reference,reference,sfsc.strict_judgment_end_state.hearing_setting,4,4,1,0,1,1,0
2006,legacy_2000_2013,2.9.1,description,date_filed,small_claims,dismissal_reference,reference,sfsc.strict_judgment_end_state.conditional_future_case_dismissal,4,4,1,0,1,1,0
2006,historical_pre_2000,2.9.1,description,date_filed,probate,writ_reference,reference,sfsc.strict_judgment_end_state.unresolved_end_state_mention,3,2,1,0,1,1,0
2006,historical_pre_2000,2.9.1,description,date_filed,civil_general,settlement_reference,reference,sfsc.strict_judgment_end_state.hearing_setting,3,2,1,0,1,1,0
2006,legacy_2000_2013,2.9.1,docketEntryComment,filedDate,criminal,criminal_sentence,operative,sfsc.strict_judgment_end_state.recorded_direct_criminal_sentence,3,3,1,0,1,1,0
2006,legacy_2000_2013,2.9.1,description,date_filed,civil_general,appeal_reference,reference,sfsc.strict_judgment_end_state.proposed_disposition,3,3,1,0,1,0,0
2006,legacy_2000_2013,2.9.1,description,date_filed,civil_general,appeal_reversed,operative,sfsc.strict_judgment_end_state.appeal_reversed,2,2,1,0,1,1,0
2006,legacy_2000_2013,2.9.1,description,date_filed,civil_general,writ_reference,reference,sfsc.strict_judgment_end_state.certificate_or_declaration,2,2,1,0,1,0,0
2006,legacy_2000_2013,2.9.1,description,date_filed,small_claims,appeal_reversed,operative,sfsc.strict_judgment_end_state.observed_case_remanded_to_small_claims,2,2,1,0,1,0,0
2006,legacy_2000_2013,2.9.1,docketEntryComment,filedDate,criminal,criminal_sentence,operative,sfsc.strict_judgment_end_state.criminal_sentence_imposed,2,2,1,0,1,0,0
2006,legacy_2000_2013,2.9.1,description,date_filed,small_claims,judgment_reference,reference,sfsc.strict_judgment_end_state.objection_or_response,2,2,1,0,1,1,0
2006,legacy_2000_2013,2.9.1,description,date_filed,family_multi_order,family_order_reference,reference,sfsc.strict_judgment_end_state.family_procedural_filing,15435,7821,0,0,0,0,0
2006,historical_pre_2000,2.9.1,description,date_filed,family_multi_order,family_order_reference,reference,sfsc.strict_judgment_end_state.family_procedural_filing,5416,1653,0,0,0,0,0
2006,legacy_2000_2013,2.9.1,description,date_filed,civil_general,dismissal,operative,sfsc.strict_judgment_end_state.observed_whole_case_dismissal,4613,4460,0,0,0,0,0
2006,legacy_2000_2013,2.9.1,description,date_filed,family_multi_order,family_order_reference,reference,sfsc.strict_judgment_end_state.family_judgment_workflow,4010,2542,0,0,0,0,0
2006,legacy_2000_2013,2.9.1,description,date_filed,civil_general,judgment_reference,reference,sfsc.strict_judgment_end_state.proof_of_service,3895,1201,0,0,0,0,0
2006,legacy_2000_2013,2.9.1,description,date_filed,criminal,unknown_end_state,reference,sfsc.strict_judgment_end_state.criminal_warrant_or_bond_status,3770,2463,0,0,0,0,0
2006,legacy_2000_2013,2.9.1,description,date_filed,civil_general,monetary_judgment,operative,sfsc.strict_judgment_end_state.explicit_total_judgment,3723,3708,3723,3723,0,16,0
2006,legacy_2000_2013,2.9.1,description,date_filed,civil_general,dismissal,operative,sfsc.strict_judgment_end_state.calendar_removed_dismissal_filed,3704,3494,0,0,0,0,0
2006,legacy_2000_2013,2.9.1,description,date_filed,small_claims,judgment_reference,reference,sfsc.strict_judgment_end_state.notice_of_entry,2918,2752,0,0,0,0,0
2006,legacy_2000_2013,2.9.1,description,date_filed,family_multi_order,judgment_reference,reference,sfsc.strict_judgment_end_state.notice_of_entry,2732,2671,0,0,0,0,0
2006,legacy_2000_2013,2.9.1,description,date_filed,family_multi_order,family_judgment,operative,sfsc.strict_judgment_end_state.family_marital_judgment_caption,2151,2146,0,0,0,0,0
2006,legacy_2000_2013,2.9.1,description,date_filed,small_claims,monetary_judgment,operative,sfsc.strict_judgment_end_state.explicit_total_judgment,2008,1931,2008,2008,0,101,0
2006,legacy_2000_2013,2.9.1,description,date_filed,civil_general,settlement,operative,sfsc.strict_judgment_end_state.settlement_notice,1914,1536,0,0,0,0,0
2006,legacy_2000_2013,2.9.1,description,date_filed,probate,probate_letters_order,operative,sfsc.strict_judgment_end_state.probate_letters_order,1216,898,0,0,0,0,0
2006,legacy_2000_2013,2.9.1,description,date_filed,family_multi_order,parental_obligations_judgment,operative,sfsc.strict_judgment_end_state.parental_obligations_judgment_caption,1182,1169,0,0,0,0,0
2006,legacy_2000_2013,2.9.1,description,date_filed,civil_general,dismissal_reference,reference,sfsc.strict_judgment_end_state.hearing_setting,1169,1144,0,0,0,0,0
2006,legacy_2000_2013,2.9.1,description,date_filed,family_domestic_violence,family_order_reference,reference,sfsc.strict_judgment_end_state.family_dv_calendar_nonresult,1107,661,0,0,0,0,0
2006,legacy_2000_2013,2.9.1,description,date_filed,unlawful_detainer,judgment,operative,sfsc.strict_judgment_end_state.operative_adjudged_formula,1049,1047,0,0,0,0,0
2006,legacy_2000_2013,2.9.1,description,date_filed,family_multi_order,dismissal_reference,reference,sfsc.strict_judgment_end_state.unresolved_end_state_mention,1025,605,0,0,0,0,0
2006,legacy_2000_2013,2.9.1,description,date_filed,unlawful_detainer,settlement,operative,sfsc.strict_judgment_end_state.case_reported_settled,1000,565,0,0,0,0,0
2006,legacy_2000_2013,2.9.1,description,date_filed,civil_general,dismissal,operative,sfsc.strict_judgment_end_state.direct_case_dismissed,974,899,0,0,0,0,0
2006,legacy_2000_2013,2.9.1,description,date_filed,probate,probate_order_reference,reference,sfsc.strict_judgment_end_state.unresolved_end_state_mention,796,343,0,0,0,0,0
2006,legacy_2000_2013,2.9.1,description,date_filed,civil_general,name_change_decree,operative,sfsc.strict_judgment_end_state.legacy_name_change_result,766,722,0,0,0,0,0
2006,legacy_2000_2013,2.9.1,description,date_filed,civil_general,judgment_reference,reference,sfsc.strict_judgment_end_state.summary_judgment_procedural_order_context,763,369,0,0,0,0,0
2006,legacy_2000_2013,2.9.1,description,date_filed,small_claims,satisfaction,operative,sfsc.strict_judgment_end_state.satisfaction_filed,761,710,6,6,0,0,0
2006,legacy_2000_2013,2.9.1,description,date_filed,civil_general,dismissal_reference,reference,sfsc.strict_judgment_end_state.criminal_dismissal_motion_or_setting,712,151,0,0,0,0,0
2006,legacy_2000_2013,2.9.1,description,date_filed,family_multi_order,family_order_reference,reference,sfsc.strict_judgment_end_state.family_bare_initiating_pleading,703,694,0,0,0,0,0
2006,legacy_2000_2013,2.9.1,description,date_filed,family_multi_order,judgment_reference,reference,sfsc.strict_judgment_end_state.unresolved_end_state_mention,696,670,0,0,0,0,0
2006,historical_pre_2000,2.9.1,description,date_filed,probate,probate_order_reference,reference,sfsc.strict_judgment_end_state.probate_calendar_or_hearing,694,277,0,0,0,0,0
2006,legacy_2000_2013,2.9.1,description,date_filed,family_multi_order,judgment_reference,reference,sfsc.strict_judgment_end_state.certificate_or_declaration,629,620,0,0,0,0,0
2006,legacy_2000_2013,2.9.1,description,date_filed,family_multi_order,dismissal,operative,sfsc.strict_judgment_end_state.observed_whole_case_dismissal,627,627,0,0,0,0,0
2006,legacy_2000_2013,2.9.1,description,date_filed,civil_general,judgment_reference,rejected,sfsc.strict_judgment_end_state.default_judgment_rejected,610,512,0,0,0,0,0
2006,legacy_2000_2013,2.9.1,description,date_filed,writ_or_mandate,writ_reference,reference,sfsc.strict_judgment_end_state.writ_filing_reference,608,162,0,0,0,0,0
2006,legacy_2000_2013,2.9.1,description,date_filed,family_multi_order,settlement_reference,reference,sfsc.strict_judgment_end_state.unresolved_end_state_mention,557,251,0,0,0,0,0
2006,historical_pre_2000,2.9.1,description,date_filed,probate,probate_order_reference,reference,sfsc.strict_judgment_end_state.probate_procedural_filing,556,295,0,0,0,0,0
2006,legacy_2000_2013,2.9.1,description,date_filed,civil_general,judgment_reference,reference,sfsc.strict_judgment_end_state.application_for_stipulated_judgment,519,362,0,0,0,0,0
2006,legacy_2000_2013,2.9.1,description,date_filed,civil_general,name_change_decree,operative,sfsc.strict_judgment_end_state.name_change_decree_entered,513,510,0,0,0,0,0
2006,legacy_2000_2013,2.9.1,description,date_filed,criminal,unknown_end_state,reference,sfsc.strict_judgment_end_state.criminal_probation_motion_report_or_calendar,511,316,0,0,0,0,0
2006,legacy_2000_2013,2.9.1,description,date_filed,small_claims,dismissal,operative,sfsc.strict_judgment_end_state.calendar_removed_dismissal_filed,440,439,0,0,0,0,0
2006,legacy_2000_2013,2.9.1,description,date_filed,probate,probate_distribution_order,operative,sfsc.strict_judgment_end_state.probate_final_distribution_with_account,404,401,0,0,0,0,0
2006,legacy_2000_2013,2.9.1,description,date_filed,probate,probate_account_order,operative,sfsc.strict_judgment_end_state.probate_account_with_final_distribution,404,401,0,0,0,0,0
2006,legacy_2000_2013,2.9.1,description,date_filed,family_multi_order,family_order_reference,reference,sfsc.strict_judgment_end_state.family_custody_modification_hearing_notice,386,224,0,0,0,0,0
2006,legacy_2000_2013,2.9.1,description,date_filed,unlawful_detainer,dismissal,operative,sfsc.strict_judgment_end_state.observed_whole_case_dismissal,379,374,0,0,0,0,0
2006,legacy_2000_2013,2.9.1,description,date_filed,writ_or_mandate,monetary_judgment,operative,sfsc.strict_judgment_end_state.explicit_total_judgment,370,370,370,370,0,1,0
2006,legacy_2000_2013,2.9.1,description,date_filed,probate,probate_will_admission_order,operative,sfsc.strict_judgment_end_state.probate_will_admitted,340,337,0,0,0,0,0
2006,legacy_2000_2013,2.9.1,description,date_filed,unlawful_detainer,judgment_reference,reference,sfsc.strict_judgment_end_state.application_for_stipulated_judgment,337,204,0,0,0,0,0
2006,legacy_2000_2013,2.9.1,description,date_filed,criminal,criminal_sentence_modification,operative,sfsc.strict_judgment_end_state.criminal_probation_revoked,337,291,0,0,0,0,0
2006,legacy_2000_2013,2.9.1,description,date_filed,family_multi_order,family_order_reference,reference,sfsc.strict_judgment_end_state.family_contextual_collateral_written_order_grant,336,287,0,0,0,0,0
2006,legacy_2000_2013,2.9.1,description,date_filed,family_multi_order,family_order_reference,reference,sfsc.strict_judgment_end_state.family_dv_calendar_nonresult,327,185,0,0,0,0,0
2006,legacy_2000_2013,2.9.1,description,date_filed,criminal,dismissal,operative,sfsc.strict_judgment_end_state.criminal_mo138572_companion_case_dismissal,314,314,0,0,0,0,0
2006,legacy_2000_2013,2.9.1,description,date_filed,criminal,unknown_end_state,reference,sfsc.strict_judgment_end_state.criminal_arraignment_plea_or_disposition_calendar,306,258,0,0,0,0,0
2006,legacy_2000_2013,2.9.1,description,date_filed,civil_general,dismissal_reference,reference,sfsc.strict_judgment_end_state.motion_or_brief,301,207,0,0,0,0,0
2006,legacy_2000_2013,2.9.1,description,date_filed,unlawful_detainer,judgment_reference,reference,sfsc.strict_judgment_end_state.audited_stipulation_seeking_judgment,294,269,0,0,0,0,0
2006,historical_pre_2000,2.9.1,description,date_filed,family_multi_order,family_support_modification,operative,sfsc.strict_judgment_end_state.family_support_modification,292,290,0,0,0,0,0
2006,legacy_2000_2013,2.9.1,description,date_filed,civil_general,judgment_reference,reference,sfsc.strict_judgment_end_state.name_change_decree_outside_name_change_case,277,264,0,0,0,0,0
2006,legacy_2000_2013,2.9.1,description,date_filed,family_multi_order,family_support_order,operative,sfsc.strict_judgment_end_state.family_support_granted_contextual,277,276,0,0,0,0,0
2006,historical_pre_2000,2.9.1,description,date_filed,civil_general,dismissal,operative,sfsc.strict_judgment_end_state.dismissal_entered,275,197,0,0,0,0,0
2006,legacy_2000_2013,2.9.1,description,date_filed,criminal,unknown_end_state,reference,sfsc.strict_judgment_end_state.criminal_transfer_for_future_disposition,273,231,0,0,0,0,0
2006,legacy_2000_2013,2.9.1,description,date_filed,civil_general,summary_adjudication,operative,sfsc.strict_judgment_end_state.summary_adjudication_granted,267,135,0,0,0,0,0
2006,historical_pre_2000,2.9.1,description,date_filed,civil_general,renewal,operative,sfsc.strict_judgment_end_state.ccp_683_110_renewal,239,238,239,239,0,0,0
2006,legacy_2000_2013,2.9.1,description,date_filed,family_multi_order,family_support_modification,operative,sfsc.strict_judgment_end_state.family_support_modification,223,221,0,0,0,0,0
2006,historical_pre_2000,2.9.1,description,date_filed,civil_general,renewal_reference,reference,sfsc.strict_judgment_end_state.renewal_notice,223,216,0,0,0,0,0
2006,legacy_2000_2013,2.9.1,description,date_filed,family_multi_order,judgment_reference,reference,sfsc.strict_judgment_end_state.proposed_disposition,220,203,0,0,0,0,0
2006,legacy_2000_2013,2.9.1,description,date_filed,family_domestic_violence,family_restraining_order,operative,sfsc.strict_judgment_end_state.family_dv_restraining_order_granted,209,202,0,0,0,0,0
2006,legacy_2000_2013,2.9.1,description,date_filed,unlawful_detainer,dismissal,operative,sfsc.strict_judgment_end_state.dismissal_entered,205,200,0,0,0,0,0
2006,legacy_2000_2013,2.9.1,description,date_filed,family_domestic_violence,family_order_reference,reference,sfsc.strict_judgment_end_state.family_procedural_filing,203,133,0,0,0,0,0
2006,legacy_2000_2013,2.9.1,description,date_filed,civil_general,name_change_decree,operative,sfsc.strict_judgment_end_state.observed_name_change_order_decree,191,190,0,0,0,0,0
2006,legacy_2000_2013,2.9.1,description,date_filed,civil_general,judgment_reference,reference,sfsc.strict_judgment_end_state.audited_judgment_support_paper,190,110,0,0,0,0,0
2006,legacy_2000_2013,2.9.1,description,date_filed,civil_general,dismissal_reference,reference,sfsc.strict_judgment_end_state.dismissal_request_only,189,167,0,0,0,0,0
2006,legacy_2000_2013,2.9.1,description,date_filed,unlawful_detainer,judgment_reference,rejected,sfsc.strict_judgment_end_state.default_judgment_rejected,189,164,0,0,0,0,0
2006,historical_pre_2000,2.9.1,description,date_filed,family_multi_order,family_order_reference,reference,sfsc.strict_judgment_end_state.family_custody_modification_hearing_notice,185,91,0,0,0,0,0
2006,legacy_2000_2013,2.9.1,description,date_filed,civil_general,judgment_reference,reference,sfsc.strict_judgment_end_state.audited_stipulation_seeking_judgment,183,148,0,0,0,0,0
2006,historical_pre_2000,2.9.1,description,date_filed,civil_general,judgment_reference,reference,sfsc.strict_judgment_end_state.abstract_of_judgment,183,163,0,0,0,0,0
2006,legacy_2000_2013,2.9.1,description,date_filed,family_multi_order,family_custody_modification,operative,sfsc.strict_judgment_end_state.family_custody_modification,180,153,0,0,0,0,0
2006,legacy_2000_2013,2.9.1,description,date_filed,family_multi_order,family_custody_order,operative,sfsc.strict_judgment_end_state.family_custody_order,173,154,0,0,0,0,0
2006,legacy_2000_2013,2.9.1,description,date_filed,writ_or_mandate,judgment_reference,reference,sfsc.strict_judgment_end_state.abstract_of_judgment,169,113,0,0,0,0,0
2006,legacy_2000_2013,2.9.1,description,date_filed,civil_general,dismissal,operative,sfsc.strict_judgment_end_state.recorded_case_or_matter_dismissal,166,130,0,0,0,0,0
2006,legacy_2000_2013,2.9.1,description,date_filed,family_domestic_violence,family_restraining_order,operative,sfsc.strict_judgment_end_state.family_restraining_order_granted_contextual,164,156,0,0,0,0,0
2006,legacy_2000_2013,2.9.1,description,date_filed,unlawful_detainer,vacatur_reference,reference,sfsc.strict_judgment_end_state.motion_or_brief,157,49,0,0,0,0,0
2006,historical_pre_2000,2.9.1,description,date_filed,civil_general,satisfaction,operative,sfsc.strict_judgment_end_state.satisfaction_filed,155,151,0,0,0,0,0
2006,legacy_2000_2013,2.9.1,description,date_filed,small_claims,judgment_reference,reference,sfsc.strict_judgment_end_state.abstract_of_judgment,153,146,0,0,0,0,0
2006,legacy_2000_2013,2.9.1,description,date_filed,probate,probate_distribution_order,operative,sfsc.strict_judgment_end_state.probate_final_distribution_order,153,152,0,0,0,0,0
2006,historical_pre_2000,2.9.1,description,date_filed,civil_general,writ_reference,reference,sfsc.strict_judgment_end_state.renewal_notice,145,145,0,0,0,0,0
2006,historical_pre_2000,2.9.1,description,date_filed,probate,probate_order_reference,reference,sfsc.strict_judgment_end_state.probate_distribution_receipt,141,78,0,0,0,0,0
2006,legacy_2000_2013,2.9.1,description,date_filed,probate,probate_account_order,operative,sfsc.strict_judgment_end_state.probate_account_order,140,130,0,0,0,0,0
2006,legacy_2000_2013,2.9.1,description,date_filed,unlawful_detainer,judgment_reference,reference,sfsc.strict_judgment_end_state.notice_of_entry,140,133,1,1,0,1,0
2006,legacy_2000_2013,2.9.1,description,date_filed,small_claims,appeal_reference,reference,sfsc.strict_judgment_end_state.hearing_setting,134,134,0,0,0,0,0
2006,legacy_2000_2013,2.9.1,description,date_filed,civil_general,vacatur,operative,sfsc.strict_judgment_end_state.vacatur_entered,133,102,5,5,0,0,0
2006,legacy_2000_2013,2.9.1,description,date_filed,small_claims,vacatur,operative,sfsc.strict_judgment_end_state.vacatur_entered,133,126,4,4,0,0,0
2006,historical_pre_2000,2.9.1,description,date_filed,family_multi_order,family_order_reference,reference,sfsc.strict_judgment_end_state.motion_or_brief,132,72,0,0,0,0,0
2006,unknown_period,2.9.1,description,date_filed,criminal,unknown_end_state,reference,sfsc.strict_judgment_end_state.criminal_warrant_or_bond_status,131,87,0,0,0,0,0
2006,legacy_2000_2013,2.9.1,description,date_filed,civil_general,dismissal_reference,reference,sfsc.strict_judgment_end_state.proof_of_service,129,126,0,0,0,0,0
2006,legacy_2000_2013,2.9.1,description,date_filed,family_multi_order,family_order_reference,reference,sfsc.strict_judgment_end_state.family_settlement_conference_scheduling,127,121,0,0,0,0,0
2006,legacy_2000_2013,2.9.1,description,date_filed,unlawful_detainer,dismissal_reference,reference,sfsc.strict_judgment_end_state.unresolved_end_state_mention,126,115,0,0,0,0,0
2006,legacy_2000_2013,2.9.1,description,date_filed,probate,probate_termination_order,operative,sfsc.strict_judgment_end_state.probate_termination_caption,119,117,0,0,0,0,0
2006,legacy_2000_2013,2.9.1,description,date_filed,appellate_review,appeal_reference,reference,sfsc.strict_judgment_end_state.notice_of_appeal,112,112,0,0,0,0,0
2006,legacy_2000_2013,2.9.1,description,date_filed,appellate_review,appeal_reference,reference,sfsc.strict_judgment_end_state.bare_remittitur,111,110,0,0,0,0,0
2006,legacy_2000_2013,2.9.1,description,date_filed,appellate_review,writ_reference,reference,sfsc.strict_judgment_end_state.unresolved_end_state_mention,108,39,0,0,0,0,0
2006,legacy_2000_2013,2.9.1,description,date_filed,small_claims,judgment_reference,reference,sfsc.strict_judgment_end_state.dismissal_document_returned_by_mail,107,93,0,0,0,0,0
2006,legacy_2000_2013,2.9.1,description,date_filed,family_multi_order,dismissal,operative,sfsc.strict_judgment_end_state.dismissal_entered,105,105,0,0,0,0,0
2006,legacy_2000_2013,2.9.1,description,date_filed,family_multi_order,family_fee_cost_order,operative,sfsc.strict_judgment_end_state.family_fee_cost_granted_contextual,95,86,0,0,0,0,0
2006,legacy_2000_2013,2.9.1,description,date_filed,writ_or_mandate,judgment_reference,reference,sfsc.strict_judgment_end_state.notice_of_entry,94,81,0,0,0,0,0
2006,historical_pre_2000,2.9.1,description,date_filed,family_domestic_violence,family_order_reference,reference,sfsc.strict_judgment_end_state.family_procedural_filing,93,29,0,0,0,0,0
2006,legacy_2000_2013,2.9.1,description,date_filed,civil_general,judgment_reference,reference,sfsc.strict_judgment_end_state.notice_of_order_or_ruling,91,80,0,0,0,0,0
2006,legacy_2000_2013,2.9.1,description,date_filed,criminal,unknown_end_state,reference,sfsc.strict_judgment_end_state.criminal_probation_remains_revoked,90,82,0,0,0,0,0
2006,legacy_2000_2013,2.9.1,description,date_filed,family_multi_order,vacatur_reference,reference,sfsc.strict_judgment_end_state.motion_or_brief,90,62,0,0,0,0,0
2006,legacy_2000_2013,2.9.1,description,date_filed,family_multi_order,judgment_reference,reference,sfsc.strict_judgment_end_state.motion_or_brief,89,54,0,0,0,0,0
2006,legacy_2000_2013,2.9.1,description,date_filed,civil_general,appeal_affirmed,operative,sfsc.strict_judgment_end_state.observed_remittitur_affirmed,89,83,0,0,0,0,0
2006,legacy_2000_2013,2.9.1,docketEntryComment,filedDate,criminal,criminal_sentence_modification,operative,sfsc.strict_judgment_end_state.criminal_probation_terminated_or_expired,87,86,0,0,0,0,0
2006,legacy_2000_2013,2.9.1,description,date_filed,family_domestic_violence,family_order_reference,reference,sfsc.strict_judgment_end_state.family_custody_modification_hearing_notice,87,60,0,0,0,0,0
2006,legacy_2000_2013,2.9.1,description,date_filed,civil_general,appeal_dismissed,operative,sfsc.strict_judgment_end_state.observed_remittitur_dismissed,86,76,0,0,0,0,0
2006,legacy_2000_2013,2.9.1,description,date_filed,civil_general,settlement_reference,reference,sfsc.strict_judgment_end_state.proposed_disposition,86,69,0,0,0,0,0
2006,legacy_2000_2013,2.9.1,description,date_filed,unlawful_detainer,vacatur,operative,sfsc.strict_judgment_end_state.vacatur_entered,84,66,1,1,0,1,0
2006,legacy_2000_2013,2.9.1,description,date_filed,probate,family_order_reference,reference,sfsc.strict_judgment_end_state.family_procedural_filing,80,69,0,0,0,0,0
2006,legacy_2000_2013,2.9.1,description,date_filed,criminal,dismissal_reference,reference,sfsc.strict_judgment_end_state.criminal_dismissal_motion_or_setting,80,61,0,0,0,0,0
2006,legacy_2000_2013,2.9.1,description,date_filed,criminal,dismissal,operative,sfsc.strict_judgment_end_state.criminal_express_motion_to_dismiss_granted,78,78,0,0,0,0,0
2006,legacy_2000_2013,2.9.1,description,date_filed,writ_or_mandate,settlement_reference,reference,sfsc.strict_judgment_end_state.unresolved_end_state_mention,76,20,0,0,0,0,0
2006,legacy_2000_2013,2.9.1,description,date_filed,civil_general,vacatur_reference,reference,sfsc.strict_judgment_end_state.proof_of_service,75,59,0,0,0,0,0
2006,legacy_2000_2013,2.9.1,description,date_filed,unlawful_detainer,monetary_judgment,operative,sfsc.strict_judgment_end_state.explicit_total_judgment,74,74,74,74,0,37,0
2006,legacy_2000_2013,2.9.1,description,date_filed,probate,probate_spousal_property_order,operative,sfsc.strict_judgment_end_state.probate_spousal_property_granted_observed,73,71,0,0,0,0,0
2006,historical_pre_2000,2.9.1,description,date_filed,family_multi_order,family_order_reference,reference,sfsc.strict_judgment_end_state.family_contextual_collateral_written_order_grant,72,61,0,0,0,0,0
2006,legacy_2000_2013,2.9.1,description,date_filed,writ_or_mandate,appeal_reference,reference,sfsc.strict_judgment_end_state.notice_of_appeal,72,38,0,0,0,0,0
2006,legacy_2000_2013,2.9.1,description,date_filed,criminal,dismissal,operative,sfsc.strict_judgment_end_state.criminal_court_orders_cause_dismissed,71,71,0,0,0,0,0
2006,legacy_2000_2013,2.9.1,description,date_filed,probate,probate_order_reference,reference,sfsc.strict_judgment_end_state.probate_termination_continued,70,28,0,0,0,0,0
2006,legacy_2000_2013,2.9.1,description,date_filed,appellate_review,appeal_reference,reference,sfsc.strict_judgment_end_state.hearing_setting,70,68,0,0,0,0,0
2006,legacy_2000_2013,2.9.1,description,date_filed,family_multi_order,family_reserved_issues_judgment,operative,sfsc.strict_judgment_end_state.family_reserved_issues_judgment,69,67,0,0,0,0,0
2006,legacy_2000_2013,2.9.1,description,date_filed,unlawful_detainer,judgment_reference,reference,sfsc.strict_judgment_end_state.proof_of_service,69,54,0,0,0,0,0
2006,legacy_2000_2013,2.9.1,description,date_filed,family_multi_order,family_restraining_order,operative,sfsc.strict_judgment_end_state.family_restraining_order_granted_contextual,68,64,0,0,0,0,0
2006,legacy_2000_2013,2.9.1,description,date_filed,family_multi_order,parental_obligations_judgment,superseding,sfsc.strict_judgment_end_state.parental_obligations_judgment_caption,67,67,0,0,0,0,0
2006,legacy_2000_2013,2.9.1,description,date_filed,civil_general,judgment_reference,reference,sfsc.strict_judgment_end_state.objection_or_response,67,41,0,0,0,0,0
2006,legacy_2000_2013,2.9.1,description,date_filed,appellate_review,unknown_end_state,reference,sfsc.strict_judgment_end_state.criminal_unresolved_caption_or_date,66,66,0,0,0,0,0
2006,legacy_2000_2013,2.9.1,description,date_filed,probate,satisfaction_reference,reference,sfsc.strict_judgment_end_state.unresolved_end_state_mention,65,46,0,0,0,0,0
2006,historical_pre_2000,2.9.1,description,date_filed,criminal,unknown_end_state,reference,sfsc.strict_judgment_end_state.criminal_warrant_or_bond_status,65,63,0,0,0,0,0
2006,legacy_2000_2013,2.9.1,description,date_filed,appellate_review,dismissal_reference,reference,sfsc.strict_judgment_end_state.criminal_dismissal_motion_or_setting,64,19,0,0,0,0,0
2006,legacy_2000_2013,2.9.1,description,date_filed,writ_or_mandate,writ_denied,operative,sfsc.strict_judgment_end_state.writ_denied,64,46,0,0,0,0,0
2006,legacy_2000_2013,2.9.1,description,date_filed,family_multi_order,family_restraining_order,operative,sfsc.strict_judgment_end_state.family_dv_restraining_order_granted,63,59,0,0,0,0,0
2006,legacy_2000_2013,2.9.1,description,date_filed,small_claims,appeal_reference,reference,sfsc.strict_judgment_end_state.unresolved_end_state_mention,63,62,0,0,0,0,0
2006,legacy_2000_2013,2.9.1,description,date_filed,writ_or_mandate,judgment_reference,reference,sfsc.strict_judgment_end_state.proof_of_service,61,51,0,0,0,0,0
2006,legacy_2000_2013,2.9.1,description,date_filed,criminal,appeal_reference,reference,sfsc.strict_judgment_end_state.notice_of_appeal,61,59,0,0,0,0,0
2006,legacy_2000_2013,2.9.1,description,date_filed,civil_general,dismissal,operative,sfsc.strict_judgment_end_state.court_dismissal_order_caption,59,48,0,0,0,0,0
2006,legacy_2000_2013,2.9.1,description,date_filed,family_domestic_violence,family_restraining_order_denied,operative,sfsc.strict_judgment_end_state.family_dv_restraining_order_denied,58,54,0,0,0,0,0
2006,legacy_2000_2013,2.9.1,description,date_filed,civil_general,dismissal_reference,reference,sfsc.strict_judgment_end_state.proposed_disposition,58,45,0,0,0,0,0
2006,legacy_2000_2013,2.9.1,description,date_filed,small_claims,appeal_dismissed,operative,sfsc.strict_judgment_end_state.appeal_dismissed,58,54,0,0,0,0,0
2006,legacy_2000_2013,2.9.1,description,date_filed,appellate_review,appeal_affirmed,operative,sfsc.strict_judgment_end_state.appellate_affirmed_legacy,58,58,0,0,0,0,0
2006,historical_pre_2000,2.9.1,description,date_filed,probate,probate_account_order,operative,sfsc.strict_judgment_end_state.probate_account_order,58,54,0,0,0,0,0
2006,legacy_2000_2013,2.9.1,description,date_filed,writ_or_mandate,dismissal,operative,sfsc.strict_judgment_end_state.observed_whole_case_dismissal,57,56,0,0,0,0,0
2006,legacy_2000_2013,2.9.1,description,date_filed,civil_general,vacatur_reference,reference,sfsc.strict_judgment_end_state.default_only_set_aside_order,57,54,0,0,0,0,0
2006,historical_pre_2000,2.9.1,description,date_filed,family_multi_order,family_order_reference,reference,sfsc.strict_judgment_end_state.family_judgment_workflow,56,43,0,0,0,0,0
2006,legacy_2000_2013,2.9.1,description,date_filed,criminal,unknown_end_state,reference,sfsc.strict_judgment_end_state.criminal_transcript_or_form_caption,56,56,0,0,0,0,0
2006,legacy_2000_2013,2.9.1,description,date_filed,family_multi_order,judgment_reference,reference,sfsc.strict_judgment_end_state.application_for_stipulated_judgment,56,56,0,0,0,0,0
2006,legacy_2000_2013,2.9.1,description,date_filed,civil_general,judgment,operative,sfsc.strict_judgment_end_state.recorded_calendar_judgment_filed,55,51,0,0,0,0,0
2006,legacy_2000_2013,2.9.1,description,date_filed,civil_general,probate_order_reference,reference,sfsc.strict_judgment_end_state.case_model_mismatch,54,40,0,0,0,0,0
2006,legacy_2000_2013,2.9.1,description,date_filed,unlawful_detainer,settlement,operative,sfsc.strict_judgment_end_state.settlement_notice,54,40,0,0,0,0,0
2006,legacy_2000_2013,2.9.1,description,date_filed,civil_general,vacatur_reference,reference,sfsc.strict_judgment_end_state.vacatur_motion_hearing_set,53,50,0,0,0,0,0
2006,unknown_period,2.9.1,description,date_filed,criminal,unknown_end_state,reference,sfsc.strict_judgment_end_state.criminal_calendar_or_transfer_setting,52,33,0,0,0,0,0
2006,legacy_2000_2013,2.9.1,description,date_filed,civil_general,appeal_dismissed,operative,sfsc.strict_judgment_end_state.observed_appeal_dismissal_broad_order_forms,51,46,0,0,0,0,0
2006,legacy_2000_2013,2.9.1,description,date_filed,unlawful_detainer,vacatur_reference,reference,sfsc.strict_judgment_end_state.application_for_stipulated_judgment,50,42,0,0,0,0,0
2006,historical_pre_2000,2.9.1,description,date_filed,probate,probate_termination_order,operative,sfsc.strict_judgment_end_state.probate_termination_caption,50,50,0,0,0,0,0
2006,legacy_2000_2013,2.9.1,description,date_filed,criminal,dismissal,operative,sfsc.strict_judgment_end_state.criminal_dismissal_after_guilty_plea_set_aside,50,50,0,0,0,0,0
2006,legacy_2000_2013,2.9.1,description,date_filed,criminal,vacatur,operative,sfsc.strict_judgment_end_state.criminal_guilty_plea_set_aside_before_dismissal,50,50,0,0,0,0,0
2006,legacy_2000_2013,2.9.1,description,date_filed,criminal,dismissal,operative,sfsc.strict_judgment_end_state.criminal_motion_to_dismiss_granted,49,49,0,0,0,0,0
2006,historical_pre_2000,2.9.1,description,date_filed,family_multi_order,family_custody_order,operative,sfsc.strict_judgment_end_state.family_custody_order,49,43,0,0,0,0,0
2006,legacy_2000_2013,2.9.1,description,date_filed,writ_or_mandate,judgment_reference,reference,sfsc.strict_judgment_end_state.application_for_stipulated_judgment,48,42,0,0,0,0,0
2006,historical_pre_2000,2.9.1,description,date_filed,probate,probate_order_reference,reference,sfsc.strict_judgment_end_state.probate_termination_continued,48,25,0,0,0,0,0
2006,historical_pre_2000,2.9.1,description,date_filed,family_multi_order,settlement_reference,reference,sfsc.strict_judgment_end_state.unresolved_end_state_mention,47,25,0,0,0,0,0
2006,legacy_2000_2013,2.9.1,description,date_filed,unlawful_detainer,satisfaction,operative,sfsc.strict_judgment_end_state.satisfaction_filed,47,43,0,0,0,0,0
2006,legacy_2000_2013,2.9.1,description,date_filed,unlawful_detainer,summary_judgment,operative,sfsc.strict_judgment_end_state.summary_judgment_granted,47,26,0,0,0,0,0
2006,legacy_2000_2013,2.9.1,description,date_filed,unlawful_detainer,settlement_reference,reference,sfsc.strict_judgment_end_state.application_for_stipulated_judgment,47,40,0,0,0,0,0
2006,historical_pre_2000,2.9.1,description,date_filed,family_multi_order,dismissal_reference,reference,sfsc.strict_judgment_end_state.unresolved_end_state_mention,47,30,0,0,0,0,0
2006,legacy_2000_2013,2.9.1,description,date_filed,criminal,appeal_affirmed,operative,sfsc.strict_judgment_end_state.criminal_appellate_judgment_result,46,46,0,0,0,0,0
2006,legacy_2000_2013,2.9.1,docketEntryComment,filedDate,criminal,criminal_sentence_modification,operative,sfsc.strict_judgment_end_state.criminal_probation_revoked,46,34,0,0,0,0,0
2006,legacy_2000_2013,2.9.1,description,date_filed,civil_general,settlement_reference,reference,sfsc.strict_judgment_end_state.proof_of_service,46,36,0,0,0,0,0
2006,legacy_2000_2013,2.9.1,description,date_filed,civil_general,summary_judgment,operative,sfsc.strict_judgment_end_state.observed_summary_judgment_with_alternative_adjudication,45,33,0,0,0,0,0
2006,legacy_2000_2013,2.9.1,description,date_filed,unlawful_detainer,judgment_reference,reference,sfsc.strict_judgment_end_state.abstract_of_judgment,45,31,0,0,0,0,0
2006,legacy_2000_2013,2.9.1,description,date_filed,civil_general,writ_reference,reference,sfsc.strict_judgment_end_state.case_model_mismatch,45,42,0,0,0,0,0
2006,historical_pre_2000,2.9.1,description,date_filed,civil_general,dismissal_reference,reference,sfsc.strict_judgment_end_state.criminal_dismissal_motion_or_setting,45,10,0,0,0,0,0
2006,legacy_2000_2013,2.9.1,docketEntryComment,filedDate,criminal,dismissal,operative,sfsc.strict_judgment_end_state.criminal_express_motion_to_dismiss_granted,45,45,0,0,0,0,0
2006,legacy_2000_2013,2.9.1,description,date_filed,appellate_review,appeal_reference,reference,sfsc.strict_judgment_end_state.appeal_reference,45,38,0,0,0,0,0
2006,legacy_2000_2013,2.9.1,description,date_filed,small_claims,renewal_reference,reference,sfsc.strict_judgment_end_state.unresolved_end_state_mention,44,34,0,0,0,0,0
2006,historical_pre_2000,2.9.1,description,date_filed,civil_general,dismissal_reference,reference,sfsc.strict_judgment_end_state.unresolved_end_state_mention,44,27,0,0,0,0,0
2006,legacy_2000_2013,2.9.1,description,date_filed,criminal,settlement_reference,reference,sfsc.strict_judgment_end_state.unresolved_end_state_mention,43,42,0,0,0,0,0
2006,legacy_2000_2013,2.9.1,description,date_filed,unlawful_detainer,amended_judgment,superseding,sfsc.strict_judgment_end_state.observed_amended_or_revised_judgment,43,41,40,40,0,24,0
2006,historical_pre_2000,2.9.1,description,date_filed,probate,probate_letters_order,operative,sfsc.strict_judgment_end_state.probate_letters_order,43,34,0,0,0,0,0
2006,historical_pre_2000,2.9.1,description,date_filed,family_multi_order,family_order_reference,reference,sfsc.strict_judgment_end_state.family_dv_calendar_nonresult,42,21,0,0,0,0,0
2006,legacy_2000_2013,2.9.1,description,date_filed,family_multi_order,vacatur,operative,sfsc.strict_judgment_end_state.family_vacatur_granted_contextual,42,42,0,0,0,0,0
2006,historical_pre_2000,2.9.1,description,date_filed,family_multi_order,family_custody_modification,operative,sfsc.strict_judgment_end_state.family_custody_modification,42,40,0,0,0,0,0
2006,historical_pre_2000,2.9.1,description,date_filed,civil_general,judgment_reference,reference,sfsc.strict_judgment_end_state.motion_or_brief,40,17,0,0,0,0,0
2006,legacy_2000_2013,2.9.1,description,date_filed,unlawful_detainer,vacatur_reference,reference,sfsc.strict_judgment_end_state.proof_of_service,40,31,0,0,0,0,0
2006,legacy_2000_2013,2.9.1,description,date_filed,family_multi_order,family_judgment,operative,sfsc.strict_judgment_end_state.family_observed_multi_effect_family_judgment,38,38,0,0,0,0,0
2006,legacy_2000_2013,2.9.1,description,date_filed,probate,probate_instructions_order,operative,sfsc.strict_judgment_end_state.probate_instructions_granted_observed,37,36,0,0,0,0,0
2006,historical_pre_2000,2.9.1,description,date_filed,civil_general,appeal_reference,reference,sfsc.strict_judgment_end_state.notice_of_appeal,37,11,0,0,0,0,0
2006,historical_pre_2000,2.9.1,description,date_filed,family_multi_order,dismissal,operative,sfsc.strict_judgment_end_state.dismissal_entered,37,36,0,0,0,0,0
2006,historical_pre_2000,2.9.1,description,date_filed,civil_general,vacatur_reference,reference,sfsc.strict_judgment_end_state.motion_or_brief,36,8,0,0,0,0,0
2006,historical_pre_2000,2.9.1,description,date_filed,family_multi_order,parental_obligations_judgment,superseding,sfsc.strict_judgment_end_state.parental_obligations_judgment_caption,36,36,0,0,0,0,0
2006,historical_pre_2000,2.9.1,description,date_filed,family_multi_order,judgment_reference,reference,sfsc.strict_judgment_end_state.notice_of_entry,35,34,0,0,0,0,0
2006,legacy_2000_2013,2.9.1,description,date_filed,criminal,dismissal,operative,sfsc.strict_judgment_end_state.recorded_case_or_matter_dismissal,35,35,0,0,0,0,0
2006,legacy_2000_2013,2.9.1,description,date_filed,family_multi_order,family_property_order,operative,sfsc.strict_judgment_end_state.family_property_relief_granted_contextual,35,30,0,0,0,0,0
2006,legacy_2000_2013,2.9.1,description,date_filed,unlawful_detainer,appeal_reference,reference,sfsc.strict_judgment_end_state.notice_of_appeal,34,16,0,0,0,0,0
2006,legacy_2000_2013,2.9.1,description,date_filed,family_multi_order,writ_reference,reference,sfsc.strict_judgment_end_state.unresolved_end_state_mention,33,9,0,0,0,0,0
2006,legacy_2000_2013,2.9.1,description,date_filed,criminal,writ_reference,reference,sfsc.strict_judgment_end_state.unresolved_end_state_mention,33,12,0,0,0,0,0
2006,historical_pre_2000,2.9.1,description,date_filed,family_domestic_violence,family_order_reference,reference,sfsc.strict_judgment_end_state.family_custody_modification_hearing_notice,33,14,0,0,0,0,0
2006,historical_pre_2000,2.9.1,description,date_filed,family_multi_order,vacatur,operative,sfsc.strict_judgment_end_state.family_vacatur_granted_contextual,32,32,0,0,0,0,0
2006,legacy_2000_2013,2.9.1,description,date_filed,writ_or_mandate,dismissal_reference,reference,sfsc.strict_judgment_end_state.unresolved_end_state_mention,32,25,0,0,0,0,0
2006,legacy_2000_2013,2.9.1,description,date_filed,family_multi_order,family_custody_order,operative,sfsc.strict_judgment_end_state.family_child_decision_order_granted_contextual,32,31,0,0,0,0,0
2006,historical_pre_2000,2.9.1,description,date_filed,writ_or_mandate,probate_order_reference,reference,sfsc.strict_judgment_end_state.probate_procedural_filing,31,7,0,0,0,0,0
2006,historical_pre_2000,2.9.1,description,date_filed,probate,probate_distribution_order,operative,sfsc.strict_judgment_end_state.probate_distribution_granted_observed,31,29,0,0,0,0,0
2006,legacy_2000_2013,2.9.1,description,date_filed,probate,dismissal_reference,reference,sfsc.strict_judgment_end_state.unresolved_end_state_mention,31,11,0,0,0,0,0
2006,legacy_2000_2013,2.9.1,description,date_filed,civil_general,judgment_reference,reference,sfsc.strict_judgment_end_state.audited_judgment_assignment,31,25,0,0,0,0,0
2006,legacy_2000_2013,2.9.1,description,date_filed,civil_general,judgment_reference,reference,sfsc.strict_judgment_end_state.audited_judgment_fee_or_copy_entry,30,28,0,0,0,0,0
2006,legacy_2000_2013,2.9.1,docketEntryComment,filedDate,criminal,criminal_sentence_modification,operative,sfsc.strict_judgment_end_state.criminal_sentence_modification,29,28,0,0,0,0,0
2006,historical_pre_2000,2.9.1,description,date_filed,family_multi_order,renewal_reference,reference,sfsc.strict_judgment_end_state.motion_or_brief,29,25,0,0,0,0,0
2006,legacy_2000_2013,2.9.1,description,date_filed,civil_general,judgment_reference,reference,sfsc.strict_judgment_end_state.request_or_application,29,19,0,0,0,0,0
2006,legacy_2000_2013,2.9.1,description,date_filed,family_domestic_violence,family_order_reference,reference,sfsc.strict_judgment_end_state.family_contextual_collateral_written_order_grant,29,28,0,0,0,0,0
2006,legacy_2000_2013,2.9.1,description,date_filed,family_multi_order,judgment,operative,sfsc.strict_judgment_end_state.judgment_entered,28,28,0,0,0,0,0
2006,legacy_2000_2013,2.9.1,description,date_filed,family_domestic_violence,family_custody_order,operative,sfsc.strict_judgment_end_state.family_custody_order,28,27,0,0,0,0,0
2006,legacy_2000_2013,2.9.1,description,date_filed,writ_or_mandate,judgment_reference,reference,sfsc.strict_judgment_end_state.audited_party_filed_summary_judgment_pleading,28,28,0,0,0,0,0
2006,legacy_2000_2013,2.9.1,description,date_filed,family_multi_order,vacatur,operative,sfsc.strict_judgment_end_state.vacatur_entered,27,23,0,0,0,0,0
2006,historical_pre_2000,2.9.1,description,date_filed,probate,probate_termination_order,operative,sfsc.strict_judgment_end_state.probate_termination_granted_observed,27,26,0,0,0,0,0
2006,legacy_2000_2013,2.9.1,description,date_filed,probate,dismissal_reference,reference,sfsc.strict_judgment_end_state.dismissal_request_only,27,21,0,0,0,0,0
2006,legacy_2000_2013,2.9.1,description,date_filed,unlawful_detainer,appeal_reference,reference,sfsc.strict_judgment_end_state.bare_remittitur,27,21,0,0,0,0,0
2006,legacy_2000_2013,2.9.1,docketEntryComment,filedDate,criminal,dismissal,operative,sfsc.strict_judgment_end_state.criminal_dismissal_after_guilty_plea_set_aside,27,27,0,0,0,0,0
2006,unknown_period,2.9.1,description,date_filed,criminal,dismissal,operative,sfsc.strict_judgment_end_state.criminal_pc1385_portal_dismissal,27,27,0,0,0,0,0
2006,legacy_2000_2013,2.9.1,description,date_filed,civil_general,dismissal,operative,sfsc.strict_judgment_end_state.recorded_settlement_conference_dismissal,27,27,0,0,0,0,0
2006,legacy_2000_2013,2.9.1,docketEntryComment,filedDate,criminal,vacatur,operative,sfsc.strict_judgment_end_state.criminal_guilty_plea_set_aside_before_dismissal,27,27,0,0,0,0,0
2006,legacy_2000_2013,2.9.1,description,date_filed,civil_general,appeal_reversed,operative,sfsc.strict_judgment_end_state.observed_remittitur_reversed,26,25,0,0,0,0,0
2006,legacy_2000_2013,2.9.1,description,date_filed,small_claims,dismissal_reference,reference,sfsc.strict_judgment_end_state.dismissal_request_only,26,25,0,0,0,0,0
2006,legacy_2000_2013,2.9.1,description,date_filed,civil_general,settlement,operative,sfsc.strict_judgment_end_state.conditional_settlement_notice,26,20,0,0,0,0,0
2006,historical_pre_2000,2.9.1,description,date_filed,family_multi_order,parental_obligations_judgment,operative,sfsc.strict_judgment_end_state.parental_obligations_judgment_caption,26,26,0,0,0,0,0
2006,legacy_2000_2013,2.9.1,description,date_filed,writ_or_mandate,judgment_reference,reference,sfsc.strict_judgment_end_state.audited_judgment_assignment,25,25,0,0,0,0,0
2006,legacy_2000_2013,2.9.1,description,date_filed,writ_or_mandate,vacatur_reference,reference,sfsc.strict_judgment_end_state.motion_or_brief,25,11,0,0,0,0,0
2006,legacy_2000_2013,2.9.1,description,date_filed,civil_general,unknown_end_state,reference,sfsc.strict_judgment_end_state.prejudgment_writ_of_possession_application,25,14,0,0,0,0,0
2006,historical_pre_2000,2.9.1,description,date_filed,family_domestic_violence,family_order_reference,reference,sfsc.strict_judgment_end_state.family_dv_calendar_nonresult,25,13,0,0,0,0,0
2006,legacy_2000_2013,2.9.1,description,date_filed,criminal,unknown_end_state,reference,sfsc.strict_judgment_end_state.criminal_release_or_bail_procedure,25,25,0,0,0,0,0
2006,legacy_2000_2013,2.9.1,description,date_filed,civil_general,vacatur_reference,reference,sfsc.strict_judgment_end_state.unresolved_end_state_mention,25,19,0,0,0,0,0
2006,historical_pre_2000,2.9.1,description,date_filed,probate,probate_order_reference,reference,sfsc.strict_judgment_end_state.unresolved_end_state_mention,23,8,0,0,0,0,0
2006,legacy_2000_2013,2.9.1,description,date_filed,family_domestic_violence,family_restraining_order,operative,sfsc.strict_judgment_end_state.family_restraining_order,23,15,0,0,0,0,0
2006,legacy_2000_2013,2.9.1,description,date_filed,writ_or_mandate,dismissal_reference,reference,sfsc.strict_judgment_end_state.criminal_dismissal_motion_or_setting,23,6,0,0,0,0,0
2006,legacy_2000_2013,2.9.1,description,date_filed,writ_or_mandate,writ_dismissed,operative,sfsc.strict_judgment_end_state.observed_writ_petition_dismissed,23,14,0,0,0,0,0
2006,historical_pre_2000,2.9.1,description,date_filed,family_multi_order,family_judgment,operative,sfsc.strict_judgment_end_state.family_marital_judgment_caption,23,23,0,0,0,0,0
2006,historical_pre_2000,2.9.1,description,date_filed,criminal,dismissal,operative,sfsc.strict_judgment_end_state.criminal_pc1385_portal_dismissal,22,22,0,0,0,0,0
2006,historical_pre_2000,2.9.1,description,date_filed,small_claims,satisfaction,operative,sfsc.strict_judgment_end_state.satisfaction_filed,22,22,0,0,0,0,0
2006,legacy_2000_2013,2.9.1,description,date_filed,family_multi_order,family_restraining_order_denied,operative,sfsc.strict_judgment_end_state.family_dv_restraining_order_denied,22,19,0,0,0,0,0
2006,legacy_2000_2013,2.9.1,description,date_filed,family_multi_order,family_judgment,operative,sfsc.strict_judgment_end_state.family_judgment_granted_contextual,22,22,0,0,0,0,0
2006,historical_pre_2000,2.9.1,description,date_filed,civil_general,renewal_reference,reference,sfsc.strict_judgment_end_state.motion_or_brief,22,4,0,0,0,0,0
2006,legacy_2000_2013,2.9.1,description,date_filed,family_multi_order,family_judgment,operative,sfsc.strict_judgment_end_state.family_judgment_written_order_tail,21,21,0,0,0,0,0
2006,legacy_2000_2013,2.9.1,description,date_filed,criminal,dismissal,operative,sfsc.strict_judgment_end_state.direct_case_dismissed,21,21,0,0,0,0,0
2006,legacy_2000_2013,2.9.1,description,date_filed,writ_or_mandate,writ_reference,reference,sfsc.strict_judgment_end_state.proposed_disposition,21,15,0,0,0,0,0
2006,legacy_2000_2013,2.9.1,description,date_filed,probate,appeal_reference,reference,sfsc.strict_judgment_end_state.notice_of_appeal,21,11,0,0,0,0,0
2006,legacy_2000_2013,2.9.1,description,date_filed,family_multi_order,family_judgment,operative,sfsc.strict_judgment_end_state.family_marital_status_granted_contextual,21,21,0,0,0,0,0
2006,legacy_2000_2013,2.9.1,description,date_filed,small_claims,monetary_judgment,operative,sfsc.strict_judgment_end_state.small_claim_entered_monetary_judgment,21,19,21,21,0,4,0
2006,legacy_2000_2013,2.9.1,description,date_filed,family_multi_order,family_custody_order,operative,sfsc.strict_judgment_end_state.family_review_custody_granted,21,21,0,0,0,0,0
2006,legacy_2000_2013,2.9.1,description,date_filed,small_claims,dismissal,operative,sfsc.strict_judgment_end_state.small_claim_party_dismissed_for_no_service,21,19,21,21,0,4,0
2006,legacy_2000_2013,2.9.1,description,date_filed,civil_general,family_order_reference,reference,sfsc.strict_judgment_end_state.family_procedural_filing,20,18,0,0,0,0,0
2006,historical_pre_2000,2.9.1,description,date_filed,family_multi_order,vacatur,operative,sfsc.strict_judgment_end_state.vacatur_entered,20,18,0,0,0,0,0
2006,historical_pre_2000,2.9.1,description,date_filed,civil_general,judgment_reference,reference,sfsc.strict_judgment_end_state.certificate_or_declaration,20,16,0,0,0,0,0
2006,legacy_2000_2013,2.9.1,description,date_filed,unlawful_detainer,dismissal,operative,sfsc.strict_judgment_end_state.direct_case_dismissed,20,20,0,0,0,0,0
2006,historical_pre_2000,2.9.1,description,date_filed,civil_general,judgment_reference,reference,sfsc.strict_judgment_end_state.audited_judgment_assignment,20,19,0,0,0,0,0
2006,legacy_2000_2013,2.9.1,description,date_filed,criminal,criminal_information_set_aside,operative,sfsc.strict_judgment_end_state.criminal_information_set_aside_granted,20,19,0,0,0,0,0
2006,historical_pre_2000,2.9.1,description,date_filed,probate,probate_order_reference,reference,sfsc.strict_judgment_end_state.probate_appointment_petition,20,7,0,0,0,0,0
2006,legacy_2000_2013,2.9.1,description,date_filed,family_domestic_violence,family_domestic_violence_dismissal,operative,sfsc.strict_judgment_end_state.family_restraining_order_dismissal_granted,20,20,0,0,0,0,0
2006,legacy_2000_2013,2.9.1,description,date_filed,unlawful_detainer,dismissal,operative,sfsc.strict_judgment_end_state.calendar_removed_dismissal_filed,20,15,0,0,0,0,0
2006,legacy_2000_2013,2.9.1,description,date_filed,civil_general,petition_ruling,operative,sfsc.strict_judgment_end_state.observed_dismissal_motion_denied,19,15,0,0,0,0,0
2006,historical_pre_2000,2.9.1,description,date_filed,family_multi_order,judgment_reference,reference,sfsc.strict_judgment_end_state.application_for_stipulated_judgment,19,18,0,0,0,0,0
2006,historical_pre_2000,2.9.1,description,date_filed,civil_general,dismissal,operative,sfsc.strict_judgment_end_state.direct_case_dismissed,18,16,0,0,0,0,0
2006,legacy_2000_2013,2.9.1,description,date_filed,criminal,dismissal_reference,reference,sfsc.strict_judgment_end_state.dismissal_verification_or_future_setting,18,14,0,0,0,0,0
2006,legacy_2000_2013,2.9.1,description,date_filed,civil_general,vacatur_reference,reference,sfsc.strict_judgment_end_state.application_for_stipulated_judgment,18,14,0,0,0,0,0
2006,legacy_2000_2013,2.9.1,description,date_filed,small_claims,vacatur_reference,reference,sfsc.strict_judgment_end_state.unresolved_end_state_mention,18,18,0,0,0,0,0
2006,historical_pre_2000,2.9.1,description,date_filed,family_multi_order,judgment_reference,reference,sfsc.strict_judgment_end_state.motion_or_brief,17,10,0,0,0,0,0
2006,legacy_2000_2013,2.9.1,description,date_filed,probate,petition_ruling,operative,sfsc.strict_judgment_end_state.probate_named_petition_denied_legacy,17,15,0,0,0,0,0
2006,historical_pre_2000,2.9.1,description,date_filed,civil_general,writ_reference,reference,sfsc.strict_judgment_end_state.unresolved_end_state_mention,17,13,0,0,0,0,0
2006,legacy_2000_2013,2.9.1,description,date_filed,civil_general,dismissal_reference,reference,sfsc.strict_judgment_end_state.dismissal_struck_or_voided,17,5,0,0,0,0,0
2006,legacy_2000_2013,2.9.1,description,date_filed,unlawful_detainer,vacatur_reference,reference,sfsc.strict_judgment_end_state.bare_judgment_set_aside_caption,17,17,0,0,0,0,0
2006,historical_pre_2000,2.9.1,description,date_filed,family_multi_order,judgment_reference,reference,sfsc.strict_judgment_end_state.certificate_or_declaration,16,16,0,0,0,0,0
2006,legacy_2000_2013,2.9.1,description,date_filed,civil_general,writ_reference,reference,sfsc.strict_judgment_end_state.motion_or_brief,16,7,0,0,0,0,0
2006,legacy_2000_2013,2.9.1,description,date_filed,civil_general,dismissal_reference,reference,sfsc.strict_judgment_end_state.notice_of_entry,16,14,0,0,0,0,0
2006,historical_pre_2000,2.9.1,description,date_filed,writ_or_mandate,judgment_reference,reference,sfsc.strict_judgment_end_state.audited_stipulation_seeking_judgment,16,14,0,0,0,0,0
2006,legacy_2000_2013,2.9.1,description,date_filed,family_domestic_violence,family_restraining_order,operative,sfsc.strict_judgment_end_state.family_restraining_order_legacy_granted,16,15,0,0,0,0,0
2006,legacy_2000_2013,2.9.1,description,date_filed,appellate_review,writ_reference,reference,sfsc.strict_judgment_end_state.case_model_mismatch,16,15,0,0,0,0,0
2006,legacy_2000_2013,2.9.1,description,date_filed,family_domestic_violence,family_custody_modification,operative,sfsc.strict_judgment_end_state.family_custody_modification,16,14,0,0,0,0,0
2006,legacy_2000_2013,2.9.1,description,date_filed,family_multi_order,family_custody_order,operative,sfsc.strict_judgment_end_state.family_custody_written_order_tail,16,16,0,0,0,0,0
2006,historical_pre_2000,2.9.1,description,date_filed,probate,probate_account_order,operative,sfsc.strict_judgment_end_state.probate_account_with_final_distribution,15,15,0,0,0,0,0
2006,legacy_2000_2013,2.9.1,description,date_filed,unlawful_detainer,judgment_reference,reference,sfsc.strict_judgment_end_state.name_change_decree_outside_name_change_case,15,8,0,0,0,0,0
2006,legacy_2000_2013,2.9.1,description,date_filed,family_multi_order,appeal_reference,reference,sfsc.strict_judgment_end_state.notice_of_appeal,15,6,0,0,0,0,0
2006,legacy_2000_2013,2.9.1,description,date_filed,writ_or_mandate,appeal_affirmed,operative,sfsc.strict_judgment_end_state.observed_remittitur_affirmed,15,15,0,0,0,0,0
2006,legacy_2000_2013,2.9.1,description,date_filed,criminal,criminal_protective_order_termination,operative,sfsc.strict_judgment_end_state.criminal_stay_away_or_protective_order_terminated,15,15,0,0,0,0,0
2006,unknown_period,2.9.1,description,date_filed,criminal,criminal_sentence_modification,operative,sfsc.strict_judgment_end_state.criminal_probation_terminated_or_expired,15,15,0,0,0,0,0
2006,legacy_2000_2013,2.9.1,description,date_filed,criminal,criminal_program_termination,operative,sfsc.strict_judgment_end_state.criminal_program_terminated_observed,15,15,0,0,0,0,0
2006,legacy_2000_2013,2.9.1,description,date_filed,writ_or_mandate,writ_reference,reference,sfsc.strict_judgment_end_state.motion_or_brief,15,4,0,0,0,0,0
2006,legacy_2000_2013,2.9.1,description,date_filed,probate,settlement,operative,sfsc.strict_judgment_end_state.case_reported_settled,15,11,0,0,0,0,0
2006,legacy_2000_2013,2.9.1,description,date_filed,probate,judgment_reference,reference,sfsc.strict_judgment_end_state.proposed_disposition,15,8,0,0,0,0,0
2006,legacy_2000_2013,2.9.1,description,date_filed,family_multi_order,family_judgment,superseding,sfsc.strict_judgment_end_state.family_amended_marital_judgment,15,15,0,0,0,0,0
2006,legacy_2000_2013,2.9.1,description,date_filed,writ_or_mandate,vacatur_reference,reference,sfsc.strict_judgment_end_state.proof_of_service,15,9,0,0,0,0,0
2006,historical_pre_2000,2.9.1,description,date_filed,probate,probate_distribution_order,operative,sfsc.strict_judgment_end_state.probate_final_distribution_with_account,15,15,0,0,0,0,0
2006,legacy_2000_2013,2.9.1,description,date_filed,writ_or_mandate,writ_reference,reference,sfsc.strict_judgment_end_state.notice_of_entry,15,14,0,0,0,0,0
2006,legacy_2000_2013,2.9.1,description,date_filed,family_domestic_violence,family_support_order,operative,sfsc.strict_judgment_end_state.family_support_order,15,14,0,0,0,0,0
2006,legacy_2000_2013,2.9.1,description,date_filed,writ_or_mandate,vacatur,operative,sfsc.strict_judgment_end_state.vacatur_entered,15,7,0,0,0,0,0
2006,legacy_2000_2013,2.9.1,description,date_filed,civil_general,dismissal_reference,reference,sfsc.strict_judgment_end_state.prospective_dismissal,15,12,0,0,0,0,0
2006,legacy_2000_2013,2.9.1,description,date_filed,unlawful_detainer,judgment_reference,reference,sfsc.strict_judgment_end_state.audited_judgment_support_paper,14,14,0,0,0,0,0
2006,legacy_2000_2013,2.9.1,description,date_filed,probate,dismissal,operative,sfsc.strict_judgment_end_state.probate_creditor_claim_dismissed,14,13,0,0,0,0,0
2006,legacy_2000_2013,2.9.1,description,date_filed,civil_general,satisfaction_reference,reference,sfsc.strict_judgment_end_state.motion_or_brief,14,4,0,0,0,0,0
2006,legacy_2000_2013,2.9.1,description,date_filed,criminal,criminal_diversion_completed,operative,sfsc.strict_judgment_end_state.criminal_diversion_completed,14,14,0,0,0,0,0
2006,legacy_2000_2013,2.9.1,description,date_filed,probate,probate_heirship_order,operative,sfsc.strict_judgment_end_state.probate_heirship_granted_observed,14,13,0,0,0,0,0
2006,unknown_period,2.9.1,description,date_filed,criminal,unknown_end_state,reference,sfsc.strict_judgment_end_state.criminal_transfer_for_future_disposition,14,11,0,0,0,0,0
2006,legacy_2000_2013,2.9.1,description,date_filed,probate,probate_discharge_order,operative,sfsc.strict_judgment_end_state.probate_discharge_granted_observed,14,14,0,0,0,0,0
2006,legacy_2000_2013,2.9.1,description,date_filed,probate,probate_discharge_order,operative,sfsc.strict_judgment_end_state.probate_final_discharge_caption,14,14,0,0,0,0,0
2006,legacy_2000_2013,2.9.1,description,date_filed,writ_or_mandate,writ_granted,operative,sfsc.strict_judgment_end_state.writ_granted,14,14,0,0,0,0,0
2006,legacy_2000_2013,2.9.1,description,date_filed,family_multi_order,family_restraining_order,operative,sfsc.strict_judgment_end_state.family_restraining_order,14,11,0,0,0,0,0
2006,legacy_2000_2013,2.9.1,description,date_filed,family_multi_order,judgment_reference,reference,sfsc.strict_judgment_end_state.hearing_setting,14,11,0,0,0,0,0
2006,legacy_2000_2013,2.9.1,docketEntryComment,filedDate,criminal,unknown_end_state,reference,sfsc.strict_judgment_end_state.criminal_arraignment_plea_or_disposition_calendar,14,14,0,0,0,0,0
2006,legacy_2000_2013,2.9.1,description,date_filed,civil_general,settlement_reference,reference,sfsc.strict_judgment_end_state.abstract_of_judgment,13,13,0,0,0,0,0
2006,legacy_2000_2013,2.9.1,description,date_filed,family_multi_order,family_order_reference,reference,sfsc.strict_judgment_end_state.unresolved_end_state_mention,13,12,0,0,0,0,0
2006,legacy_2000_2013,2.9.1,description,date_filed,small_claims,probate_order_reference,reference,sfsc.strict_judgment_end_state.probate_procedural_filing,13,12,0,0,0,0,0
2006,historical_pre_2000,2.9.1,description,date_filed,family_domestic_violence,family_support_order,operative,sfsc.strict_judgment_end_state.family_support_order,13,5,0,0,0,0,0
2006,historical_pre_2000,2.9.1,description,date_filed,family_multi_order,dismissal,operative,sfsc.strict_judgment_end_state.observed_whole_case_dismissal,13,13,0,0,0,0,0
2006,legacy_2000_2013,2.9.1,description,date_filed,civil_general,vacatur_reference,reference,sfsc.strict_judgment_end_state.bare_judgment_set_aside_caption,13,12,0,0,0,0,0
2006,legacy_2000_2013,2.9.1,docketEntryComment,filedDate,criminal,unknown_end_state,reference,sfsc.strict_judgment_end_state.criminal_probation_remains_revoked,13,12,0,0,0,0,0
2006,legacy_2000_2013,2.9.1,description,date_filed,civil_general,settlement_reference,reference,sfsc.strict_judgment_end_state.certificate_or_declaration,13,13,0,0,0,0,0
2006,legacy_2000_2013,2.9.1,description,date_filed,civil_general,renewal_reference,reference,sfsc.strict_judgment_end_state.renewal_notice,13,11,0,0,0,0,0
2006,legacy_2000_2013,2.9.1,description,date_filed,writ_or_mandate,judgment_reference,reference,sfsc.strict_judgment_end_state.name_change_decree_outside_name_change_case,13,8,0,0,0,0,0
2006,legacy_2000_2013,2.9.1,description,date_filed,writ_or_mandate,take_nothing,operative,sfsc.strict_judgment_end_state.take_nothing_judgment,13,12,4,4,0,0,0
2006,legacy_2000_2013,2.9.1,description,date_filed,unlawful_detainer,dismissal_reference,reference,sfsc.strict_judgment_end_state.criminal_dismissal_motion_or_setting,13,7,0,0,0,0,0
2006,historical_pre_2000,2.9.1,description,date_filed,family_multi_order,family_order_reference,reference,sfsc.strict_judgment_end_state.family_bare_initiating_pleading,13,13,0,0,0,0,0
2006,legacy_2000_2013,2.9.1,description,date_filed,probate,probate_termination_order,operative,sfsc.strict_judgment_end_state.observed_direct_probate_termination_order,12,12,0,0,0,0,0
2006,legacy_2000_2013,2.9.1,description,date_filed,civil_general,judgment_reference,reference,sfsc.strict_judgment_end_state.audited_judgment_transfer_or_assignment_notice,12,12,0,0,0,0,0
2006,unknown_period,2.9.1,description,date_filed,criminal,unknown_end_state,reference,sfsc.strict_judgment_end_state.criminal_probation_motion_report_or_calendar,12,10,0,0,0,0,0
2006,legacy_2000_2013,2.9.1,description,date_filed,civil_general,dismissal,operative,sfsc.strict_judgment_end_state.direct_entire_action_dismissed,12,10,0,0,0,0,0
2006,legacy_2000_2013,2.9.1,description,date_filed,civil_general,dismissal_reference,reference,sfsc.strict_judgment_end_state.request_to_enter_judgment,12,11,0,0,0,0,0
2006,historical_pre_2000,2.9.1,description,date_filed,civil_general,probate_order_reference,reference,sfsc.strict_judgment_end_state.probate_calendar_or_hearing,12,5,0,0,0,0,0
2006,legacy_2000_2013,2.9.1,description,date_filed,family_multi_order,dismissal_reference,reference,sfsc.strict_judgment_end_state.dismissal_request_only,12,12,0,0,0,0,0
2006,legacy_2000_2013,2.9.1,description,date_filed,civil_general,judgment_reference,reference,sfsc.strict_judgment_end_state.audited_notice_of_entry,12,12,0,0,0,0,0
2006,historical_pre_2000,2.9.1,description,date_filed,criminal,dismissal_reference,reference,sfsc.strict_judgment_end_state.criminal_dismissal_motion_or_setting,12,7,0,0,0,0,0
2006,legacy_2000_2013,2.9.1,description,date_filed,civil_general,appeal_dismissed,operative,sfsc.strict_judgment_end_state.observed_abandonment_of_appeal_filed,12,12,0,0,0,0,0
2006,legacy_2000_2013,2.9.1,description,date_filed,civil_general,renewal_reference,reference,sfsc.strict_judgment_end_state.application_for_stipulated_judgment,12,11,0,0,0,0,0
2006,legacy_2000_2013,2.9.1,description,date_filed,family_multi_order,family_custody_order,operative,sfsc.strict_judgment_end_state.family_child_specific_granted_contextual,12,12,0,0,0,0,0
2006,historical_pre_2000,2.9.1,description,date_filed,probate,probate_termination_order,operative,sfsc.strict_judgment_end_state.observed_direct_probate_termination_order,12,12,0,0,0,0,0
2006,legacy_2000_2013,2.9.1,description,date_filed,civil_general,name_change_petition_denied,operative,sfsc.strict_judgment_end_state.name_change_petition_denied,12,7,0,0,0,0,0
2006,legacy_2000_2013,2.9.1,description,date_filed,family_multi_order,family_support_order,operative,sfsc.strict_judgment_end_state.family_support_enforcement_granted_contextual,12,12,0,0,0,0,0
2006,legacy_2000_2013,2.9.1,description,date_filed,civil_general,unknown_end_state,reference,sfsc.strict_judgment_end_state.complex_designation_denied,12,12,0,0,0,0,0
2006,legacy_2000_2013,2.9.1,description,date_filed,writ_or_mandate,appeal_dismissed,operative,sfsc.strict_judgment_end_state.observed_remittitur_dismissed,12,11,0,0,0,0,0
2006,legacy_2000_2013,2.9.1,description,date_filed,civil_general,dismissal_reference,reference,sfsc.strict_judgment_end_state.application_for_stipulated_judgment,12,6,0,0,0,0,0
2006,legacy_2000_2013,2.9.1,description,date_filed,probate,probate_order_reference,reference,sfsc.strict_judgment_end_state.probate_empirical_counsel_or_referee_grant_reference,11,11,0,0,0,0,0
2006,legacy_2000_2013,2.9.1,description,date_filed,appellate_review,appeal_affirmed,operative,sfsc.strict_judgment_end_state.appellate_order_affirming_judgment,11,11,0,0,0,0,0
2006,legacy_2000_2013,2.9.1,description,date_filed,unlawful_detainer,vacatur_reference,reference,sfsc.strict_judgment_end_state.vacatur_motion_hearing_set,11,11,0,0,0,0,0
2006,legacy_2000_2013,2.9.1,description,date_filed,civil_general,settlement_reference,reference,sfsc.strict_judgment_end_state.hearing_setting,11,8,0,0,0,0,0
2006,legacy_2000_2013,2.9.1,description,date_filed,civil_general,renewal,operative,sfsc.strict_judgment_end_state.ccp_683_110_renewal,11,11,11,11,0,0,0
2006,legacy_2000_2013,2.9.1,description,date_filed,unlawful_detainer,writ_reference,reference,sfsc.strict_judgment_end_state.motion_or_brief,11,6,0,0,0,0,0
2006,legacy_2000_2013,2.9.1,description,date_filed,probate,probate_counsel_discharge_order,operative,sfsc.strict_judgment_end_state.probate_counsel_discharge_grant_observed,11,10,0,0,0,0,0
2006,legacy_2000_2013,2.9.1,description,date_filed,writ_or_mandate,appeal_reversed,operative,sfsc.strict_judgment_end_state.observed_remittitur_reversed,11,11,0,0,0,0,0
2006,legacy_2000_2013,2.9.1,description,date_filed,small_claims,judgment_reference,reference,sfsc.strict_judgment_end_state.certificate_or_declaration,11,11,0,0,0,0,0
2006,legacy_2000_2013,2.9.1,description,date_filed,probate,probate_distribution_order,operative,sfsc.strict_judgment_end_state.probate_preliminary_or_entitlement_distribution,11,11,0,0,0,0,0
2006,historical_pre_2000,2.9.1,description,date_filed,civil_general,dismissal,operative,sfsc.strict_judgment_end_state.observed_whole_case_dismissal,11,11,0,0,0,0,0
2006,historical_pre_2000,2.9.1,description,date_filed,civil_general,judgment_reference,reference,sfsc.strict_judgment_end_state.proof_of_service,11,9,0,0,0,0,0
2006,legacy_2000_2013,2.9.1,description,date_filed,civil_general,name_change_decree,operative,sfsc.strict_judgment_end_state.observed_name_change_osc_granted,11,11,0,0,0,0,0
2006,historical_pre_2000,2.9.1,description,date_filed,family_multi_order,vacatur_reference,reference,sfsc.strict_judgment_end_state.unresolved_end_state_mention,11,8,0,0,0,0,0
2006,historical_pre_2000,2.9.1,description,date_filed,family_multi_order,family_custody_order,operative,sfsc.strict_judgment_end_state.family_review_custody_granted,10,9,0,0,0,0,0
2006,legacy_2000_2013,2.9.1,description,date_filed,probate,probate_case_closure_order,operative,sfsc.strict_judgment_end_state.probate_case_closure_granted_observed,10,10,0,0,0,0,0
2006,unknown_period,2.9.1,description,date_filed,criminal,criminal_sentence_modification,operative,sfsc.strict_judgment_end_state.criminal_sentence_modification,10,10,0,0,0,0,0
2006,historical_pre_2000,2.9.1,description,date_filed,small_claims,satisfaction_reference,reference,sfsc.strict_judgment_end_state.unresolved_end_state_mention,10,3,0,0,0,0,0
2006,legacy_2000_2013,2.9.1,description,date_filed,probate,probate_summary_disposition_order,operative,sfsc.strict_judgment_end_state.probate_summary_disposition_result,10,8,0,0,0,0,0
2006,legacy_2000_2013,2.9.1,description,date_filed,civil_general,name_change_decree,operative,sfsc.strict_judgment_end_state.observed_name_change_decree_variants,10,9,0,0,0,0,0
2006,historical_pre_2000,2.9.1,description,date_filed,civil_general,judgment_reference,reference,sfsc.strict_judgment_end_state.notice_of_entry,10,9,0,0,0,0,0
2006,historical_pre_2000,2.9.1,description,date_filed,writ_or_mandate,settlement_reference,reference,sfsc.strict_judgment_end_state.unresolved_end_state_mention,10,3,0,0,0,0,0
2006,unknown_period,2.9.1,description,date_filed,criminal,criminal_sentence_modification,operative,sfsc.strict_judgment_end_state.criminal_probation_revoked,10,8,0,0,0,0,0
2006,historical_pre_2000,2.9.1,description,date_filed,family_multi_order,judgment_reference,reference,sfsc.strict_judgment_end_state.proposed_disposition,10,10,0,0,0,0,0
2006,legacy_2000_2013,2.9.1,docketEntryComment,filedDate,criminal,dismissal,operative,sfsc.strict_judgment_end_state.recorded_case_or_matter_dismissal,10,10,0,0,0,0,0
2006,legacy_2000_2013,2.9.1,description,date_filed,civil_general,dismissal_reference,reference,sfsc.strict_judgment_end_state.appeal_reference,10,6,0,0,0,0,0
2006,legacy_2000_2013,2.9.1,description,date_filed,civil_general,appeal_dismissed,operative,sfsc.strict_judgment_end_state.appeal_dismissal_clerk_certificate,10,10,0,0,0,0,0
2006,legacy_2000_2013,2.9.1,description,date_filed,civil_general,judgment_reference,reference,sfsc.strict_judgment_end_state.audited_case_summary_support_paper,10,9,0,0,0,0,0
2006,legacy_2000_2013,2.9.1,description,date_filed,appellate_review,appeal_reference,reference,sfsc.strict_judgment_end_state.motion_or_brief,10,8,0,0,0,0,0
2006,historical_pre_2000,2.9.1,description,date_filed,family_multi_order,family_order_reference,reference,sfsc.strict_judgment_end_state.unresolved_end_state_mention,10,9,0,0,0,0,0
2006,historical_pre_2000,2.9.1,description,date_filed,writ_or_mandate,probate_order_reference,reference,sfsc.strict_judgment_end_state.probate_calendar_or_hearing,10,3,0,0,0,0,0
2006,legacy_2000_2013,2.9.1,description,date_filed,writ_or_mandate,settlement,operative,sfsc.strict_judgment_end_state.settlement_notice,10,9,0,0,0,0,0
2006,legacy_2000_2013,2.9.1,description,date_filed,criminal,appeal_reference,reference,sfsc.strict_judgment_end_state.unresolved_end_state_mention,10,7,0,0,0,0,0
2006,historical_pre_2000,2.9.1,description,date_filed,family_multi_order,family_support_order,operative,sfsc.strict_judgment_end_state.family_support_granted_contextual,10,10,0,0,0,0,0
2006,legacy_2000_2013,2.9.1,docketEntryComment,filedDate,criminal,criminal_verdict,operative,sfsc.strict_judgment_end_state.criminal_guilty_or_not_guilty_verdict,10,10,0,0,0,0,0
2006,unknown_period,2.9.1,description,date_filed,criminal,unknown_end_state,reference,sfsc.strict_judgment_end_state.criminal_arraignment_plea_or_disposition_calendar,10,9,0,0,0,0,0
2006,historical_pre_2000,2.9.1,description,date_filed,civil_general,judgment,operative,sfsc.strict_judgment_end_state.judgment_entered,9,8,0,0,0,0,0
2006,legacy_2000_2013,2.9.1,description,date_filed,family_domestic_violence,settlement_reference,reference,sfsc.strict_judgment_end_state.unresolved_end_state_mention,9,8,0,0,0,0,0
2006,legacy_2000_2013,2.9.1,description,date_filed,writ_or_mandate,appeal_reference,reference,sfsc.strict_judgment_end_state.motion_or_brief,9,3,0,0,0,0,0
2006,legacy_2000_2013,2.9.1,description,date_filed,family_domestic_violence,dismissal_reference,reference,sfsc.strict_judgment_end_state.unresolved_end_state_mention,9,9,0,0,0,0,0
2006,legacy_2000_2013,2.9.1,description,date_filed,probate,probate_trust_order,operative,sfsc.strict_judgment_end_state.probate_trust_termination_result,9,9,0,0,0,0,0
2006,legacy_2000_2013,2.9.1,description,date_filed,small_claims,judgment_payment_order,operative,sfsc.strict_judgment_end_state.small_claim_time_payments_denied,9,9,0,0,0,0,0
2006,legacy_2000_2013,2.9.1,description,date_filed,unlawful_detainer,appeal_reference,reference,sfsc.strict_judgment_end_state.appeal_reference,9,7,0,0,0,0,0
2006,legacy_2000_2013,2.9.1,description,date_filed,family_domestic_violence,dismissal_reference,reference,sfsc.strict_judgment_end_state.criminal_dismissal_motion_or_setting,9,6,0,0,0,0,0
2006,legacy_2000_2013,2.9.1,description,date_filed,civil_general,dismissal,operative,sfsc.strict_judgment_end_state.recorded_calendar_dismissal,9,8,0,0,0,0,0
2006,historical_pre_2000,2.9.1,description,date_filed,probate,probate_distribution_order,operative,sfsc.strict_judgment_end_state.probate_final_distribution_order,9,9,0,0,0,0,0
2006,historical_pre_2000,2.9.1,description,date_filed,civil_general,satisfaction_reference,reference,sfsc.strict_judgment_end_state.motion_or_brief,9,2,0,0,0,0,0
2006,historical_pre_2000,2.9.1,description,date_filed,probate,probate_trust_order,operative,sfsc.strict_judgment_end_state.probate_trust_granted_observed,9,9,0,0,0,0,0
2006,historical_pre_2000,2.9.1,description,date_filed,civil_general,dismissal,operative,sfsc.strict_judgment_end_state.calendar_removed_dismissal_filed,9,8,0,0,0,0,0
2006,legacy_2000_2013,2.9.1,description,date_filed,civil_general,dismissal_reference,reference,sfsc.strict_judgment_end_state.notice_of_appeal,9,9,0,0,0,0,0
2006,legacy_2000_2013,2.9.1,description,date_filed,civil_general,appeal_reference,reference,sfsc.strict_judgment_end_state.motion_or_brief,9,7,0,0,0,0,0
2006,legacy_2000_2013,2.9.1,description,date_filed,unlawful_detainer,writ_reference,reference,sfsc.strict_judgment_end_state.writ_filing_reference,9,4,0,0,0,0,0
2006,legacy_2000_2013,2.9.1,description,date_filed,probate,probate_order_reference,reference,sfsc.strict_judgment_end_state.probate_contextual_collateral_written_order_grant,9,9,0,0,0,0,0
2006,legacy_2000_2013,2.9.1,description,date_filed,criminal,unknown_end_state,reference,sfsc.strict_judgment_end_state.criminal_information_set_aside_motion_procedure,9,9,0,0,0,0,0
2006,legacy_2000_2013,2.9.1,description,date_filed,family_multi_order,family_restraining_order,operative,sfsc.strict_judgment_end_state.family_restraining_order_legacy_granted,9,8,0,0,0,0,0
2006,historical_pre_2000,2.9.1,description,date_filed,civil_general,renewal_reference,reference,sfsc.strict_judgment_end_state.proof_of_service,8,6,0,0,0,0,0
2006,legacy_2000_2013,2.9.1,description,date_filed,family_multi_order,family_parentage_order,operative,sfsc.strict_judgment_end_state.family_parentage_relief_granted_contextual,8,8,0,0,0,0,0
2006,historical_pre_2000,2.9.1,description,date_filed,family_domestic_violence,family_restraining_order,operative,sfsc.strict_judgment_end_state.family_dv_restraining_order_granted,8,8,0,0,0,0,0
2006,historical_pre_2000,2.9.1,description,date_filed,family_multi_order,family_custody_order,operative,sfsc.strict_judgment_end_state.family_custody_written_order_tail,8,7,0,0,0,0,0
2006,legacy_2000_2013,2.9.1,description,date_filed,civil_general,probate_order_reference,reference,sfsc.strict_judgment_end_state.probate_calendar_or_hearing,8,4,0,0,0,0,0
2006,legacy_2000_2013,2.9.1,description,date_filed,unlawful_detainer,settlement_reference,reference,sfsc.strict_judgment_end_state.audited_contingent_judgment_agreement,8,8,0,0,0,0,0
2006,legacy_2000_2013,2.9.1,description,date_filed,criminal,settlement,operative,sfsc.strict_judgment_end_state.case_reported_settled,8,8,0,0,0,0,0
2006,legacy_2000_2013,2.9.1,description,date_filed,small_claims,settlement,operative,sfsc.strict_judgment_end_state.settlement_notice,8,7,0,0,0,0,0
2006,legacy_2000_2013,2.9.1,description,date_filed,civil_general,renewal_reference,reference,sfsc.strict_judgment_end_state.proof_of_service,8,5,0,0,0,0,0
2006,legacy_2000_2013,2.9.1,description,date_filed,unlawful_detainer,writ_reference,reference,sfsc.strict_judgment_end_state.certificate_or_declaration,8,7,0,0,0,0,0
2006,legacy_2000_2013,2.9.1,description,date_filed,unlawful_detainer,judgment_reference,reference,sfsc.strict_judgment_end_state.hearing_setting,8,7,0,0,0,0,0
2006,legacy_2000_2013,2.9.1,description,date_filed,family_multi_order,family_order_reference,reference,sfsc.strict_judgment_end_state.family_audited_procedural_written_order_grant,8,7,0,0,0,0,0
2006,unknown_period,2.9.1,description,date_filed,criminal,criminal_plea,operative,sfsc.strict_judgment_end_state.criminal_concatenated_guilty_or_no_contest_plea,8,8,0,0,0,0,0
2006,legacy_2000_2013,2.9.1,description,date_filed,writ_or_mandate,vacatur_reference,reference,sfsc.strict_judgment_end_state.proposed_disposition,8,7,0,0,0,0,0
2006,legacy_2000_2013,2.9.1,description,date_filed,writ_or_mandate,appeal_dismissed,operative,sfsc.strict_judgment_end_state.observed_appeal_dismissal_broad_order_forms,8,8,0,0,0,0,0
2006,legacy_2000_2013,2.9.1,description,date_filed,unlawful_detainer,judgment,operative,sfsc.strict_judgment_end_state.recorded_calendar_judgment_filed,8,7,0,0,0,0,0
2006,legacy_2000_2013,2.9.1,description,date_filed,civil_general,judgment_of_dismissal,operative,sfsc.strict_judgment_end_state.court_entered_judgment_of_dismissal,8,8,0,0,0,0,0
2006,historical_pre_2000,2.9.1,description,date_filed,probate,appeal_reference,reference,sfsc.strict_judgment_end_state.notice_of_appeal,8,3,0,0,0,0,0
2006,legacy_2000_2013,2.9.1,description,date_filed,unlawful_detainer,summary_adjudication,operative,sfsc.strict_judgment_end_state.summary_adjudication_granted,8,5,0,0,0,0,0
2006,historical_pre_2000,2.9.1,description,date_filed,family_multi_order,family_fee_cost_order,operative,sfsc.strict_judgment_end_state.family_fee_cost_granted_contextual,8,7,0,0,0,0,0
2006,legacy_2000_2013,2.9.1,description,date_filed,small_claims,satisfaction,operative,sfsc.strict_judgment_end_state.reviewed_grammar_audited_satisfaction_filed_variants,8,7,0,0,0,0,0
2006,legacy_2000_2013,2.9.1,description,date_filed,civil_general,dismissal,operative,sfsc.strict_judgment_end_state.audited_calendar_recorded_dismissal,8,6,0,0,0,0,0
2006,legacy_2000_2013,2.9.1,description,date_filed,family_multi_order,settlement_reference,reference,sfsc.strict_judgment_end_state.motion_or_brief,8,6,0,0,0,0,0
2006,legacy_2000_2013,2.9.1,description,date_filed,family_multi_order,vacatur_reference,reference,sfsc.strict_judgment_end_state.vacatur_reference,8,8,0,0,0,0,0
2006,legacy_2000_2013,2.9.1,description,date_filed,probate,probate_vital_record_order,operative,sfsc.strict_judgment_end_state.probate_vital_record_granted_observed,8,8,0,0,0,0,0
2006,legacy_2000_2013,2.9.1,description,date_filed,writ_or_mandate,judgment_reference,reference,sfsc.strict_judgment_end_state.audited_judgment_transfer_or_assignment_notice,8,8,0,0,0,0,0
2006,legacy_2000_2013,2.9.1,description,date_filed,unlawful_detainer,settlement_reference,reference,sfsc.strict_judgment_end_state.proof_of_service,8,4,0,0,0,0,0
2006,legacy_2000_2013,2.9.1,description,date_filed,civil_general,satisfaction_reference,reference,sfsc.strict_judgment_end_state.proof_of_service,8,8,0,0,0,0,0
2006,legacy_2000_2013,2.9.1,description,date_filed,civil_general,writ_reference,reference,sfsc.strict_judgment_end_state.renewal_notice,7,7,0,0,0,0,0
2006,legacy_2000_2013,2.9.1,description,date_filed,unlawful_detainer,dismissal,operative,sfsc.strict_judgment_end_state.observed_entire_action_dismissal_filed,7,7,0,0,0,0,0
2006,legacy_2000_2013,2.9.1,docketEntryComment,filedDate,criminal,criminal_diversion_terminated,operative,sfsc.strict_judgment_end_state.criminal_diversion_terminated,7,7,0,0,0,0,0
2006,legacy_2000_2013,2.9.1,description,date_filed,probate,probate_creditor_claim_order,operative,sfsc.strict_judgment_end_state.probate_creditor_claim_granted_observed,7,7,0,0,0,0,0
2006,legacy_2000_2013,2.9.1,description,date_filed,unlawful_detainer,dismissal_reference,reference,sfsc.strict_judgment_end_state.dismissal_request_only,7,6,0,0,0,0,0
2006,legacy_2000_2013,2.9.1,description,date_filed,family_domestic_violence,family_order_reference,reference,sfsc.strict_judgment_end_state.family_support_modification_hearing_notice,7,3,0,0,0,0,0
2006,legacy_2000_2013,2.9.1,description,date_filed,civil_general,settlement_reference,reference,sfsc.strict_judgment_end_state.application_for_stipulated_judgment,7,5,0,0,0,0,0
2006,unknown_period,2.9.1,description,date_filed,criminal,dismissal_reference,reference,sfsc.strict_judgment_end_state.unresolved_end_state_mention,7,3,0,0,0,0,0
2006,legacy_2000_2013,2.9.1,description,date_filed,unlawful_detainer,judgment_reference,reference,sfsc.strict_judgment_end_state.audited_notice_of_entry,7,7,0,0,0,0,0
2006,legacy_2000_2013,2.9.1,description,date_filed,probate,appeal_dismissed,operative,sfsc.strict_judgment_end_state.observed_remittitur_dismissed,7,5,0,0,0,0,0
2006,legacy_2000_2013,2.9.1,description,date_filed,civil_general,vacatur_reference,reference,sfsc.strict_judgment_end_state.vacatur_reference,7,6,0,0,0,0,0
2006,legacy_2000_2013,2.9.1,description,date_filed,family_multi_order,vacatur_reference,reference,sfsc.strict_judgment_end_state.unresolved_end_state_mention,7,5,0,0,0,0,0
2006,legacy_2000_2013,2.9.1,description,date_filed,probate,probate_order_reference,reference,sfsc.strict_judgment_end_state.probate_status_or_future_filing_grant_reference,7,7,0,0,0,0,0
2006,legacy_2000_2013,2.9.1,description,date_filed,unlawful_detainer,verdict_recorded,operative,sfsc.strict_judgment_end_state.observed_verdict_returned_filed_or_entered,7,6,2,2,0,0,0
2006,legacy_2000_2013,2.9.1,description,date_filed,civil_general,vacatur_reference,reference,sfsc.strict_judgment_end_state.request_to_enter_judgment,7,2,0,0,0,0,0
2006,legacy_2000_2013,2.9.1,description,date_filed,probate,probate_order_reference,reference,sfsc.strict_judgment_end_state.probate_venue_transfer_grant_reference,7,6,0,0,0,0,0
2006,legacy_2000_2013,2.9.1,description,date_filed,small_claims,vacatur_reference,reference,sfsc.strict_judgment_end_state.bare_judgment_set_aside_caption,7,7,0,0,0,0,0
2006,historical_pre_2000,2.9.1,description,date_filed,unlawful_detainer,satisfaction,operative,sfsc.strict_judgment_end_state.satisfaction_filed,7,7,0,0,0,0,0
2006,historical_pre_2000,2.9.1,description,date_filed,civil_general,appeal_dismissed,operative,sfsc.strict_judgment_end_state.observed_remittitur_dismissed,7,7,0,0,0,0,0
2006,legacy_2000_2013,2.9.1,description,date_filed,writ_or_mandate,vacatur_reference,reference,sfsc.strict_judgment_end_state.unresolved_end_state_mention,7,7,0,0,0,0,0
2006,legacy_2000_2013,2.9.1,description,date_filed,unlawful_detainer,appeal_reference,reference,sfsc.strict_judgment_end_state.hearing_setting,7,7,0,0,0,0,0
2006,legacy_2000_2013,2.9.1,description,date_filed,criminal,dismissal,operative,sfsc.strict_judgment_end_state.court_dismissal_order_caption,7,7,0,0,0,0,0
2006,historical_pre_2000,2.9.1,description,date_filed,unknown,renewal_reference,reference,sfsc.strict_judgment_end_state.motion_or_brief,7,1,0,0,0,0,0
2006,historical_pre_2000,2.9.1,description,date_filed,civil_general,judgment_reference,reference,sfsc.strict_judgment_end_state.audited_judgment_transfer_or_assignment_notice,7,7,0,0,0,0,0
2006,legacy_2000_2013,2.9.1,description,date_filed,civil_general,judgment_reference,reference,sfsc.strict_judgment_end_state.notice_of_ruling_on_motion_to_strike,7,7,0,0,0,0,0
2006,historical_pre_2000,2.9.1,description,date_filed,civil_general,dismissal,operative,sfsc.strict_judgment_end_state.court_dismissal_order_caption,7,2,0,0,0,0,0
2006,historical_pre_2000,2.9.1,description,date_filed,family_multi_order,family_reserved_issues_judgment,operative,sfsc.strict_judgment_end_state.family_reserved_issues_judgment,7,7,0,0,0,0,0
2006,legacy_2000_2013,2.9.1,description,date_filed,probate,dismissal_reference,reference,sfsc.strict_judgment_end_state.criminal_dismissal_motion_or_setting,7,1,0,0,0,0,0
2006,legacy_2000_2013,2.9.1,description,date_filed,small_claims,renewal_reference,reference,sfsc.strict_judgment_end_state.motion_or_brief,7,2,0,0,0,0,0
2006,historical_pre_2000,2.9.1,description,date_filed,family_multi_order,family_support_order,operative,sfsc.strict_judgment_end_state.family_support_enforcement_granted_contextual,7,7,0,0,0,0,0
2006,legacy_2000_2013,2.9.1,description,date_filed,writ_or_mandate,judgment_reference,reference,sfsc.strict_judgment_end_state.audited_judgment_support_paper,7,7,0,0,0,0,0
2006,legacy_2000_2013,2.9.1,description,date_filed,small_claims,dismissal,operative,sfsc.strict_judgment_end_state.observed_dismissal_filed_status,7,7,0,0,0,0,0
2006,historical_pre_2000,2.9.1,description,date_filed,criminal,writ_reference,reference,sfsc.strict_judgment_end_state.unresolved_end_state_mention,7,4,0,0,0,0,0
2006,legacy_2000_2013,2.9.1,description,date_filed,civil_general,appeal_reference,reference,sfsc.strict_judgment_end_state.appeal_reference,7,5,0,0,0,0,0
2006,legacy_2000_2013,2.9.1,description,date_filed,civil_general,verdict_recorded,operative,sfsc.strict_judgment_end_state.civil_verdict_recorded_or_filed,6,6,0,0,0,0,0
2006,historical_pre_2000,2.9.1,description,date_filed,civil_general,judgment_reference,reference,sfsc.strict_judgment_end_state.audited_judgment_fee_or_copy_entry,6,6,0,0,0,0,0
2006,unknown_period,2.9.1,description,date_filed,criminal,criminal_sentence_modification,operative,sfsc.strict_judgment_end_state.criminal_sentence_deemed_served,6,6,0,0,0,0,0
2006,historical_pre_2000,2.9.1,description,date_filed,family_multi_order,family_custody_order,operative,sfsc.strict_judgment_end_state.family_child_decision_order_granted_contextual,6,6,0,0,0,0,0
2006,historical_pre_2000,2.9.1,description,date_filed,writ_or_mandate,dismissal_reference,reference,sfsc.strict_judgment_end_state.criminal_dismissal_motion_or_setting,6,1,0,0,0,0,0
2006,unknown_period,2.9.1,description,date_filed,criminal,dismissal,operative,sfsc.strict_judgment_end_state.criminal_mo138572_companion_case_dismissal,6,6,0,0,0,0,0
2006,historical_pre_2000,2.9.1,description,date_filed,civil_general,vacatur_reference,reference,sfsc.strict_judgment_end_state.proof_of_service,6,5,0,0,0,0,0
2006,historical_pre_2000,2.9.1,description,date_filed,probate,probate_instructions_order,operative,sfsc.strict_judgment_end_state.probate_instructions_granted_observed,6,5,0,0,0,0,0
2006,historical_pre_2000,2.9.1,description,date_filed,criminal,appeal_reference,reference,sfsc.strict_judgment_end_state.notice_of_appeal,6,6,0,0,0,0,0
2006,historical_pre_2000,2.9.1,description,date_filed,family_domestic_violence,family_custody_modification,operative,sfsc.strict_judgment_end_state.family_custody_modification,6,6,0,0,0,0,0
2006,legacy_2000_2013,2.9.1,description,date_filed,family_multi_order,judgment_reference,reference,sfsc.strict_judgment_end_state.request_to_enter_judgment,6,6,0,0,0,0,0
2006,unknown_period,2.9.1,description,date_filed,criminal,unknown_end_state,reference,sfsc.strict_judgment_end_state.criminal_probation_remains_revoked,6,6,0,0,0,0,0
2006,legacy_2000_2013,2.9.1,description,date_filed,family_multi_order,writ_reference,reference,sfsc.strict_judgment_end_state.motion_or_brief,6,1,0,0,0,0,0
2006,historical_pre_2000,2.9.1,description,date_filed,civil_general,verdict_recorded,operative,sfsc.strict_judgment_end_state.observed_verdict_returned_filed_or_entered,6,2,3,3,0,0,0
2006,unknown_period,2.9.1,description,date_filed,criminal,dismissal_reference,reference,sfsc.strict_judgment_end_state.criminal_dismissal_motion_or_setting,6,4,0,0,0,0,0
2006,historical_pre_2000,2.9.1,description,date_filed,small_claims,renewal,operative,sfsc.strict_judgment_end_state.audited_renewal_filed,6,6,0,0,0,0,0
2006,historical_pre_2000,2.9.1,description,date_filed,civil_general,appeal_reference,reference,sfsc.strict_judgment_end_state.unresolved_end_state_mention,6,5,0,0,0,0,0
2006,historical_pre_2000,2.9.1,description,date_filed,criminal,criminal_sentence_modification,operative,sfsc.strict_judgment_end_state.criminal_sentence_modification,6,6,0,0,0,0,0
2006,legacy_2000_2013,2.9.1,description,date_filed,small_claims,dismissal_reference,reference,sfsc.strict_judgment_end_state.bare_judgment_set_aside_caption,6,6,0,0,0,0,0
2006,historical_pre_2000,2.9.1,description,date_filed,probate,probate_substituted_judgment_order,operative,sfsc.strict_judgment_end_state.probate_substituted_judgment_granted_observed,6,6,0,0,0,0,0
2006,legacy_2000_2013,2.9.1,description,date_filed,family_multi_order,family_custody_order,operative,sfsc.strict_judgment_end_state.family_visitation_granted,6,5,0,0,0,0,0
2006,legacy_2000_2013,2.9.1,description,date_filed,unlawful_detainer,vacatur_reference,reference,sfsc.strict_judgment_end_state.proposed_disposition,6,6,0,0,0,0,0
2006,legacy_2000_2013,2.9.1,description,date_filed,family_multi_order,family_domestic_violence_dismissal,operative,sfsc.strict_judgment_end_state.family_restraining_order_dismissal_granted,6,6,0,0,0,0,0
2006,historical_pre_2000,2.9.1,description,date_filed,criminal,appeal_affirmed,operative,sfsc.strict_judgment_end_state.criminal_appellate_judgment_result,6,6,0,0,0,0,0
2006,historical_pre_2000,2.9.1,description,date_filed,criminal,dismissal,operative,sfsc.strict_judgment_end_state.criminal_court_orders_cause_dismissed,6,6,0,0,0,0,0
2006,legacy_2000_2013,2.9.1,description,date_filed,unlawful_detainer,judgment_reference,reference,sfsc.strict_judgment_end_state.audited_judgment_fee_or_copy_entry,6,6,0,0,0,0,0
2006,legacy_2000_2013,2.9.1,description,date_filed,probate,probate_case_closure_order,operative,sfsc.strict_judgment_end_state.observed_direct_probate_case_closure_order,6,6,0,0,0,0,0
2006,legacy_2000_2013,2.9.1,description,date_filed,writ_or_mandate,dismissal_reference,reference,sfsc.strict_judgment_end_state.dismissal_request_only,6,6,0,0,0,0,0
2006,legacy_2000_2013,2.9.1,description,date_filed,civil_general,amended_judgment,superseding,sfsc.strict_judgment_end_state.amended_judgment_entered,6,6,2,2,0,0,0
2006,legacy_2000_2013,2.9.1,description,date_filed,probate,probate_status_order,operative,sfsc.strict_judgment_end_state.probate_status_granted_observed,6,6,0,0,0,0,0
2006,historical_pre_2000,2.9.1,description,date_filed,criminal,unknown_end_state,reference,sfsc.strict_judgment_end_state.criminal_embedded_warrant_status,6,6,0,0,0,0,0
2006,historical_pre_2000,2.9.1,description,date_filed,family_multi_order,satisfaction,operative,sfsc.strict_judgment_end_state.satisfaction_filed,6,5,0,0,0,0,0
2006,historical_pre_2000,2.9.1,description,date_filed,probate,probate_order_reference,reference,sfsc.strict_judgment_end_state.probate_venue_transfer_grant_reference,6,6,0,0,0,0,0
2006,unknown_period,2.9.1,docketEntryComment,filedDate,criminal,unknown_end_state,reference,sfsc.strict_judgment_end_state.criminal_diversion_progress_calendar,6,4,0,0,0,0,0
2006,historical_pre_2000,2.9.1,description,date_filed,probate,probate_discharge_order,operative,sfsc.strict_judgment_end_state.probate_discharge_granted_observed,6,6,0,0,0,0,0
2006,legacy_2000_2013,2.9.1,description,date_filed,criminal,unknown_end_state,reference,sfsc.strict_judgment_end_state.criminal_verdict_form_or_unresolved,6,6,0,0,0,0,0
2006,historical_pre_2000,2.9.1,description,date_filed,probate,probate_fiduciary_change_order,operative,sfsc.strict_judgment_end_state.probate_fiduciary_change_granted_observed,6,6,0,0,0,0,0
2006,historical_pre_2000,2.9.1,description,date_filed,civil_general,appeal_affirmed,operative,sfsc.strict_judgment_end_state.observed_remittitur_affirmed,5,4,0,0,0,0,0
2006,legacy_2000_2013,2.9.1,description,date_filed,unlawful_detainer,judgment_reference,reference,sfsc.strict_judgment_end_state.reviewed_grammar_judgment_stipulation_without_order,5,4,0,0,0,0,0
2006,legacy_2000_2013,2.9.1,description,date_filed,probate,judgment_reference,reference,sfsc.strict_judgment_end_state.case_model_mismatch,5,3,0,0,0,0,0
2006,legacy_2000_2013,2.9.1,description,date_filed,family_multi_order,appeal_dismissed,operative,sfsc.strict_judgment_end_state.observed_remittitur_dismissed,5,4,0,0,0,0,0
2006,historical_pre_2000,2.9.1,description,date_filed,unlawful_detainer,judgment_reference,reference,sfsc.strict_judgment_end_state.abstract_of_judgment,5,4,0,0,0,0,0
2006,legacy_2000_2013,2.9.1,docketEntryComment,filedDate,criminal,unknown_end_state,reference,sfsc.strict_judgment_end_state.criminal_probation_motion_report_or_calendar,5,4,0,0,0,0,0
2006,legacy_2000_2013,2.9.1,description,date_filed,criminal,criminal_postconviction_relief_granted,operative,sfsc.strict_judgment_end_state.criminal_postconviction_petition_granted_observed,5,5,0,0,0,0,0
2006,legacy_2000_2013,2.9.1,description,date_filed,unlawful_detainer,unknown_end_state,reference,sfsc.strict_judgment_end_state.criminal_unresolved_caption_or_date,5,5,0,0,0,0,0
2006,legacy_2000_2013,2.9.1,description,date_filed,unlawful_detainer,settlement_reference,reference,sfsc.strict_judgment_end_state.reviewed_grammar_conditional_future_judgment_stipulation,5,5,0,0,0,0,0
2006,legacy_2000_2013,2.9.1,description,date_filed,criminal,dismissal_reference,reference,sfsc.strict_judgment_end_state.prospective_dismissal,5,5,0,0,0,0,0
2006,legacy_2000_2013,2.9.1,description,date_filed,probate,probate_unspecified_order,operative,sfsc.strict_judgment_end_state.probate_truncated_named_grant,5,5,0,0,0,0,0
2006,legacy_2000_2013,2.9.1,description,date_filed,civil_general,dismissal_reference,reference,sfsc.strict_judgment_end_state.vacatur_reference,5,5,0,0,0,0,0
2006,legacy_2000_2013,2.9.1,description,date_filed,criminal,unknown_end_state,reference,sfsc.strict_judgment_end_state.criminal_trial_phase_procedure,5,4,0,0,0,0,0
2006,legacy_2000_2013,2.9.1,description,date_filed,civil_general,settlement_reference,reference,sfsc.strict_judgment_end_state.case_model_mismatch,5,3,0,0,0,0,0
2006,legacy_2000_2013,2.9.1,description,date_filed,family_domestic_violence,family_custody_order,operative,sfsc.strict_judgment_end_state.family_review_custody_granted,5,5,0,0,0,0,0
2006,legacy_2000_2013,2.9.1,description,date_filed,probate,probate_order_reference,reference,sfsc.strict_judgment_end_state.probate_distribution_schedule,5,5,0,0,0,0,0
2006,legacy_2000_2013,2.9.1,description,date_filed,criminal,dismissal,operative,sfsc.strict_judgment_end_state.dismissal_entered,5,5,0,0,0,0,0
2006,legacy_2000_2013,2.9.1,description,date_filed,criminal,criminal_verdict,operative,sfsc.strict_judgment_end_state.observed_verdict_returned_filed_or_entered,5,5,0,0,0,0,0
2006,legacy_2000_2013,2.9.1,description,date_filed,unlawful_detainer,dismissal_reference,reference,sfsc.strict_judgment_end_state.certificate_or_declaration,5,4,0,0,0,0,0
2006,legacy_2000_2013,2.9.1,description,date_filed,writ_or_mandate,judgment_reference,reference,sfsc.strict_judgment_end_state.audited_confession_of_judgment_filing,5,5,0,0,0,0,0
2006,historical_pre_2000,2.9.1,description,date_filed,family_multi_order,family_order_reference,reference,sfsc.strict_judgment_end_state.family_settlement_conference_scheduling,5,4,0,0,0,0,0
2006,legacy_2000_2013,2.9.1,description,date_filed,family_multi_order,family_contempt_order,operative,sfsc.strict_judgment_end_state.family_contempt_granted_contextual,5,5,0,0,0,0,0
2006,legacy_2000_2013,2.9.1,description,date_filed,civil_general,vacatur_reference,reference,sfsc.strict_judgment_end_state.certificate_or_declaration,5,4,0,0,0,0,0
2006,legacy_2000_2013,2.9.1,description,date_filed,criminal,unknown_end_state,reference,sfsc.strict_judgment_end_state.criminal_sentencing_procedure_or_report,5,5,0,0,0,0,0
2006,legacy_2000_2013,2.9.1,description,date_filed,small_claims,appeal_dismissed,operative,sfsc.strict_judgment_end_state.small_claims_appeal_dismissal_order_variants,5,5,0,0,0,0,0
2006,historical_pre_2000,2.9.1,description,date_filed,small_claims,judgment_reference,reference,sfsc.strict_judgment_end_state.abstract_of_judgment,5,3,0,0,0,0,0
2006,legacy_2000_2013,2.9.1,description,date_filed,appellate_review,appeal_affirmed,operative,sfsc.strict_judgment_end_state.appeal_affirmed,5,4,0,0,0,0,0
2006,legacy_2000_2013,2.9.1,description,date_filed,probate,probate_property_order,operative,sfsc.strict_judgment_end_state.probate_property_result_granted,5,5,0,0,0,0,0
2006,legacy_2000_2013,2.9.1,description,date_filed,civil_general,appeal_reference,reference,sfsc.strict_judgment_end_state.bare_remittitur,5,5,0,0,0,0,0
2006,legacy_2000_2013,2.9.1,description,date_filed,civil_general,vacatur_reference,reference,sfsc.strict_judgment_end_state.notice_of_order_or_ruling,5,5,0,0,0,0,0
2006,legacy_2000_2013,2.9.1,description,date_filed,probate,settlement,operative,sfsc.strict_judgment_end_state.settlement_notice,5,5,0,0,0,0,0
2006,legacy_2000_2013,2.9.1,description,date_filed,unlawful_detainer,judgment_reference,reference,sfsc.strict_judgment_end_state.request_to_enter_judgment,5,5,0,0,0,0,0
2006,legacy_2000_2013,2.9.1,description,date_filed,criminal,dismissal,operative,sfsc.strict_judgment_end_state.criminal_ctord_case_dismissed,5,5,0,0,0,0,0
2006,legacy_2000_2013,2.9.1,description,date_filed,probate,judgment_reference,reference,sfsc.strict_judgment_end_state.notice_of_entry,5,2,0,0,0,0,0
2006,historical_pre_2000,2.9.1,description,date_filed,unlawful_detainer,renewal_reference,reference,sfsc.strict_judgment_end_state.application_for_stipulated_judgment,5,4,0,0,0,0,0
2006,legacy_2000_2013,2.9.1,description,date_filed,small_claims,satisfaction,operative,sfsc.strict_judgment_end_state.satisfaction_granted_or_on_file,5,5,0,0,0,0,0
2006,legacy_2000_2013,2.9.1,description,date_filed,small_claims,renewal,operative,sfsc.strict_judgment_end_state.renewal_entered,5,4,5,5,0,0,0
2006,legacy_2000_2013,2.9.1,description,date_filed,family_multi_order,family_settlement_order,operative,sfsc.strict_judgment_end_state.family_settlement_written_order_tail,5,5,0,0,0,0,0
2006,historical_pre_2000,2.9.1,description,date_filed,civil_general,dismissal_reference,reference,sfsc.strict_judgment_end_state.dismissal_set_aside,5,1,0,0,0,0,0
2006,legacy_2000_2013,2.9.1,description,date_filed,unlawful_detainer,take_nothing,operative,sfsc.strict_judgment_end_state.take_nothing_judgment,5,5,1,1,0,0,0
2006,historical_pre_2000,2.9.1,description,date_filed,family_multi_order,family_property_order,operative,sfsc.strict_judgment_end_state.family_property_relief_granted_contextual,5,5,0,0,0,0,0
2006,legacy_2000_2013,2.9.1,description,date_filed,unlawful_detainer,vacatur_reference,reference,sfsc.strict_judgment_end_state.certificate_or_declaration,5,4,0,0,0,0,0
2006,historical_pre_2000,2.9.1,description,date_filed,family_multi_order,family_restraining_order,operative,sfsc.strict_judgment_end_state.family_dv_restraining_order_granted,5,5,0,0,0,0,0
2006,legacy_2000_2013,2.9.1,description,date_filed,family_multi_order,dismissal,operative,sfsc.strict_judgment_end_state.observed_entire_action_dismissal_filed,5,5,0,0,0,0,0
2006,legacy_2000_2013,2.9.1,description,date_filed,probate,judgment,operative,sfsc.strict_judgment_end_state.judgment_entered,5,4,0,0,0,0,0
2006,unknown_period,2.9.1,docketEntryComment,filedDate,criminal,criminal_sentence,operative,sfsc.strict_judgment_end_state.criminal_sentence_minute_order,5,5,0,0,0,0,0
2006,legacy_2000_2013,2.9.1,description,date_filed,small_claims,dismissal_reference,reference,sfsc.strict_judgment_end_state.notice_of_appeal,5,4,0,0,0,0,0
2006,legacy_2000_2013,2.9.1,description,date_filed,writ_or_mandate,probate_order_reference,reference,sfsc.strict_judgment_end_state.case_model_mismatch,4,3,0,0,0,0,0
2006,historical_pre_2000,2.9.1,description,date_filed,probate,judgment_reference,reference,sfsc.strict_judgment_end_state.application_for_stipulated_judgment,4,1,0,0,0,0,0
2006,legacy_2000_2013,2.9.1,description,date_filed,criminal,unknown_end_state,reference,sfsc.strict_judgment_end_state.criminal_discovery_or_continuance_ruling,4,4,0,0,0,0,0
2006,historical_pre_2000,2.9.1,description,date_filed,unlawful_detainer,renewal,operative,sfsc.strict_judgment_end_state.ccp_683_110_renewal,4,4,4,4,0,0,0
2006,legacy_2000_2013,2.9.1,description,date_filed,writ_or_mandate,judgment_reference,rejected,sfsc.strict_judgment_end_state.default_judgment_rejected,4,4,0,0,0,0,0
2006,legacy_2000_2013,2.9.1,description,date_filed,civil_general,dismissal_reference,reference,sfsc.strict_judgment_end_state.notice_of_order_or_ruling,4,4,0,0,0,0,0
2006,unknown_period,2.9.1,description,date_filed,criminal,criminal_diversion_terminated,operative,sfsc.strict_judgment_end_state.criminal_diversion_terminated,4,4,0,0,0,0,0
2006,legacy_2000_2013,2.9.1,description,date_filed,probate,appeal_dismissed,operative,sfsc.strict_judgment_end_state.observed_appeal_dismissal_broad_order_forms,4,4,0,0,0,0,0
2006,legacy_2000_2013,2.9.1,description,date_filed,civil_general,name_change_petition_dismissed,operative,sfsc.strict_judgment_end_state.name_change_petition_dismissed,4,4,0,0,0,0,0
2006,legacy_2000_2013,2.9.1,docketEntryComment,filedDate,criminal,dismissal,operative,sfsc.strict_judgment_end_state.direct_case_dismissed,4,4,0,0,0,0,0
2006,historical_pre_2000,2.9.1,description,date_filed,probate,probate_order_reference,reference,sfsc.strict_judgment_end_state.probate_contextual_collateral_written_order_grant,4,3,0,0,0,0,0
2006,legacy_2000_2013,2.9.1,description,date_filed,small_claims,appeal_review_denied,operative,sfsc.strict_judgment_end_state.appeal_rehearing_or_review_denied_observed_forms,4,4,0,0,0,0,0
2006,legacy_2000_2013,2.9.1,description,date_filed,family_multi_order,family_judgment,operative,sfsc.strict_judgment_end_state.family_bifurcation_status_granted,4,4,0,0,0,0,0
2006,legacy_2000_2013,2.9.1,description,date_filed,probate,probate_litigation_order,operative,sfsc.strict_judgment_end_state.probate_litigation_granted_observed,4,4,0,0,0,0,0
2006,legacy_2000_2013,2.9.1,description,date_filed,civil_general,judgment_reference,reference,sfsc.strict_judgment_end_state.case_model_mismatch,4,4,0,0,0,0,0
2006,legacy_2000_2013,2.9.1,description,date_filed,family_domestic_violence,family_custody_order,operative,sfsc.strict_judgment_end_state.family_child_decision_order_granted_contextual,4,4,0,0,0,0,0
2006,legacy_2000_2013,2.9.1,description,date_filed,civil_general,judgment_reference,reference,sfsc.strict_judgment_end_state.audited_calendar_reference_to_judgment,4,4,0,0,0,0,0
2006,historical_pre_2000,2.9.1,description,date_filed,criminal,dismissal,operative,sfsc.strict_judgment_end_state.criminal_motion_to_dismiss_granted,4,4,0,0,0,0,0
2006,legacy_2000_2013,2.9.1,description,date_filed,family_multi_order,family_prior_order_ruling,operative,sfsc.strict_judgment_end_state.family_prior_order_ruling_granted_contextual,4,4,0,0,0,0,0
2006,legacy_2000_2013,2.9.1,description,date_filed,writ_or_mandate,dismissal,operative,sfsc.strict_judgment_end_state.calendar_removed_dismissal_filed,4,4,0,0,0,0,0
2006,legacy_2000_2013,2.9.1,description,date_filed,civil_general,judgment_reference,reference,sfsc.strict_judgment_end_state.reviewed_grammar_judgment_stipulation_without_order,4,4,0,0,0,0,0
2006,legacy_2000_2013,2.9.1,description,date_filed,family_multi_order,family_property_judgment,operative,sfsc.strict_judgment_end_state.family_property_judgment,4,3,0,0,0,0,0
2006,legacy_2000_2013,2.9.1,description,date_filed,unlawful_detainer,vacatur_reference,reference,sfsc.strict_judgment_end_state.default_only_set_aside_order,4,4,0,0,0,0,0
2006,legacy_2000_2013,2.9.1,description,date_filed,unlawful_detainer,settlement,operative,sfsc.strict_judgment_end_state.conditional_settlement_notice,4,4,0,0,0,0,0
2006,legacy_2000_2013,2.9.1,description,date_filed,small_claims,dismissal_reference,reference,sfsc.strict_judgment_end_state.motion_or_brief,4,2,0,0,0,0,0
2006,legacy_2000_2013,2.9.1,description,date_filed,civil_general,judgment_reference,reference,sfsc.strict_judgment_end_state.audited_assignment_terminated_after_judgment,4,4,0,0,0,0,0
2006,legacy_2000_2013,2.9.1,docketEntryComment,filedDate,criminal,criminal_program_termination,operative,sfsc.strict_judgment_end_state.criminal_program_terminated_observed,4,4,0,0,0,0,0
2006,legacy_2000_2013,2.9.1,description,date_filed,civil_general,appeal_dismissed,operative,sfsc.strict_judgment_end_state.appeal_dismissed,4,4,0,0,0,0,0
2006,legacy_2000_2013,2.9.1,description,date_filed,unlawful_detainer,appeal_reference,reference,sfsc.strict_judgment_end_state.motion_or_brief,4,4,0,0,0,0,0
2006,legacy_2000_2013,2.9.1,description,date_filed,writ_or_mandate,settlement,operative,sfsc.strict_judgment_end_state.case_reported_settled,4,4,0,0,0,0,0
2006,historical_pre_2000,2.9.1,description,date_filed,writ_or_mandate,renewal_reference,reference,sfsc.strict_judgment_end_state.application_for_stipulated_judgment,4,2,0,0,0,0,0
2006,historical_pre_2000,2.9.1,description,date_filed,civil_general,dismissal,operative,sfsc.strict_judgment_end_state.recorded_case_or_matter_dismissal,4,4,0,0,0,0,0
2006,legacy_2000_2013,2.9.1,description,date_filed,probate,judgment_reference,reference,sfsc.strict_judgment_end_state.hearing_setting,4,4,0,0,0,0,0
2006,historical_pre_2000,2.9.1,description,date_filed,unlawful_detainer,renewal_reference,reference,sfsc.strict_judgment_end_state.renewal_notice,4,4,0,0,0,0,0
2006,legacy_2000_2013,2.9.1,docketEntryComment,filedDate,criminal,dismissal,operative,sfsc.strict_judgment_end_state.criminal_motion_to_dismiss_granted,4,4,0,0,0,0,0
2006,legacy_2000_2013,2.9.1,description,date_filed,criminal,judgment_reference,reference,sfsc.strict_judgment_end_state.audited_motion_or_brief_wrapper,4,2,0,0,0,0,0
2006,legacy_2000_2013,2.9.1,description,date_filed,probate,probate_decree,operative,sfsc.strict_judgment_end_state.probate_final_decree,4,4,0,0,0,0,0
2006,historical_pre_2000,2.9.1,description,date_filed,writ_or_mandate,judgment_reference,reference,sfsc.strict_judgment_end_state.case_model_mismatch,4,3,0,0,0,0,0
2006,legacy_2000_2013,2.9.1,description,date_filed,criminal,judgment_reference,reference,sfsc.strict_judgment_end_state.proposed_disposition,4,4,0,0,0,0,0
2006,historical_pre_2000,2.9.1,description,date_filed,civil_general,summary_judgment,operative,sfsc.strict_judgment_end_state.summary_judgment_granted,4,1,0,0,0,0,0
2006,historical_pre_2000,2.9.1,description,date_filed,civil_general,dismissal_reference,reference,sfsc.strict_judgment_end_state.hearing_setting,4,2,0,0,0,0,0
2006,legacy_2000_2013,2.9.1,description,date_filed,writ_or_mandate,dismissal,operative,sfsc.strict_judgment_end_state.observed_entire_action_dismissal_filed,4,4,0,0,0,0,0
2006,legacy_2000_2013,2.9.1,description,date_filed,unlawful_detainer,dismissal_reference,reference,sfsc.strict_judgment_end_state.application_for_stipulated_judgment,4,3,0,0,0,0,0
2006,legacy_2000_2013,2.9.1,description,date_filed,family_multi_order,family_settlement_order,operative,sfsc.strict_judgment_end_state.family_settlement_granted_contextual,4,4,0,0,0,0,0
2006,historical_pre_2000,2.9.1,description,date_filed,civil_general,amended_judgment,superseding,sfsc.strict_judgment_end_state.amended_judgment_entered,4,3,0,0,0,0,0
2006,legacy_2000_2013,2.9.1,description,date_filed,family_domestic_violence,family_support_modification,operative,sfsc.strict_judgment_end_state.family_support_modification,4,4,0,0,0,0,0
2006,legacy_2000_2013,2.9.1,description,date_filed,probate,settlement_reference,reference,sfsc.strict_judgment_end_state.proposed_disposition,4,2,0,0,0,0,0
2006,historical_pre_2000,2.9.1,description,date_filed,family_domestic_violence,family_order_reference,reference,sfsc.strict_judgment_end_state.family_contextual_collateral_written_order_grant,4,4,0,0,0,0,0
2006,legacy_2000_2013,2.9.1,description,date_filed,family_multi_order,family_support_order,operative,sfsc.strict_judgment_end_state.family_observed_multi_effect_family_support_order,4,4,0,0,0,0,0
2006,legacy_2000_2013,2.9.1,description,date_filed,criminal,appeal_reference,reference,sfsc.strict_judgment_end_state.hearing_setting,4,4,0,0,0,0,0
2006,legacy_2000_2013,2.9.1,description,date_filed,family_multi_order,family_judgment,operative,sfsc.strict_judgment_end_state.family_final_judgment,4,4,0,0,0,0,0
2006,historical_pre_2000,2.9.1,description,date_filed,civil_general,monetary_judgment,operative,sfsc.strict_judgment_end_state.explicit_total_judgment,4,4,4,4,0,0,0
2006,legacy_2000_2013,2.9.1,description,date_filed,criminal,unknown_end_state,reference,sfsc.strict_judgment_end_state.prospective_criminal_sentence_or_probation,4,4,0,0,0,0,0
2006,historical_pre_2000,2.9.1,description,date_filed,family_multi_order,judgment_reference,reference,sfsc.strict_judgment_end_state.hearing_setting,4,3,0,0,0,0,0
2006,historical_pre_2000,2.9.1,description,date_filed,probate,family_order_reference,reference,sfsc.strict_judgment_end_state.family_procedural_filing,4,4,0,0,0,0,0
2006,historical_pre_2000,2.9.1,description,date_filed,writ_or_mandate,probate_order_reference,reference,sfsc.strict_judgment_end_state.case_model_mismatch,4,2,0,0,0,0,0
2006,legacy_2000_2013,2.9.1,description,date_filed,criminal,unknown_end_state,reference,sfsc.strict_judgment_end_state.criminal_program_or_condition_termination,4,4,0,0,0,0,0
2006,historical_pre_2000,2.9.1,description,date_filed,civil_general,judgment_reference,reference,sfsc.strict_judgment_end_state.name_change_decree_outside_name_change_case,4,4,0,0,0,0,0
2006,legacy_2000_2013,2.9.1,description,date_filed,civil_general,writ_reference,reference,sfsc.strict_judgment_end_state.proof_of_service,4,4,0,0,0,0,0
2006,unknown_period,2.9.1,description,date_filed,criminal,unknown_end_state,reference,sfsc.strict_judgment_end_state.probation_motion_or_future_setting,4,4,0,0,0,0,0
2006,legacy_2000_2013,2.9.1,description,date_filed,unlawful_detainer,possession,operative,sfsc.strict_judgment_end_state.possession_judgment,4,4,0,0,0,0,0
2006,legacy_2000_2013,2.9.1,description,date_filed,family_multi_order,family_sanctions_order,operative,sfsc.strict_judgment_end_state.family_sanctions_granted_contextual,4,4,0,0,0,0,0
2006,legacy_2000_2013,2.9.1,description,date_filed,family_multi_order,family_unspecified_order,operative,sfsc.strict_judgment_end_state.family_relief_not_stated_written_order_grant,4,4,0,0,0,0,0
2006,legacy_2000_2013,2.9.1,description,date_filed,civil_general,summary_judgment,operative,sfsc.strict_judgment_end_state.audited_summary_judgment_motion_result,4,4,0,0,0,0,0
2006,legacy_2000_2013,2.9.1,description,date_filed,criminal,unknown_end_state,reference,sfsc.strict_judgment_end_state.criminal_additional_transcript_caption,4,4,0,0,0,0,0
2006,legacy_2000_2013,2.9.1,description,date_filed,family_domestic_violence,family_restraining_order_denied,operative,sfsc.strict_judgment_end_state.family_restraining_order_denied_with_review,4,4,0,0,0,0,0
2006,legacy_2000_2013,2.9.1,description,date_filed,writ_or_mandate,writ_reference,reference,sfsc.strict_judgment_end_state.renewal_notice,4,4,0,0,0,0,0
2006,legacy_2000_2013,2.9.1,description,date_filed,unlawful_detainer,judgment_reference,reference,sfsc.strict_judgment_end_state.summary_judgment_procedural_order_context,4,3,0,0,0,0,0
2006,historical_pre_2000,2.9.1,description,date_filed,civil_general,take_nothing,operative,sfsc.strict_judgment_end_state.take_nothing_judgment,4,4,1,1,0,0,0
2006,legacy_2000_2013,2.9.1,description,date_filed,family_multi_order,family_order_reference,reference,sfsc.strict_judgment_end_state.proposed_disposition,4,2,0,0,0,0,0
2006,legacy_2000_2013,2.9.1,description,date_filed,small_claims,dismissal_reference,reference,sfsc.strict_judgment_end_state.dismissal_verification_or_future_setting,4,3,0,0,0,0,0
2006,historical_pre_2000,2.9.1,description,date_filed,civil_general,judgment_reference,reference,sfsc.strict_judgment_end_state.application_for_stipulated_judgment,4,3,0,0,0,0,0
2006,legacy_2000_2013,2.9.1,docketEntryComment,filedDate,criminal,dismissal,operative,sfsc.strict_judgment_end_state.criminal_court_orders_cause_dismissed,4,4,0,0,0,0,0
2006,legacy_2000_2013,2.9.1,description,date_filed,unlawful_detainer,dismissal_reference,reference,sfsc.strict_judgment_end_state.dismissal_set_aside,4,2,0,0,0,0,0
2006,legacy_2000_2013,2.9.1,description,date_filed,small_claims,take_nothing,operative,sfsc.strict_judgment_end_state.take_nothing_judgment,4,4,1,1,0,0,0
2006,historical_pre_2000,2.9.1,description,date_filed,criminal,unknown_end_state,reference,sfsc.strict_judgment_end_state.criminal_probation_motion_report_or_calendar,4,3,0,0,0,0,0
2006,legacy_2000_2013,2.9.1,description,date_filed,civil_general,dismissal,operative,sfsc.strict_judgment_end_state.order_granting_motion_to_dismiss_action,4,3,0,0,0,0,0
2006,legacy_2000_2013,2.9.1,description,date_filed,small_claims,renewal_reference,reference,sfsc.strict_judgment_end_state.proof_of_service,3,3,0,0,0,0,0
2006,unknown_period,2.9.1,description,date_filed,criminal,unknown_end_state,reference,sfsc.strict_judgment_end_state.criminal_transcript_or_form_caption,3,3,0,0,0,0,0
2006,legacy_2000_2013,2.9.1,docketEntryComment,filedDate,criminal,writ_reference,reference,sfsc.strict_judgment_end_state.unresolved_end_state_mention,3,2,0,0,0,0,0
2006,legacy_2000_2013,2.9.1,description,date_filed,criminal,appeal_dismissed,operative,sfsc.strict_judgment_end_state.appeal_dismissed,3,3,0,0,0,0,0
2006,historical_pre_2000,2.9.1,description,date_filed,writ_or_mandate,dismissal_reference,reference,sfsc.strict_judgment_end_state.unresolved_end_state_mention,3,1,0,0,0,0,0
2006,legacy_2000_2013,2.9.1,description,date_filed,unlawful_detainer,settlement_reference,reference,sfsc.strict_judgment_end_state.certificate_or_declaration,3,3,0,0,0,0,0
2006,legacy_2000_2013,2.9.1,description,date_filed,family_multi_order,dismissal_reference,reference,sfsc.strict_judgment_end_state.vacatur_reference,3,3,0,0,0,0,0
2006,unknown_period,2.9.1,description,date_filed,criminal,appeal_reference,reference,sfsc.strict_judgment_end_state.notice_of_appeal,3,3,0,0,0,0,0
2006,unknown_period,2.9.1,docketEntryComment,filedDate,criminal,unknown_end_state,reference,sfsc.strict_judgment_end_state.criminal_calendar_or_transfer_setting,3,3,0,0,0,0,0
2006,legacy_2000_2013,2.9.1,description,date_filed,family_multi_order,vacatur_reference,reference,sfsc.strict_judgment_end_state.hearing_setting,3,2,0,0,0,0,0
2006,legacy_2000_2013,2.9.1,description,date_filed,probate,judgment_reference,reference,sfsc.strict_judgment_end_state.abstract_of_judgment,3,3,0,0,0,0,0
2006,historical_pre_2000,2.9.1,description,date_filed,probate,judgment_reference,reference,sfsc.strict_judgment_end_state.hearing_setting,3,1,0,0,0,0,0
2006,legacy_2000_2013,2.9.1,description,date_filed,family_multi_order,family_property_order,operative,sfsc.strict_judgment_end_state.family_property_compound_grant,3,3,0,0,0,0,0
2006,historical_pre_2000,2.9.1,description,date_filed,family_multi_order,family_support_order,operative,sfsc.strict_judgment_end_state.family_support_written_order_tail,3,1,0,0,0,0,0
2006,legacy_2000_2013,2.9.1,docketEntryComment,filedDate,criminal,unknown_end_state,reference,sfsc.strict_judgment_end_state.criminal_transcript_or_form_caption,3,3,0,0,0,0,0
2006,legacy_2000_2013,2.9.1,description,date_filed,probate,family_order_reference,reference,sfsc.strict_judgment_end_state.case_model_mismatch,3,2,0,0,0,0,0
2006,legacy_2000_2013,2.9.1,description,date_filed,family_multi_order,settlement,operative,sfsc.strict_judgment_end_state.settlement_notice,3,3,0,0,0,0,0
2006,historical_pre_2000,2.9.1,description,date_filed,family_domestic_violence,family_custody_order,operative,sfsc.strict_judgment_end_state.family_custody_order,3,3,0,0,0,0,0
2006,historical_pre_2000,2.9.1,description,date_filed,unknown,renewal_reference,reference,sfsc.strict_judgment_end_state.abstract_of_judgment,3,1,0,0,0,0,0
2006,legacy_2000_2013,2.9.1,description,date_filed,probate,probate_order_reference,reference,sfsc.strict_judgment_end_state.probate_empirical_procedural_grant_reference,3,3,0,0,0,0,0
2006,legacy_2000_2013,2.9.1,description,date_filed,small_claims,vacatur_reference,reference,sfsc.strict_judgment_end_state.reviewed_grammar_judgment_vacatur_or_correction_request,3,3,0,0,0,0,0
2006,legacy_2000_2013,2.9.1,description,date_filed,probate,appeal_affirmed,operative,sfsc.strict_judgment_end_state.observed_remittitur_affirmed,3,3,0,0,0,0,0
2006,historical_pre_2000,2.9.1,description,date_filed,civil_general,dismissal_reference,reference,sfsc.strict_judgment_end_state.dismissal_request_only,3,3,0,0,0,0,0
2006,legacy_2000_2013,2.9.1,description,date_filed,family_multi_order,family_restraining_order_denied,operative,sfsc.strict_judgment_end_state.family_restraining_order_denied_with_review,3,3,0,0,0,0,0
2006,legacy_2000_2013,2.9.1,description,date_filed,unlawful_detainer,dismissal_reference,reference,sfsc.strict_judgment_end_state.motion_or_brief,3,2,0,0,0,0,0
2006,legacy_2000_2013,2.9.1,description,date_filed,probate,dismissal,operative,sfsc.strict_judgment_end_state.recorded_case_or_matter_dismissal,3,3,0,0,0,0,0
2006,historical_pre_2000,2.9.1,description,date_filed,writ_or_mandate,dismissal,operative,sfsc.strict_judgment_end_state.court_dismissal_order_caption,3,1,0,0,0,0,0
2006,legacy_2000_2013,2.9.1,description,date_filed,small_claims,appeal_reference,reference,sfsc.strict_judgment_end_state.certificate_or_declaration,3,3,0,0,0,0,0
2006,legacy_2000_2013,2.9.1,description,date_filed,probate,probate_case_closure_order,operative,sfsc.strict_judgment_end_state.probate_estate_or_proceeding_terminated,3,3,0,0,0,0,0
2006,legacy_2000_2013,2.9.1,description,date_filed,criminal,criminal_sentence,operative,sfsc.strict_judgment_end_state.criminal_defendant_sentenced,3,3,0,0,0,0,0
2006,legacy_2000_2013,2.9.1,description,date_filed,probate,judgment_reference,reference,sfsc.strict_judgment_end_state.name_change_decree_outside_name_change_case,3,2,0,0,0,0,0
2006,legacy_2000_2013,2.9.1,description,date_filed,probate,probate_order_modification,operative,sfsc.strict_judgment_end_state.probate_order_modification_granted_observed,3,3,0,0,0,0,0
2006,historical_pre_2000,2.9.1,description,date_filed,criminal,dismissal_reference,reference,sfsc.strict_judgment_end_state.unresolved_end_state_mention,3,3,0,0,0,0,0
2006,historical_pre_2000,2.9.1,description,date_filed,probate,judgment_reference,reference,sfsc.strict_judgment_end_state.abstract_of_judgment,3,2,0,0,0,0,0
2006,legacy_2000_2013,2.9.1,description,date_filed,writ_or_mandate,judgment_reference,reference,sfsc.strict_judgment_end_state.request_to_enter_judgment,3,2,0,0,0,0,0
2006,legacy_2000_2013,2.9.1,description,date_filed,criminal,vacatur,operative,sfsc.strict_judgment_end_state.criminal_guilty_plea_set_aside,3,3,0,0,0,0,0
2006,historical_pre_2000,2.9.1,description,date_filed,civil_general,vacatur,operative,sfsc.strict_judgment_end_state.vacatur_entered,3,3,0,0,0,0,0
2006,legacy_2000_2013,2.9.1,description,date_filed,civil_general,writ_reference,reference,sfsc.strict_judgment_end_state.proposed_disposition,3,3,0,0,0,0,0
2006,historical_pre_2000,2.9.1,description,date_filed,civil_general,writ_reference,reference,sfsc.strict_judgment_end_state.case_model_mismatch,3,2,0,0,0,0,0
2006,legacy_2000_2013,2.9.1,description,date_filed,civil_general,dismissal,operative,sfsc.strict_judgment_end_state.audited_prefixed_stipulated_dismissal_order,3,2,0,0,0,0,0
2006,legacy_2000_2013,2.9.1,description,date_filed,family_multi_order,family_judgment_enforcement_order,operative,sfsc.strict_judgment_end_state.family_judgment_enforcement_granted_contextual,3,3,0,0,0,0,0
2006,historical_pre_2000,2.9.1,description,date_filed,civil_general,renewal_reference,reference,sfsc.strict_judgment_end_state.abstract_of_judgment,3,1,0,0,0,0,0
2006,legacy_2000_2013,2.9.1,description,date_filed,civil_general,vacatur_reference,reference,sfsc.strict_judgment_end_state.ambiguous_default_or_judgment_set_aside_order,3,3,0,0,0,0,0
2006,historical_pre_2000,2.9.1,description,date_filed,civil_general,dismissal_reference,reference,sfsc.strict_judgment_end_state.motion_or_brief,3,1,0,0,0,0,0
2006,historical_pre_2000,2.9.1,description,date_filed,family_multi_order,family_restraining_order,operative,sfsc.strict_judgment_end_state.family_restraining_order_granted_contextual,3,3,0,0,0,0,0
2006,legacy_2000_2013,2.9.1,description,date_filed,family_multi_order,probate_order_reference,reference,sfsc.strict_judgment_end_state.probate_granted_procedural_order,3,3,0,0,0,0,0
2006,legacy_2000_2013,2.9.1,description,date_filed,unlawful_detainer,amended_judgment,superseding,sfsc.strict_judgment_end_state.amended_judgment_entered,3,3,0,0,0,0,0
2006,legacy_2000_2013,2.9.1,description,date_filed,unlawful_detainer,appeal_dismissed,operative,sfsc.strict_judgment_end_state.observed_appeal_dismissal_broad_order_forms,3,3,0,0,0,0,0
2006,legacy_2000_2013,2.9.1,description,date_filed,criminal,unknown_end_state,reference,sfsc.strict_judgment_end_state.criminal_unresolved_caption_or_date,3,3,0,0,0,0,0
2006,legacy_2000_2013,2.9.1,description,date_filed,civil_general,dismissal,operative,sfsc.strict_judgment_end_state.civil_motion_to_dismiss_complaint_granted,3,3,0,0,0,0,0
2006,legacy_2000_2013,2.9.1,description,date_filed,unlawful_detainer,dismissal_reference,reference,sfsc.strict_judgment_end_state.prospective_dismissal,3,2,0,0,0,0,0
2006,legacy_2000_2013,2.9.1,description,date_filed,civil_general,dismissal_reference,reference,sfsc.strict_judgment_end_state.audited_notice_of_dismissal_result,3,2,0,0,0,0,0
2006,legacy_2000_2013,2.9.1,description,date_filed,probate,judgment_reference,reference,sfsc.strict_judgment_end_state.certificate_or_declaration,3,3,0,0,0,0,0
2006,historical_pre_2000,2.9.1,description,date_filed,family_multi_order,family_custody_order,operative,sfsc.strict_judgment_end_state.family_child_specific_granted_contextual,3,3,0,0,0,0,0
2006,historical_pre_2000,2.9.1,description,date_filed,writ_or_mandate,dismissal,operative,sfsc.strict_judgment_end_state.dismissal_entered,3,3,0,0,0,0,0
2006,legacy_2000_2013,2.9.1,description,date_filed,appellate_review,appeal_reversed,operative,sfsc.strict_judgment_end_state.appeal_reversed,3,3,0,0,0,0,0
2006,historical_pre_2000,2.9.1,description,date_filed,family_multi_order,renewal_reference,reference,sfsc.strict_judgment_end_state.application_for_stipulated_judgment,3,2,1,1,0,1,0
2006,historical_pre_2000,2.9.1,description,date_filed,family_multi_order,family_order_reference,reference,sfsc.strict_judgment_end_state.family_assignment_modification_request,3,2,0,0,0,0,0
2006,historical_pre_2000,2.9.1,description,date_filed,criminal,unknown_end_state,reference,sfsc.strict_judgment_end_state.criminal_probation_remains_revoked,3,3,0,0,0,0,0
2006,historical_pre_2000,2.9.1,description,date_filed,civil_general,settlement,operative,sfsc.strict_judgment_end_state.settlement_notice,3,2,0,0,0,0,0
2006,unknown_period,2.9.1,description,date_filed,criminal,dismissal,operative,sfsc.strict_judgment_end_state.criminal_motion_to_dismiss_granted,3,3,0,0,0,0,0
2006,historical_pre_2000,2.9.1,description,date_filed,family_multi_order,family_judgment,operative,sfsc.strict_judgment_end_state.family_judgment_granted_contextual,3,2,0,0,0,0,0
2006,legacy_2000_2013,2.9.1,description,date_filed,civil_general,appeal_mixed,operative,sfsc.strict_judgment_end_state.observed_remittitur_mixed,3,3,0,0,0,0,0
2006,legacy_2000_2013,2.9.1,description,date_filed,writ_or_mandate,amended_judgment,superseding,sfsc.strict_judgment_end_state.observed_amended_or_revised_judgment,3,3,2,2,0,0,0
2006,historical_pre_2000,2.9.1,description,date_filed,unknown,vacatur_reference,reference,sfsc.strict_judgment_end_state.motion_or_brief,3,1,0,0,0,0,0
2006,legacy_2000_2013,2.9.1,docketEntryComment,filedDate,criminal,criminal_diversion_completed,operative,sfsc.strict_judgment_end_state.criminal_diversion_completed,3,3,0,0,0,0,0
2006,legacy_2000_2013,2.9.1,description,date_filed,civil_general,satisfaction_reference,reference,sfsc.strict_judgment_end_state.satisfaction_demand_or_notice,3,3,0,0,0,0,0
2006,historical_pre_2000,2.9.1,description,date_filed,writ_or_mandate,appeal_reference,reference,sfsc.strict_judgment_end_state.unresolved_end_state_mention,3,2,0,0,0,0,0
2006,legacy_2000_2013,2.9.1,description,date_filed,civil_general,settlement_reference,reference,sfsc.strict_judgment_end_state.notice_of_entry,3,3,0,0,0,0,0
2006,legacy_2000_2013,2.9.1,description,date_filed,family_multi_order,judgment,operative,sfsc.strict_judgment_end_state.recorded_calendar_judgment_filed,3,3,0,0,0,0,0
2006,legacy_2000_2013,2.9.1,description,date_filed,civil_general,probate_order_reference,reference,sfsc.strict_judgment_end_state.proposed_disposition,3,3,0,0,0,0,0
2006,historical_pre_2000,2.9.1,description,date_filed,family_multi_order,family_support_modification,operative,sfsc.strict_judgment_end_state.family_support_modification_granted_contextual,3,3,0,0,0,0,0
2006,legacy_2000_2013,2.9.1,description,date_filed,family_multi_order,judgment_reference,reference,sfsc.strict_judgment_end_state.audited_judgment_support_paper,3,3,0,0,0,0,0
2006,legacy_2000_2013,2.9.1,description,date_filed,civil_general,dismissal,operative,sfsc.strict_judgment_end_state.observed_order_dismissing_action,3,3,0,0,0,0,0
2006,historical_pre_2000,2.9.1,description,date_filed,criminal,unknown_end_state,reference,sfsc.strict_judgment_end_state.criminal_transfer_for_future_disposition,3,3,0,0,0,0,0
2006,historical_pre_2000,2.9.1,description,date_filed,writ_or_mandate,appeal_reference,reference,sfsc.strict_judgment_end_state.notice_of_appeal,3,1,0,0,0,0,0
2006,legacy_2000_2013,2.9.1,description,date_filed,civil_general,judgment_reference,reference,sfsc.strict_judgment_end_state.reviewed_grammar_summary_judgment_scheduling_stipulation,3,2,0,0,0,0,0
2006,legacy_2000_2013,2.9.1,description,date_filed,small_claims,renewal_reference,reference,sfsc.strict_judgment_end_state.renewal_notice,3,3,0,0,0,0,0
2006,legacy_2000_2013,2.9.1,description,date_filed,unlawful_detainer,judgment_reference,reference,sfsc.strict_judgment_end_state.audited_motion_or_brief_wrapper,3,3,0,0,0,0,0
2006,historical_pre_2000,2.9.1,description,date_filed,civil_general,settlement_reference,reference,sfsc.strict_judgment_end_state.proposed_disposition,3,2,0,0,0,0,0
2006,legacy_2000_2013,2.9.1,description,date_filed,unlawful_detainer,vacatur_reference,reference,sfsc.strict_judgment_end_state.notice_of_order_or_ruling,3,3,0,0,0,0,0
2006,legacy_2000_2013,2.9.1,description,date_filed,writ_or_mandate,dismissal,operative,sfsc.strict_judgment_end_state.recorded_case_or_matter_dismissal,3,3,0,0,0,0,0
2006,unknown_period,2.9.1,description,date_filed,criminal,appeal_affirmed,operative,sfsc.strict_judgment_end_state.criminal_appellate_judgment_result,3,3,0,0,0,0,0
2006,legacy_2000_2013,2.9.1,description,date_filed,civil_general,judgment_reference,reference,sfsc.strict_judgment_end_state.reviewed_grammar_default_judgment_supporting_papers,3,2,0,0,0,0,0
2006,legacy_2000_2013,2.9.1,docketEntryComment,filedDate,criminal,unknown_end_state,reference,sfsc.strict_judgment_end_state.probation_motion_or_future_setting,3,3,0,0,0,0,0
2006,legacy_2000_2013,2.9.1,description,date_filed,writ_or_mandate,appeal_reference,reference,sfsc.strict_judgment_end_state.proof_of_service,3,2,0,0,0,0,0
2006,legacy_2000_2013,2.9.1,description,date_filed,probate,probate_administration_order,operative,sfsc.strict_judgment_end_state.probate_substituted_administration_grant_observed,3,3,0,0,0,0,0
2006,legacy_2000_2013,2.9.1,description,date_filed,civil_general,judgment_of_dismissal,operative,sfsc.strict_judgment_end_state.judgment_of_dismissal,3,3,0,0,0,0,0
2006,legacy_2000_2013,2.9.1,description,date_filed,probate,settlement_reference,reference,sfsc.strict_judgment_end_state.motion_or_brief,3,2,0,0,0,0,0
2006,legacy_2000_2013,2.9.1,description,date_filed,family_multi_order,judgment_reference,reference,sfsc.strict_judgment_end_state.proof_of_service,3,2,0,0,0,0,0
2006,legacy_2000_2013,2.9.1,description,date_filed,unlawful_detainer,judgment_reference,reference,sfsc.strict_judgment_end_state.audited_judgment_assignment,3,3,0,0,0,0,0
2006,legacy_2000_2013,2.9.1,description,date_filed,family_multi_order,family_judgment,operative,sfsc.strict_judgment_end_state.observed_signed_decree_result,3,3,0,0,0,0,0
2006,legacy_2000_2013,2.9.1,description,date_filed,unlawful_detainer,appeal_affirmed,operative,sfsc.strict_judgment_end_state.appellate_order_affirming_judgment,3,3,0,0,0,0,0
2006,legacy_2000_2013,2.9.1,description,date_filed,unlawful_detainer,vacatur_reference,reference,sfsc.strict_judgment_end_state.audited_stipulation_and_order_reference,3,3,0,0,0,0,0
2006,historical_pre_2000,2.9.1,description,date_filed,writ_or_mandate,satisfaction,operative,sfsc.strict_judgment_end_state.satisfaction_filed,3,3,0,0,0,0,0
2006,legacy_2000_2013,2.9.1,description,date_filed,probate,writ_reference,reference,sfsc.strict_judgment_end_state.unresolved_end_state_mention,3,3,0,0,0,0,0
2006,legacy_2000_2013,2.9.1,description,date_filed,civil_general,name_change_petition_stricken,operative,sfsc.strict_judgment_end_state.name_change_petition_stricken_observed,2,2,0,0,0,0,0
2006,legacy_2000_2013,2.9.1,description,date_filed,civil_general,judgment_reference,reference,sfsc.strict_judgment_end_state.reviewed_grammar_audited_judgment_seal_or_release_reference,2,2,0,0,0,0,0
2006,legacy_2000_2013,2.9.1,description,date_filed,civil_general,unknown_end_state,reference,sfsc.strict_judgment_end_state.criminal_modified_release_or_protective_order,2,2,0,0,0,0,0
2006,historical_pre_2000,2.9.1,description,date_filed,probate,probate_trust_order,operative,sfsc.strict_judgment_end_state.probate_trust_termination_result,2,2,0,0,0,0,0
2006,legacy_2000_2013,2.9.1,description,date_filed,small_claims,appeal_reference,reference,sfsc.strict_judgment_end_state.dismissal_document_returned_by_mail,2,1,0,0,0,0,0
2006,legacy_2000_2013,2.9.1,description,date_filed,civil_general,judgment_of_dismissal,operative,sfsc.strict_judgment_end_state.judgment_of_dismissal_filed,2,2,0,0,0,0,0
2006,legacy_2000_2013,2.9.1,description,date_filed,unlawful_detainer,judgment_reference,reference,sfsc.strict_judgment_end_state.appellate_affirmed_legacy_outside_appellate_case,2,2,0,0,0,0,0
2006,legacy_2000_2013,2.9.1,description,date_filed,family_domestic_violence,family_support_order,operative,sfsc.strict_judgment_end_state.family_support_written_order_tail,2,2,0,0,0,0,0
2006,legacy_2000_2013,2.9.1,description,date_filed,family_multi_order,appeal_affirmed,operative,sfsc.strict_judgment_end_state.observed_remittitur_affirmed,2,1,0,0,0,0,0
2006,legacy_2000_2013,2.9.1,description,date_filed,appellate_review,appeal_reference,reference,sfsc.strict_judgment_end_state.unresolved_end_state_mention,2,1,0,0,0,0,0
2006,historical_pre_2000,2.9.1,description,date_filed,civil_general,vacatur_reference,reference,sfsc.strict_judgment_end_state.vacatur_motion_hearing_set,2,2,0,0,0,0,0
2006,historical_pre_2000,2.9.1,description,date_filed,probate,probate_reimbursement_order,operative,sfsc.strict_judgment_end_state.probate_reimbursement_granted_observed,2,2,0,0,0,0,0
2006,historical_pre_2000,2.9.1,description,date_filed,criminal,criminal_postconviction_relief_granted,operative,sfsc.strict_judgment_end_state.criminal_postconviction_petition_granted_observed,2,2,0,0,0,0,0
2006,legacy_2000_2013,2.9.1,description,date_filed,civil_general,unknown_end_state,reference,sfsc.strict_judgment_end_state.criminal_verdict_form_or_unresolved,2,2,0,0,0,0,0
2006,legacy_2000_2013,2.9.1,description,date_filed,writ_or_mandate,dismissal_reference,reference,sfsc.strict_judgment_end_state.writ_filing_reference,2,2,0,0,0,0,0
2006,legacy_2000_2013,2.9.1,description,date_filed,family_multi_order,vacatur_reference,reference,sfsc.strict_judgment_end_state.application_for_stipulated_judgment,2,2,0,0,0,0,0
2006,unknown_period,2.9.1,description,date_filed,criminal,judgment_reference,reference,sfsc.strict_judgment_end_state.unresolved_end_state_mention,2,2,0,0,0,0,0
2006,unknown_period,2.9.1,description,date_filed,criminal,criminal_verdict,operative,sfsc.strict_judgment_end_state.criminal_guilty_or_not_guilty_verdict,2,2,0,0,0,0,0
2006,legacy_2000_2013,2.9.1,description,date_filed,probate,dismissal,operative,sfsc.strict_judgment_end_state.direct_case_dismissed,2,2,0,0,0,0,0
2006,unknown_period,2.9.1,description,date_filed,criminal,dismissal_reference,reference,sfsc.strict_judgment_end_state.prospective_dismissal,2,2,0,0,0,0,0
2006,historical_pre_2000,2.9.1,description,date_filed,family_multi_order,family_restraining_order_denied,operative,sfsc.strict_judgment_end_state.family_restraining_order_denied_with_review,2,2,0,0,0,0,0
2006,legacy_2000_2013,2.9.1,description,date_filed,writ_or_mandate,satisfaction_reference,reference,sfsc.strict_judgment_end_state.satisfaction_demand_or_notice,2,2,0,0,0,0,0
2006,legacy_2000_2013,2.9.1,description,date_filed,unlawful_detainer,judgment_reference,reference,sfsc.strict_judgment_end_state.audited_calendar_reference_to_judgment,2,2,0,0,0,0,0
2006,legacy_2000_2013,2.9.1,description,date_filed,family_multi_order,dismissal_reference,reference,sfsc.strict_judgment_end_state.motion_or_brief,2,2,0,0,0,0,0
2006,legacy_2000_2013,2.9.1,description,date_filed,appellate_review,judgment_reference,reference,sfsc.strict_judgment_end_state.proposed_disposition,2,2,0,0,0,0,0
2006,legacy_2000_2013,2.9.1,description,date_filed,probate,probate_settlement_order,operative,sfsc.strict_judgment_end_state.probate_settlement_granted_contextual,2,2,0,0,0,0,0
2006,legacy_2000_2013,2.9.1,description,date_filed,unlawful_detainer,vacatur_reference,reference,sfsc.strict_judgment_end_state.hearing_setting,2,2,0,0,0,0,0
2006,historical_pre_2000,2.9.1,description,date_filed,civil_general,settlement,operative,sfsc.strict_judgment_end_state.case_reported_settled,2,2,0,0,0,0,0
2006,legacy_2000_2013,2.9.1,description,date_filed,writ_or_mandate,vacatur_reference,reference,sfsc.strict_judgment_end_state.notice_of_order_or_ruling,2,2,0,0,0,0,0
2006,legacy_2000_2013,2.9.1,description,date_filed,probate,probate_guardian_ad_litem_discharge_order,operative,sfsc.strict_judgment_end_state.probate_guardian_ad_litem_discharge_granted_observed,2,2,0,0,0,0,0
2006,historical_pre_2000,2.9.1,description,date_filed,probate,renewal_reference,reference,sfsc.strict_judgment_end_state.renewal_notice,2,1,0,0,0,0,0
2006,legacy_2000_2013,2.9.1,description,date_filed,probate,probate_order_reference,reference,sfsc.strict_judgment_end_state.probate_empirical_fee_or_compensation_grant_reference,2,2,0,0,0,0,0
2006,legacy_2000_2013,2.9.1,description,date_filed,criminal,vacatur,operative,sfsc.strict_judgment_end_state.criminal_sentence_vacated,2,2,0,0,0,0,0
2006,historical_pre_2000,2.9.1,description,date_filed,family_multi_order,family_support_modification,operative,sfsc.strict_judgment_end_state.family_support_financial_modification_granted_contextual,2,2,0,0,0,0,0
2006,legacy_2000_2013,2.9.1,docketEntryComment,filedDate,criminal,criminal_information_set_aside,operative,sfsc.strict_judgment_end_state.criminal_information_set_aside_granted,2,2,0,0,0,0,0
2006,legacy_2000_2013,2.9.1,docketEntryComment,filedDate,criminal,dismissal_reference,reference,sfsc.strict_judgment_end_state.criminal_dismissal_motion_or_setting,2,2,0,0,0,0,0
2006,legacy_2000_2013,2.9.1,description,date_filed,civil_general,vacatur,operative,sfsc.strict_judgment_end_state.observed_dismissal_order_vacated,2,2,0,0,0,0,0
2006,legacy_2000_2013,2.9.1,description,date_filed,civil_general,dismissal_reference,reference,sfsc.strict_judgment_end_state.certificate_or_declaration,2,2,0,0,0,0,0
2006,legacy_2000_2013,2.9.1,description,date_filed,writ_or_mandate,writ_reference,reference,sfsc.strict_judgment_end_state.proof_of_service,2,1,0,0,0,0,0
2006,legacy_2000_2013,2.9.1,description,date_filed,probate,dismissal,operative,sfsc.strict_judgment_end_state.dismissal_entered,2,2,0,0,0,0,0
2006,legacy_2000_2013,2.9.1,description,date_filed,unlawful_detainer,dismissal_reference,reference,sfsc.strict_judgment_end_state.proposed_disposition,2,2,0,0,0,0,0
2006,legacy_2000_2013,2.9.1,description,date_filed,criminal,criminal_verdict,operative,sfsc.strict_judgment_end_state.criminal_not_guilty_by_reason_of_insanity,2,2,0,0,0,0,0
2006,legacy_2000_2013,2.9.1,description,date_filed,writ_or_mandate,writ_reference,reference,sfsc.strict_judgment_end_state.application_for_stipulated_judgment,2,2,0,0,0,0,0
2006,legacy_2000_2013,2.9.1,description,date_filed,family_domestic_violence,appeal_dismissed,operative,sfsc.strict_judgment_end_state.observed_appeal_dismissal_broad_order_forms,2,2,0,0,0,0,0
2006,legacy_2000_2013,2.9.1,description,date_filed,probate,probate_guardian_ad_litem_appointment_order,operative,sfsc.strict_judgment_end_state.probate_guardian_ad_litem_appointment_granted_observed,2,1,0,0,0,0,0
2006,legacy_2000_2013,2.9.1,description,date_filed,probate,probate_discharge_order,operative,sfsc.strict_judgment_end_state.probate_fiduciary_discharge_grant_observed,2,2,0,0,0,0,0
2006,legacy_2000_2013,2.9.1,description,date_filed,family_multi_order,appeal_reference,reference,sfsc.strict_judgment_end_state.unresolved_end_state_mention,2,1,0,0,0,0,0
2006,legacy_2000_2013,2.9.1,description,date_filed,unlawful_detainer,dismissal,operative,sfsc.strict_judgment_end_state.recorded_case_or_matter_dismissal,2,2,0,0,0,0,0
2006,legacy_2000_2013,2.9.1,description,date_filed,criminal,unknown_end_state,reference,sfsc.strict_judgment_end_state.criminal_motion_filing_without_case_result,2,2,0,0,0,0,0
2006,historical_pre_2000,2.9.1,description,date_filed,civil_general,judgment_reference,reference,sfsc.strict_judgment_end_state.judgment_lien_release,2,2,0,0,0,0,0
2006,legacy_2000_2013,2.9.1,description,date_filed,family_multi_order,judgment_reference,reference,sfsc.strict_judgment_end_state.audited_ex_parte_judgment_application,2,2,0,0,0,0,0
2006,historical_pre_2000,2.9.1,description,date_filed,family_domestic_violence,family_order_reference,reference,sfsc.strict_judgment_end_state.family_support_modification_hearing_notice,2,2,0,0,0,0,0
2006,historical_pre_2000,2.9.1,description,date_filed,probate,judgment_reference,reference,sfsc.strict_judgment_end_state.case_model_mismatch,2,1,0,0,0,0,0
2006,legacy_2000_2013,2.9.1,description,date_filed,family_multi_order,family_property_order,operative,sfsc.strict_judgment_end_state.family_property_specific_granted_contextual,2,2,0,0,0,0,0
2006,legacy_2000_2013,2.9.1,description,date_filed,probate,appeal_reversed,operative,sfsc.strict_judgment_end_state.observed_remittitur_reversed,2,2,0,0,0,0,0
2006,legacy_2000_2013,2.9.1,description,date_filed,unlawful_detainer,settlement_reference,reference,sfsc.strict_judgment_end_state.proposed_disposition,2,2,0,0,0,0,0
2006,legacy_2000_2013,2.9.1,description,date_filed,civil_general,summary_judgment,operative,sfsc.strict_judgment_end_state.reviewed_grammar_summary_judgment_granted,2,1,0,0,0,0,0
2006,legacy_2000_2013,2.9.1,description,date_filed,small_claims,petition_ruling,operative,sfsc.strict_judgment_end_state.observed_dismissal_motion_denied,2,1,2,2,0,0,0
2006,legacy_2000_2013,2.9.1,description,date_filed,criminal,appeal_dismissed,operative,sfsc.strict_judgment_end_state.criminal_appeal_abandoned,2,2,0,0,0,0,0
2006,historical_pre_2000,2.9.1,description,date_filed,probate,probate_administration_order,operative,sfsc.strict_judgment_end_state.probate_substituted_administration_grant_observed,2,2,0,0,0,0,0
2006,legacy_2000_2013,2.9.1,description,date_filed,family_multi_order,appeal_dismissed,operative,sfsc.strict_judgment_end_state.observed_appeal_dismissal_broad_order_forms,2,2,0,0,0,0,0
2006,legacy_2000_2013,2.9.1,description,date_filed,family_multi_order,settlement_reference,reference,sfsc.strict_judgment_end_state.hearing_setting,2,1,0,0,0,0,0
2006,legacy_2000_2013,2.9.1,description,date_filed,civil_general,judgment_reference,reference,sfsc.strict_judgment_end_state.reviewed_grammar_generic_judgment_application_or_request,2,2,0,0,0,0,0
2006,historical_pre_2000,2.9.1,description,date_filed,probate,probate_litigation_order,operative,sfsc.strict_judgment_end_state.probate_litigation_granted_observed,2,2,0,0,0,0,0
2006,legacy_2000_2013,2.9.1,description,date_filed,family_multi_order,dismissal_reference,reference,sfsc.strict_judgment_end_state.dismissal_struck_or_voided,2,2,0,0,0,0,0
2006,legacy_2000_2013,2.9.1,description,date_filed,unlawful_detainer,writ_reference,reference,sfsc.strict_judgment_end_state.bare_judgment_set_aside_caption,2,2,0,0,0,0,0
2006,legacy_2000_2013,2.9.1,description,date_filed,civil_general,appeal_reference,reference,sfsc.strict_judgment_end_state.hearing_setting,2,2,0,0,0,0,0
2006,legacy_2000_2013,2.9.1,description,date_filed,unlawful_detainer,dismissal_reference,reference,sfsc.strict_judgment_end_state.bare_judgment_set_aside_caption,2,2,0,0,0,0,0
2006,historical_pre_2000,2.9.1,description,date_filed,civil_general,judgment_reference,reference,sfsc.strict_judgment_end_state.audited_motion_or_brief_wrapper,2,1,0,0,0,0,0
2006,historical_pre_2000,2.9.1,description,date_filed,writ_or_mandate,family_order_reference,reference,sfsc.strict_judgment_end_state.family_procedural_filing,2,1,0,0,0,0,0
2006,legacy_2000_2013,2.9.1,description,date_filed,family_domestic_violence,appeal_dismissed,operative,sfsc.strict_judgment_end_state.observed_remittitur_dismissed,2,2,0,0,0,0,0
2006,legacy_2000_2013,2.9.1,description,date_filed,appellate_review,appeal_reversed,operative,sfsc.strict_judgment_end_state.appellate_suppression_order_reversed,2,2,0,0,0,0,0
2006,legacy_2000_2013,2.9.1,description,date_filed,unlawful_detainer,dismissal_reference,reference,sfsc.strict_judgment_end_state.vacatur_reference,2,2,0,0,0,0,0
2006,historical_pre_2000,2.9.1,description,date_filed,family_multi_order,family_judgment_enforcement_order,operative,sfsc.strict_judgment_end_state.family_judgment_enforcement_granted_contextual,2,2,0,0,0,0,0
2006,legacy_2000_2013,2.9.1,description,date_filed,writ_or_mandate,dismissal,operative,sfsc.strict_judgment_end_state.court_dismissal_order_caption,2,2,0,0,0,0,0
2006,historical_pre_2000,2.9.1,description,date_filed,civil_general,renewal_reference,reference,sfsc.strict_judgment_end_state.unresolved_end_state_mention,2,2,0,0,0,0,0
2006,unknown_period,2.9.1,description,date_filed,criminal,unknown_end_state,reference,sfsc.strict_judgment_end_state.criminal_release_or_bail_procedure,2,2,0,0,0,0,0
2006,legacy_2000_2013,2.9.1,description,date_filed,family_multi_order,family_restraining_order,operative,sfsc.strict_judgment_end_state.family_protective_relief_granted_contextual,2,2,0,0,0,0,0
2006,historical_pre_2000,2.9.1,description,date_filed,probate,appeal_dismissed,operative,sfsc.strict_judgment_end_state.observed_remittitur_dismissed,2,2,0,0,0,0,0
2006,legacy_2000_2013,2.9.1,description,date_filed,small_claims,appeal_dismissed,operative,sfsc.strict_judgment_end_state.small_claims_appeal_dismissal_order,2,2,0,0,0,0,0
2006,legacy_2000_2013,2.9.1,description,date_filed,criminal,dismissal_reference,reference,sfsc.strict_judgment_end_state.dismissal_set_aside,2,2,0,0,0,0,0
2006,legacy_2000_2013,2.9.1,description,date_filed,small_claims,satisfaction,operative,sfsc.strict_judgment_end_state.audited_satisfaction_filed_observed,2,2,0,0,0,0,0
2006,legacy_2000_2013,2.9.1,description,date_filed,probate,amended_judgment,superseding,sfsc.strict_judgment_end_state.observed_amended_or_revised_judgment,2,1,0,0,0,0,0
2006,legacy_2000_2013,2.9.1,description,date_filed,probate,probate_termination_order,operative,sfsc.strict_judgment_end_state.observed_probate_entity_termination_result,2,1,0,0,0,0,0
2006,legacy_2000_2013,2.9.1,description,date_filed,small_claims,judgment_reference,reference,sfsc.strict_judgment_end_state.audited_notice_of_entry,2,2,0,0,0,0,0
2006,legacy_2000_2013,2.9.1,docketEntryComment,filedDate,criminal,dismissal_reference,reference,sfsc.strict_judgment_end_state.prospective_dismissal,2,2,0,0,0,0,0
2006,legacy_2000_2013,2.9.1,description,date_filed,family_multi_order,family_order_reference,reference,sfsc.strict_judgment_end_state.family_fee_waiver_denied_collateral,2,2,0,0,0,0,0
2006,legacy_2000_2013,2.9.1,description,date_filed,civil_general,writ_reference,reference,sfsc.strict_judgment_end_state.abstract_of_judgment,2,1,0,0,0,0,0
2006,unknown_period,2.9.1,docketEntryComment,filedDate,criminal,criminal_plea,operative,sfsc.strict_judgment_end_state.criminal_concatenated_guilty_or_no_contest_plea,2,2,0,0,0,0,0
2006,legacy_2000_2013,2.9.1,description,date_filed,family_multi_order,dismissal_reference,reference,sfsc.strict_judgment_end_state.dismissal_set_aside,2,2,0,0,0,0,0
2006,legacy_2000_2013,2.9.1,description,date_filed,writ_or_mandate,judgment_reference,reference,sfsc.strict_judgment_end_state.reviewed_grammar_generic_judgment_application_or_request,2,2,0,0,0,0,0
2006,historical_pre_2000,2.9.1,description,date_filed,writ_or_mandate,renewal_reference,reference,sfsc.strict_judgment_end_state.renewal_notice,2,2,0,0,0,0,0
2006,legacy_2000_2013,2.9.1,description,date_filed,civil_general,settlement_reference,reference,sfsc.strict_judgment_end_state.request_to_enter_judgment,2,1,0,0,0,0,0
2006,legacy_2000_2013,2.9.1,description,date_filed,family_multi_order,judgment_reference,reference,sfsc.strict_judgment_end_state.audited_stipulation_seeking_judgment,2,2,0,0,0,0,0
2006,legacy_2000_2013,2.9.1,description,date_filed,writ_or_mandate,appeal_reference,reference,sfsc.strict_judgment_end_state.unresolved_end_state_mention,2,2,0,0,0,0,0
2006,legacy_2000_2013,2.9.1,description,date_filed,unlawful_detainer,writ_reference,reference,sfsc.strict_judgment_end_state.proof_of_service,2,2,0,0,0,0,0
2006,legacy_2000_2013,2.9.1,description,date_filed,family_domestic_violence,family_custody_order,operative,sfsc.strict_judgment_end_state.family_child_specific_granted_contextual,2,2,0,0,0,0,0
2006,legacy_2000_2013,2.9.1,description,date_filed,family_domestic_violence,dismissal,operative,sfsc.strict_judgment_end_state.dismissal_entered,2,1,0,0,0,0,0
2006,legacy_2000_2013,2.9.1,description,date_filed,criminal,vacatur,operative,sfsc.strict_judgment_end_state.audited_dismissal_vacated_and_reopened,2,2,0,0,0,0,0
2006,legacy_2000_2013,2.9.1,description,date_filed,family_multi_order,family_order_reference,reference,sfsc.strict_judgment_end_state.certificate_or_declaration,2,2,0,0,0,0,0
2006,legacy_2000_2013,2.9.1,description,date_filed,civil_general,renewal_reference,reference,sfsc.strict_judgment_end_state.certificate_or_declaration,2,2,0,0,0,0,0
2006,legacy_2000_2013,2.9.1,description,date_filed,probate,probate_care_authority_order,operative,sfsc.strict_judgment_end_state.probate_care_authority_granted_observed,2,2,0,0,0,0,0
2006,legacy_2000_2013,2.9.1,description,date_filed,writ_or_mandate,dismissal_reference,reference,sfsc.strict_judgment_end_state.appeal_reference,2,1,0,0,0,0,0
2006,legacy_2000_2013,2.9.1,description,date_filed,family_multi_order,judgment_reference,reference,sfsc.strict_judgment_end_state.reviewed_grammar_judgment_stipulation_without_order,2,2,0,0,0,0,0
2006,legacy_2000_2013,2.9.1,description,date_filed,civil_general,appeal_affirmed,operative,sfsc.strict_judgment_end_state.appeal_affirmed,2,2,0,0,0,0,0
2006,legacy_2000_2013,2.9.1,description,date_filed,writ_or_mandate,judgment_reference,reference,sfsc.strict_judgment_end_state.hearing_setting,2,2,0,0,0,0,0
2006,unknown_period,2.9.1,docketEntryComment,filedDate,criminal,criminal_sentence_modification,operative,sfsc.strict_judgment_end_state.criminal_sentence_deemed_served,2,2,0,0,0,0,0
2006,legacy_2000_2013,2.9.1,description,date_filed,unlawful_detainer,vacatur,operative,sfsc.strict_judgment_end_state.reviewed_residual_judgment_or_dismissal_vacated,2,2,0,0,0,0,0
2006,legacy_2000_2013,2.9.1,description,date_filed,family_multi_order,family_support_order,operative,sfsc.strict_judgment_end_state.family_support_compound_grant,2,2,0,0,0,0,0
2006,legacy_2000_2013,2.9.1,description,date_filed,civil_general,settlement_reference,reference,sfsc.strict_judgment_end_state.notice_of_order_or_ruling,2,2,0,0,0,0,0
2006,legacy_2000_2013,2.9.1,description,date_filed,writ_or_mandate,judgment_reference,reference,sfsc.strict_judgment_end_state.audited_notice_of_entry,2,2,0,0,0,0,0
2006,historical_pre_2000,2.9.1,description,date_filed,probate,dismissal,operative,sfsc.strict_judgment_end_state.dismissal_entered,2,2,0,0,0,0,0
2006,historical_pre_2000,2.9.1,description,date_filed,family_domestic_violence,family_support_modification,operative,sfsc.strict_judgment_end_state.family_support_modification,2,2,0,0,0,0,0
2006,unknown_period,2.9.1,docketEntryComment,filedDate,criminal,unknown_end_state,reference,sfsc.strict_judgment_end_state.criminal_probation_remains_revoked,2,2,0,0,0,0,0
2006,legacy_2000_2013,2.9.1,description,date_filed,criminal,vacatur,operative,sfsc.strict_judgment_end_state.vacatur_entered,2,2,0,0,0,0,0
2006,legacy_2000_2013,2.9.1,description,date_filed,small_claims,satisfaction_reference,reference,sfsc.strict_judgment_end_state.motion_or_brief,2,2,0,0,0,0,0
2006,legacy_2000_2013,2.9.1,description,date_filed,small_claims,satisfaction_reference,reference,sfsc.strict_judgment_end_state.reviewed_grammar_audited_satisfaction_secondary_evidence,2,2,0,0,0,0,0
2006,legacy_2000_2013,2.9.1,description,date_filed,family_multi_order,family_property_order,operative,sfsc.strict_judgment_end_state.family_observed_multi_effect_family_property_order,2,1,0,0,0,0,0
2006,legacy_2000_2013,2.9.1,description,date_filed,family_multi_order,appeal_reference,reference,sfsc.strict_judgment_end_state.appeal_reference,2,2,0,0,0,0,0
2006,historical_pre_2000,2.9.1,description,date_filed,civil_general,name_change_decree,operative,sfsc.strict_judgment_end_state.legacy_name_change_result,2,2,0,0,0,0,0
2006,historical_pre_2000,2.9.1,description,date_filed,family_domestic_violence,family_custody_order,operative,sfsc.strict_judgment_end_state.family_custody_written_order_tail,2,2,0,0,0,0,0
2006,historical_pre_2000,2.9.1,description,date_filed,probate,judgment_reference,reference,sfsc.strict_judgment_end_state.proposed_disposition,2,2,0,0,0,0,0
2006,legacy_2000_2013,2.9.1,description,date_filed,family_multi_order,judgment_reference,reference,sfsc.strict_judgment_end_state.abstract_of_judgment,2,2,0,0,0,0,0
2006,legacy_2000_2013,2.9.1,description,date_filed,criminal,dismissal,operative,sfsc.strict_judgment_end_state.criminal_pc_991_motion_granted_count,2,2,0,0,0,0,0
2006,historical_pre_2000,2.9.1,description,date_filed,family_multi_order,vacatur_reference,reference,sfsc.strict_judgment_end_state.hearing_setting,2,2,0,0,0,0,0
2006,legacy_2000_2013,2.9.1,description,date_filed,writ_or_mandate,satisfaction_reference,reference,sfsc.strict_judgment_end_state.motion_or_brief,2,1,0,0,0,0,0
2006,legacy_2000_2013,2.9.1,description,date_filed,family_multi_order,dismissal_reference,reference,sfsc.strict_judgment_end_state.criminal_dismissal_motion_or_setting,2,2,0,0,0,0,0
2006,legacy_2000_2013,2.9.1,description,date_filed,family_domestic_violence,appeal_reference,reference,sfsc.strict_judgment_end_state.notice_of_appeal,2,2,0,0,0,0,0
2006,legacy_2000_2013,2.9.1,description,date_filed,criminal,dismissal_reference,reference,sfsc.strict_judgment_end_state.dismissal_request_only,2,2,0,0,0,0,0
2006,legacy_2000_2013,2.9.1,description,date_filed,family_domestic_violence,dismissal,operative,sfsc.strict_judgment_end_state.legacy_current_criminal_dismissal_fallback,2,1,0,0,0,0,0
2006,legacy_2000_2013,2.9.1,description,date_filed,writ_or_mandate,judgment_reference,reference,sfsc.strict_judgment_end_state.audited_notice_of_judgment,2,2,0,0,0,0,0
2006,historical_pre_2000,2.9.1,description,date_filed,family_multi_order,family_custody_order,operative,sfsc.strict_judgment_end_state.family_visitation_granted,2,2,0,0,0,0,0
2006,legacy_2000_2013,2.9.1,description,date_filed,family_multi_order,family_unspecified_order,operative,sfsc.strict_judgment_end_state.family_findings_order_granted,2,2,0,0,0,0,0
2006,legacy_2000_2013,2.9.1,description,date_filed,small_claims,judgment_reference,reference,sfsc.strict_judgment_end_state.request_to_enter_judgment,2,2,0,0,0,0,0
2006,historical_pre_2000,2.9.1,description,date_filed,probate,satisfaction,operative,sfsc.strict_judgment_end_state.satisfaction_filed,2,2,0,0,0,0,0
2006,legacy_2000_2013,2.9.1,description,date_filed,writ_or_mandate,dismissal_reference,reference,sfsc.strict_judgment_end_state.notice_of_entry,2,2,0,0,0,0,0
2006,legacy_2000_2013,2.9.1,description,date_filed,writ_or_mandate,appeal_reference,reference,sfsc.strict_judgment_end_state.bare_remittitur,2,2,0,0,0,0,0
2006,historical_pre_2000,2.9.1,description,date_filed,family_multi_order,family_restraining_order_denied,operative,sfsc.strict_judgment_end_state.family_dv_restraining_order_denied,2,2,0,0,0,0,0
2006,legacy_2000_2013,2.9.1,description,date_filed,civil_general,probate_order_reference,reference,sfsc.strict_judgment_end_state.motion_or_brief,2,2,0,0,0,0,0
2006,legacy_2000_2013,2.9.1,description,date_filed,civil_general,vacatur_reference,reference,sfsc.strict_judgment_end_state.abstract_of_judgment,2,2,0,0,0,0,0
2006,historical_pre_2000,2.9.1,description,date_filed,civil_general,satisfaction_reference,reference,sfsc.strict_judgment_end_state.satisfaction_demand_or_notice,2,2,0,0,0,0,0
2006,historical_pre_2000,2.9.1,description,date_filed,family_multi_order,appeal_reference,reference,sfsc.strict_judgment_end_state.notice_of_appeal,2,1,0,0,0,0,0
2006,legacy_2000_2013,2.9.1,description,date_filed,criminal,unknown_end_state,reference,sfsc.strict_judgment_end_state.criminal_release_motion_or_credit_order,2,2,0,0,0,0,0
2006,historical_pre_2000,2.9.1,description,date_filed,civil_general,appeal_mixed,operative,sfsc.strict_judgment_end_state.observed_remittitur_mixed,2,2,0,0,0,0,0
2006,historical_pre_2000,2.9.1,description,date_filed,probate,probate_case_closure_order,operative,sfsc.strict_judgment_end_state.probate_case_closure_granted_observed,2,2,0,0,0,0,0
2006,historical_pre_2000,2.9.1,description,date_filed,criminal,appeal_dismissed,operative,sfsc.strict_judgment_end_state.criminal_appeal_abandoned,2,2,0,0,0,0,0
2006,legacy_2000_2013,2.9.1,description,date_filed,writ_or_mandate,vacatur_reference,reference,sfsc.strict_judgment_end_state.application_for_stipulated_judgment,2,2,1,1,0,0,0
2006,legacy_2000_2013,2.9.1,description,date_filed,family_multi_order,family_parentage_judgment,operative,sfsc.strict_judgment_end_state.family_parentage_judgment,2,2,0,0,0,0,0
2006,legacy_2000_2013,2.9.1,description,date_filed,civil_general,renewal_reference,reference,sfsc.strict_judgment_end_state.proposed_disposition,2,2,0,0,0,0,0
2006,legacy_2000_2013,2.9.1,description,date_filed,family_multi_order,family_support_modification,operative,sfsc.strict_judgment_end_state.family_support_modification_granted_contextual,2,2,0,0,0,0,0
2006,historical_pre_2000,2.9.1,description,date_filed,family_multi_order,appeal_reversed,operative,sfsc.strict_judgment_end_state.observed_remittitur_reversed,2,2,0,0,0,0,0
2006,legacy_2000_2013,2.9.1,description,date_filed,writ_or_mandate,family_order_reference,reference,sfsc.strict_judgment_end_state.family_procedural_filing,2,2,0,0,0,0,0
2006,legacy_2000_2013,2.9.1,description,date_filed,family_domestic_violence,family_property_order,operative,sfsc.strict_judgment_end_state.family_property_relief_granted_contextual,2,2,0,0,0,0,0
2006,legacy_2000_2013,2.9.1,description,date_filed,family_domestic_violence,dismissal_reference,reference,sfsc.strict_judgment_end_state.dismissal_request_only,2,2,0,0,0,0,0
2006,legacy_2000_2013,2.9.1,description,date_filed,civil_general,judgment_reference,reference,sfsc.strict_judgment_end_state.audited_judgment_request,2,1,0,0,0,0,0
2006,legacy_2000_2013,2.9.1,description,date_filed,writ_or_mandate,writ_reference,reference,sfsc.strict_judgment_end_state.certificate_or_declaration,2,1,0,0,0,0,0
2006,historical_pre_2000,2.9.1,description,date_filed,family_multi_order,renewal_reference,reference,sfsc.strict_judgment_end_state.unresolved_end_state_mention,2,2,0,0,0,0,0
2006,historical_pre_2000,2.9.1,description,date_filed,civil_general,renewal_reference,reference,sfsc.strict_judgment_end_state.certificate_or_declaration,2,2,0,0,0,0,0
2006,historical_pre_2000,2.9.1,description,date_filed,small_claims,vacatur,operative,sfsc.strict_judgment_end_state.vacatur_entered,2,1,0,0,0,0,0
2006,legacy_2000_2013,2.9.1,description,date_filed,probate,judgment_reference,reference,sfsc.strict_judgment_end_state.objection_or_response,2,2,0,0,0,0,0
2006,legacy_2000_2013,2.9.1,description,date_filed,family_multi_order,family_order_reference,reference,sfsc.strict_judgment_end_state.family_postjudgment_stipulation,2,2,0,0,0,0,0
2006,legacy_2000_2013,2.9.1,description,date_filed,civil_general,judgment_reference,reference,sfsc.strict_judgment_end_state.audited_ex_parte_judgment_application,2,2,0,0,0,0,0
2006,legacy_2000_2013,2.9.1,description,date_filed,family_multi_order,vacatur_reference,reference,sfsc.strict_judgment_end_state.bare_judgment_set_aside_caption,2,2,0,0,0,0,0
2006,legacy_2000_2013,2.9.1,description,date_filed,family_multi_order,vacatur_reference,reference,sfsc.strict_judgment_end_state.certificate_or_declaration,2,2,0,0,0,0,0
2006,historical_pre_2000,2.9.1,description,date_filed,writ_or_mandate,renewal,operative,sfsc.strict_judgment_end_state.ccp_683_110_renewal,2,2,2,2,0,0,0
2006,legacy_2000_2013,2.9.1,description,date_filed,civil_general,name_change_decree,operative,sfsc.strict_judgment_end_state.observed_name_change_signed_decree_forms,2,2,0,0,0,0,0
2006,legacy_2000_2013,2.9.1,description,date_filed,civil_general,judgment_reference,reference,sfsc.strict_judgment_end_state.reviewed_grammar_expedited_summary_judgment_intent_notice,2,2,0,0,0,0,0
2006,legacy_2000_2013,2.9.1,description,date_filed,criminal,unknown_end_state,reference,sfsc.strict_judgment_end_state.criminal_additional_plea_procedure,2,2,0,0,0,0,0
2006,legacy_2000_2013,2.9.1,description,date_filed,writ_or_mandate,vacatur_reference,reference,sfsc.strict_judgment_end_state.vacatur_motion_hearing_set,2,1,0,0,0,0,0
2006,legacy_2000_2013,2.9.1,description,date_filed,small_claims,judgment_reference,reference,sfsc.strict_judgment_end_state.audited_judgment_request,2,2,0,0,0,0,0
2006,legacy_2000_2013,2.9.1,description,date_filed,appellate_review,appeal_reference,reference,sfsc.strict_judgment_end_state.proposed_disposition,2,2,0,0,0,0,0
2006,legacy_2000_2013,2.9.1,description,date_filed,unlawful_detainer,vacatur_reference,reference,sfsc.strict_judgment_end_state.vacatur_reference,2,2,0,0,0,0,0
2006,historical_pre_2000,2.9.1,description,date_filed,unlawful_detainer,writ_reference,reference,sfsc.strict_judgment_end_state.renewal_notice,2,2,0,0,0,0,0
2006,legacy_2000_2013,2.9.1,description,date_filed,probate,dismissal,operative,sfsc.strict_judgment_end_state.court_dismissal_order_caption,2,2,0,0,0,0,0
2006,historical_pre_2000,2.9.1,description,date_filed,probate,probate_status_order,operative,sfsc.strict_judgment_end_state.probate_status_granted_observed,2,2,0,0,0,0,0
2006,legacy_2000_2013,2.9.1,description,date_filed,civil_general,vacatur,operative,sfsc.strict_judgment_end_state.reviewed_residual_judgment_or_dismissal_vacated,2,2,0,0,0,0,0
2006,legacy_2000_2013,2.9.1,description,date_filed,unlawful_detainer,appeal_reference,reference,sfsc.strict_judgment_end_state.unresolved_end_state_mention,2,2,0,0,0,0,0
2006,historical_pre_2000,2.9.1,description,date_filed,civil_general,dismissal_reference,reference,sfsc.strict_judgment_end_state.audited_notice_of_dismissal_result,2,2,0,0,0,0,0
2006,legacy_2000_2013,2.9.1,description,date_filed,family_multi_order,writ_reference,reference,sfsc.strict_judgment_end_state.case_model_mismatch,2,2,0,0,0,0,0
2006,legacy_2000_2013,2.9.1,description,date_filed,criminal,vacatur_reference,reference,sfsc.strict_judgment_end_state.motion_or_brief,2,1,0,0,0,0,0
2006,legacy_2000_2013,2.9.1,description,date_filed,civil_general,dismissal_reference,reference,sfsc.strict_judgment_end_state.notice_of_dismissal_order,2,2,0,0,0,0,0
2006,historical_pre_2000,2.9.1,description,date_filed,probate,appeal_dismissed,operative,sfsc.strict_judgment_end_state.appeal_dismissal_clerk_certificate,2,1,0,0,0,0,0
2006,legacy_2000_2013,2.9.1,description,date_filed,small_claims,dismissal_reference,reference,sfsc.strict_judgment_end_state.dismissal_set_aside,2,1,0,0,0,0,0
2006,legacy_2000_2013,2.9.1,description,date_filed,probate,probate_appointment_order,operative,sfsc.strict_judgment_end_state.probate_appointment_denied,2,2,0,0,0,0,0
2006,legacy_2000_2013,2.9.1,description,date_filed,probate,probate_capacity_order,operative,sfsc.strict_judgment_end_state.probate_capacity_granted_observed,2,2,0,0,0,0,0
2006,legacy_2000_2013,2.9.1,description,date_filed,civil_general,judgment_reference,reference,sfsc.strict_judgment_end_state.reviewed_grammar_summary_judgment_opposition_or_evidence,2,2,0,0,0,0,0
2006,legacy_2000_2013,2.9.1,description,date_filed,unlawful_detainer,judgment_reference,reference,sfsc.strict_judgment_end_state.reviewed_grammar_default_judgment_supporting_papers,2,2,0,0,0,0,0
2006,historical_pre_2000,2.9.1,description,date_filed,family_multi_order,family_judgment,operative,sfsc.strict_judgment_end_state.family_final_judgment,2,2,0,0,0,0,0
2006,legacy_2000_2013,2.9.1,description,date_filed,civil_general,vacatur_reference,reference,sfsc.strict_judgment_end_state.reviewed_grammar_judgment_vacatur_intention_notice,2,2,0,0,0,0,0
2006,legacy_2000_2013,2.9.1,description,date_filed,family_multi_order,family_custody_order,operative,sfsc.strict_judgment_end_state.family_observed_multi_effect_family_custody_order,2,2,0,0,0,0,0
2006,legacy_2000_2013,2.9.1,description,date_filed,civil_general,judgment_reference,reference,sfsc.strict_judgment_end_state.judgment_lien_release,2,2,0,0,0,0,0
2006,legacy_2000_2013,2.9.1,description,date_filed,family_multi_order,vacatur_reference,reference,sfsc.strict_judgment_end_state.audited_stipulation_and_order_reference,2,2,0,0,0,0,0
2011,legacy_2000_2013,2.9.1,description,date_filed,civil_general,judgment_reference,reference,sfsc.strict_judgment_end_state.unresolved_end_state_mention,6689,4643,2164,0,2164,19,0
2011,legacy_2000_2013,2.9.1,description,date_filed,civil_general,judgment_reference,reference,sfsc.strict_judgment_end_state.request_to_enter_judgment,4556,3463,1999,0,1999,59,0
2011,legacy_2000_2013,2.9.1,description,date_filed,civil_general,judgment_reference,reference,sfsc.strict_judgment_end_state.certificate_or_declaration,1743,1152,425,0,425,27,0
2011,legacy_2000_2013,2.9.1,description,date_filed,small_claims,judgment_reference,reference,sfsc.strict_judgment_end_state.unresolved_end_state_mention,776,456,363,0,363,94,0
2011,legacy_2000_2013,2.9.1,description,date_filed,civil_general,judgment_reference,reference,sfsc.strict_judgment_end_state.audited_judgment_cost_bill,349,314,348,0,348,0,0
2011,legacy_2000_2013,2.9.1,description,date_filed,probate,probate_appointment_order,operative,sfsc.strict_judgment_end_state.probate_fiduciary_appointed,744,471,229,0,229,229,0
2011,legacy_2000_2013,2.9.1,description,date_filed,civil_general,judgment_reference,reference,sfsc.strict_judgment_end_state.proposed_disposition,2019,1211,159,0,159,25,0
2011,legacy_2000_2013,2.9.1,description,date_filed,probate,probate_appointment_order,operative,sfsc.strict_judgment_end_state.probate_fiduciary_appointment_granted_observed,267,232,157,0,157,1,0
2011,legacy_2000_2013,2.9.1,description,date_filed,probate,probate_letters_order,operative,sfsc.strict_judgment_end_state.probate_letters_granted_observed,536,504,138,0,138,0,0
2011,legacy_2000_2013,2.9.1,description,date_filed,writ_or_mandate,judgment_reference,reference,sfsc.strict_judgment_end_state.audited_judgment_cost_bill,137,124,137,0,137,0,0
2011,legacy_2000_2013,2.9.1,description,date_filed,criminal,criminal_sentence,operative,sfsc.strict_judgment_end_state.criminal_sentence_minute_order,933,931,122,0,122,92,0
2011,legacy_2000_2013,2.9.1,description,date_filed,writ_or_mandate,judgment,operative,sfsc.strict_judgment_end_state.judgment_entered,167,163,121,0,121,80,0
2011,legacy_2000_2013,2.9.1,description,date_filed,criminal,criminal_sentence,operative,sfsc.strict_judgment_end_state.criminal_ajw_sentence_shorthand,842,841,107,0,107,86,0
2011,legacy_2000_2013,2.9.1,description,date_filed,probate,probate_account_order,operative,sfsc.strict_judgment_end_state.probate_account_granted_observed,1051,937,97,0,97,94,0
2011,legacy_2000_2013,2.9.1,description,date_filed,probate,probate_fee_compensation_order,operative,sfsc.strict_judgment_end_state.probate_fee_compensation_granted_observed,1033,884,93,0,93,0,4
2011,legacy_2000_2013,2.9.1,description,date_filed,unlawful_detainer,judgment_reference,reference,sfsc.strict_judgment_end_state.request_to_enter_judgment,825,799,83,0,83,2,0
2011,legacy_2000_2013,2.9.1,description,date_filed,small_claims,writ_reference,reference,sfsc.strict_judgment_end_state.unresolved_end_state_mention,611,442,81,0,81,78,0
2011,legacy_2000_2013,2.9.1,description,date_filed,unlawful_detainer,probate_order_reference,reference,sfsc.strict_judgment_end_state.probate_procedural_filing,353,151,77,1,76,70,0
2011,legacy_2000_2013,2.9.1,description,date_filed,criminal,unknown_end_state,reference,sfsc.strict_judgment_end_state.criminal_diversion_progress_calendar,4626,1226,70,0,70,59,0
2011,legacy_2000_2013,2.9.1,description,date_filed,small_claims,satisfaction,operative,sfsc.strict_judgment_end_state.observed_execution_returned_satisfied,70,70,70,0,70,70,0
2011,legacy_2000_2013,2.9.1,docketEntryComment,filedDate,criminal,criminal_sentence,operative,sfsc.strict_judgment_end_state.criminal_sentence_minute_order,340,340,69,0,69,54,0
2011,historical_pre_2000,2.9.1,description,date_filed,civil_general,judgment_reference,reference,sfsc.strict_judgment_end_state.audited_judgment_cost_bill,66,59,66,0,66,0,0
2011,historical_pre_2000,2.9.1,description,date_filed,civil_general,judgment_reference,reference,sfsc.strict_judgment_end_state.unresolved_end_state_mention,72,65,65,0,65,0,0
2011,legacy_2000_2013,2.9.1,description,date_filed,probate,probate_will_admission_order,operative,sfsc.strict_judgment_end_state.probate_will_relief_granted_observed,294,279,54,0,54,0,0
2011,legacy_2000_2013,2.9.1,docketEntryComment,filedDate,criminal,criminal_sentence,operative,sfsc.strict_judgment_end_state.criminal_ajw_sentence_shorthand,293,293,51,0,51,46,0
2011,legacy_2000_2013,2.9.1,description,date_filed,writ_or_mandate,judgment_reference,reference,sfsc.strict_judgment_end_state.unresolved_end_state_mention,416,392,48,1,47,3,0
2011,legacy_2000_2013,2.9.1,description,date_filed,criminal,unknown_end_state,reference,sfsc.strict_judgment_end_state.criminal_calendar_or_transfer_setting,1514,806,30,0,30,29,0
2011,legacy_2000_2013,2.9.1,description,date_filed,civil_general,judgment_reference,reference,sfsc.strict_judgment_end_state.motion_or_brief,11132,1125,29,1,28,5,0
2011,legacy_2000_2013,2.9.1,description,date_filed,criminal,unknown_end_state,reference,sfsc.strict_judgment_end_state.criminal_plea_advisement_or_not_guilty_procedure,4821,4229,20,0,20,20,0
2011,legacy_2000_2013,2.9.1,description,date_filed,unlawful_detainer,judgment_reference,reference,sfsc.strict_judgment_end_state.unresolved_end_state_mention,1069,955,19,0,19,2,0
2011,legacy_2000_2013,2.9.1,docketEntryComment,filedDate,criminal,unknown_end_state,reference,sfsc.strict_judgment_end_state.criminal_diversion_progress_calendar,324,258,18,0,18,16,0
2011,legacy_2000_2013,2.9.1,description,date_filed,civil_general,probate_order_reference,reference,sfsc.strict_judgment_end_state.probate_procedural_filing,3027,871,17,0,17,1,0
2011,legacy_2000_2013,2.9.1,description,date_filed,civil_general,judgment,operative,sfsc.strict_judgment_end_state.judgment_entered,314,280,26,9,17,8,0
2011,legacy_2000_2013,2.9.1,description,date_filed,small_claims,judgment_reference,reference,sfsc.strict_judgment_end_state.audited_judgment_cost_bill,16,14,16,0,16,0,0
2011,legacy_2000_2013,2.9.1,description,date_filed,civil_general,settlement_reference,reference,sfsc.strict_judgment_end_state.unresolved_end_state_mention,12435,3618,15,0,15,8,0
2011,legacy_2000_2013,2.9.1,description,date_filed,writ_or_mandate,judgment_reference,reference,sfsc.strict_judgment_end_state.proposed_disposition,131,112,15,0,15,2,0
2011,legacy_2000_2013,2.9.1,description,date_filed,probate,probate_administration_order,operative,sfsc.strict_judgment_end_state.probate_administration_granted_observed,124,88,15,0,15,8,0
2011,legacy_2000_2013,2.9.1,description,date_filed,civil_general,vacatur_reference,reference,sfsc.strict_judgment_end_state.proposed_disposition,71,64,14,0,14,11,0
2011,legacy_2000_2013,2.9.1,description,date_filed,civil_general,writ_reference,reference,sfsc.strict_judgment_end_state.unresolved_end_state_mention,739,183,13,0,13,12,0
2011,legacy_2000_2013,2.9.1,docketEntryComment,filedDate,criminal,unknown_end_state,reference,sfsc.strict_judgment_end_state.criminal_calendar_or_transfer_setting,78,73,13,0,13,13,0
2011,legacy_2000_2013,2.9.1,description,date_filed,unlawful_detainer,judgment_reference,reference,sfsc.strict_judgment_end_state.certificate_or_declaration,161,140,12,0,12,0,0
2011,legacy_2000_2013,2.9.1,description,date_filed,criminal,unknown_end_state,reference,sfsc.strict_judgment_end_state.criminal_embedded_warrant_status,910,704,11,0,11,11,0
2011,legacy_2000_2013,2.9.1,description,date_filed,small_claims,judgment,operative,sfsc.strict_judgment_end_state.judgment_entered,696,671,15,4,11,4,0
2011,legacy_2000_2013,2.9.1,description,date_filed,probate,probate_order_reference,reference,sfsc.strict_judgment_end_state.probate_procedural_filing,5336,2173,10,0,10,9,0
2011,legacy_2000_2013,2.9.1,description,date_filed,criminal,judgment_reference,reference,sfsc.strict_judgment_end_state.abstract_of_judgment,58,57,10,0,10,7,0
2011,legacy_2000_2013,2.9.1,description,date_filed,civil_general,probate_order_reference,reference,sfsc.strict_judgment_end_state.proposed_disposition,22,21,10,0,10,10,0
2011,legacy_2000_2013,2.9.1,description,date_filed,criminal,criminal_plea,operative,sfsc.strict_judgment_end_state.criminal_guilty_or_no_contest_plea,2196,2188,9,0,9,4,0
2011,historical_pre_2000,2.9.1,description,date_filed,probate,probate_account_order,operative,sfsc.strict_judgment_end_state.probate_account_granted_observed,111,93,9,0,9,6,0
2011,historical_pre_2000,2.9.1,description,date_filed,probate,probate_appointment_order,operative,sfsc.strict_judgment_end_state.probate_fiduciary_appointment_granted_observed,21,19,9,0,9,0,0
2011,legacy_2000_2013,2.9.1,description,date_filed,unlawful_detainer,judgment_reference,reference,sfsc.strict_judgment_end_state.audited_judgment_cost_bill,8,6,8,0,8,0,0
2011,legacy_2000_2013,2.9.1,description,date_filed,criminal,unknown_end_state,reference,sfsc.strict_judgment_end_state.criminal_diversion_or_program_procedure,1088,538,7,0,7,7,0
2011,legacy_2000_2013,2.9.1,description,date_filed,writ_or_mandate,probate_order_reference,reference,sfsc.strict_judgment_end_state.probate_procedural_filing,108,48,7,0,7,2,0
2011,legacy_2000_2013,2.9.1,description,date_filed,criminal,criminal_sentence,operative,sfsc.strict_judgment_end_state.recorded_direct_criminal_sentence,65,61,7,0,7,6,0
2011,legacy_2000_2013,2.9.1,description,date_filed,small_claims,probate_order_reference,reference,sfsc.strict_judgment_end_state.probate_procedural_filing,32,23,7,0,7,0,0
2011,legacy_2000_2013,2.9.1,description,date_filed,small_claims,judgment_reference,reference,sfsc.strict_judgment_end_state.hearing_setting,2130,2002,6,0,6,4,0
2011,historical_pre_2000,2.9.1,description,date_filed,probate,probate_order_reference,reference,sfsc.strict_judgment_end_state.probate_procedural_filing,316,141,6,0,6,6,0
2011,legacy_2000_2013,2.9.1,description,date_filed,writ_or_mandate,judgment_reference,reference,sfsc.strict_judgment_end_state.motion_or_brief,147,70,6,0,6,0,0
2011,legacy_2000_2013,2.9.1,description,date_filed,civil_general,settlement_reference,reference,sfsc.strict_judgment_end_state.proposed_disposition,109,87,6,0,6,5,0
2011,legacy_2000_2013,2.9.1,description,date_filed,unlawful_detainer,judgment_reference,reference,sfsc.strict_judgment_end_state.proposed_disposition,69,53,6,0,6,0,0
2011,legacy_2000_2013,2.9.1,description,date_filed,civil_general,amended_judgment,superseding,sfsc.strict_judgment_end_state.observed_amended_or_revised_judgment,57,54,46,40,6,5,0
2011,legacy_2000_2013,2.9.1,description,date_filed,unlawful_detainer,writ_reference,reference,sfsc.strict_judgment_end_state.unresolved_end_state_mention,44,37,6,0,6,6,0
2011,legacy_2000_2013,2.9.1,description,date_filed,civil_general,probate_order_reference,reference,sfsc.strict_judgment_end_state.unresolved_end_state_mention,7,7,6,0,6,0,0
2011,legacy_2000_2013,2.9.1,docketEntryComment,filedDate,criminal,criminal_plea,operative,sfsc.strict_judgment_end_state.criminal_guilty_or_no_contest_plea,338,337,5,0,5,3,0
2011,legacy_2000_2013,2.9.1,description,date_filed,probate,probate_property_order,operative,sfsc.strict_judgment_end_state.probate_property_granted_observed,241,151,5,0,5,1,0
2011,legacy_2000_2013,2.9.1,description,date_filed,civil_general,settlement_reference,reference,sfsc.strict_judgment_end_state.motion_or_brief,142,86,5,0,5,1,0
2011,historical_pre_2000,2.9.1,description,date_filed,probate,probate_fee_compensation_order,operative,sfsc.strict_judgment_end_state.probate_fee_compensation_granted_observed,107,92,5,0,5,0,3
2011,legacy_2000_2013,2.9.1,description,date_filed,criminal,criminal_sentence_modification,operative,sfsc.strict_judgment_end_state.criminal_sentence_deemed_served,90,88,5,0,5,4,0
2011,legacy_2000_2013,2.9.1,description,date_filed,civil_general,verdict_recorded,operative,sfsc.strict_judgment_end_state.observed_verdict_returned_filed_or_entered,70,53,33,28,5,6,0
2011,legacy_2000_2013,2.9.1,description,date_filed,civil_general,dismissal_reference,reference,sfsc.strict_judgment_end_state.proposed_disposition,64,55,5,0,5,1,0
2011,legacy_2000_2013,2.9.1,description,date_filed,criminal,criminal_sentence,operative,sfsc.strict_judgment_end_state.criminal_sentence_direct_shorthand,40,40,5,0,5,2,0
2011,legacy_2000_2013,2.9.1,description,date_filed,civil_general,writ_reference,reference,sfsc.strict_judgment_end_state.proposed_disposition,29,21,5,0,5,5,0
2011,legacy_2000_2013,2.9.1,description,date_filed,family_multi_order,family_support_order,operative,sfsc.strict_judgment_end_state.family_support_order,622,490,4,0,4,4,0
2011,legacy_2000_2013,2.9.1,description,date_filed,criminal,criminal_plea,operative,sfsc.strict_judgment_end_state.criminal_concatenated_guilty_or_no_contest_plea,378,377,4,0,4,4,1
2011,legacy_2000_2013,2.9.1,description,date_filed,small_claims,dismissal_reference,reference,sfsc.strict_judgment_end_state.conditional_future_case_dismissal,127,119,4,0,4,4,0
2011,legacy_2000_2013,2.9.1,description,date_filed,small_claims,dismissal_reference,reference,sfsc.strict_judgment_end_state.unresolved_end_state_mention,114,108,4,0,4,3,0
2011,legacy_2000_2013,2.9.1,description,date_filed,criminal,judgment_reference,reference,sfsc.strict_judgment_end_state.unresolved_end_state_mention,88,67,4,0,4,1,0
2011,legacy_2000_2013,2.9.1,docketEntryComment,filedDate,criminal,criminal_sentence_modification,operative,sfsc.strict_judgment_end_state.criminal_sentence_deemed_served,55,54,4,0,4,3,0
2011,legacy_2000_2013,2.9.1,description,date_filed,probate,probate_fiduciary_change_order,operative,sfsc.strict_judgment_end_state.probate_fiduciary_change_granted_observed,23,20,4,0,4,0,0
2011,legacy_2000_2013,2.9.1,description,date_filed,small_claims,satisfaction_reference,reference,sfsc.strict_judgment_end_state.unresolved_end_state_mention,22,21,4,0,4,4,0
2011,unknown_period,2.9.1,description,date_filed,criminal,criminal_sentence,operative,sfsc.strict_judgment_end_state.criminal_sentence_minute_order,18,18,4,0,4,2,0
2011,legacy_2000_2013,2.9.1,description,date_filed,civil_general,dismissal_reference,reference,sfsc.strict_judgment_end_state.unresolved_end_state_mention,5820,4310,3,0,3,2,0
2011,legacy_2000_2013,2.9.1,description,date_filed,civil_general,judgment_reference,reference,sfsc.strict_judgment_end_state.hearing_setting,1995,1164,3,0,3,3,0
2011,legacy_2000_2013,2.9.1,description,date_filed,civil_general,dismissal_reference,reference,sfsc.strict_judgment_end_state.criminal_dismissal_motion_or_setting,1155,160,3,0,3,1,0
2011,legacy_2000_2013,2.9.1,description,date_filed,criminal,dismissal,operative,sfsc.strict_judgment_end_state.criminal_pc1385_portal_dismissal,817,817,3,0,3,3,0
2011,legacy_2000_2013,2.9.1,description,date_filed,civil_general,dismissal,operative,sfsc.strict_judgment_end_state.direct_case_dismissed,805,795,3,0,3,1,0
2011,legacy_2000_2013,2.9.1,description,date_filed,civil_general,satisfaction,operative,sfsc.strict_judgment_end_state.satisfaction_filed,775,744,3,0,3,3,0
2011,legacy_2000_2013,2.9.1,description,date_filed,small_claims,satisfaction,operative,sfsc.strict_judgment_end_state.satisfaction_filed,543,500,3,0,3,3,0
2011,legacy_2000_2013,2.9.1,docketEntryComment,filedDate,criminal,unknown_end_state,reference,sfsc.strict_judgment_end_state.criminal_plea_advisement_or_not_guilty_procedure,514,511,3,0,3,3,0
2011,legacy_2000_2013,2.9.1,description,date_filed,criminal,dismissal,operative,sfsc.strict_judgment_end_state.criminal_mo138572_companion_case_dismissal,391,390,3,0,3,3,0
2011,legacy_2000_2013,2.9.1,description,date_filed,criminal,dismissal_reference,reference,sfsc.strict_judgment_end_state.unresolved_end_state_mention,194,149,3,0,3,2,0
2011,legacy_2000_2013,2.9.1,description,date_filed,probate,probate_account_order,operative,sfsc.strict_judgment_end_state.probate_account_order,173,166,3,0,3,1,0
2011,legacy_2000_2013,2.9.1,description,date_filed,criminal,criminal_sentence_modification,operative,sfsc.strict_judgment_end_state.criminal_sentence_modification,145,140,3,0,3,1,0
2011,legacy_2000_2013,2.9.1,description,date_filed,criminal,dismissal_reference,reference,sfsc.strict_judgment_end_state.criminal_dismissal_motion_or_setting,144,110,3,0,3,2,0
2011,legacy_2000_2013,2.9.1,description,date_filed,unlawful_detainer,judgment,operative,sfsc.strict_judgment_end_state.judgment_entered,122,118,4,1,3,3,1
2011,legacy_2000_2013,2.9.1,docketEntryComment,filedDate,criminal,criminal_plea,operative,sfsc.strict_judgment_end_state.criminal_concatenated_guilty_or_no_contest_plea,109,109,3,0,3,3,1
2011,legacy_2000_2013,2.9.1,description,date_filed,writ_or_mandate,judgment_reference,reference,sfsc.strict_judgment_end_state.certificate_or_declaration,60,56,3,0,3,0,0
2011,legacy_2000_2013,2.9.1,description,date_filed,criminal,appeal_affirmed,operative,sfsc.strict_judgment_end_state.criminal_appellate_judgment_result,52,51,3,0,3,0,0
2011,legacy_2000_2013,2.9.1,docketEntryComment,filedDate,criminal,criminal_sentence,operative,sfsc.strict_judgment_end_state.criminal_sentence_direct_shorthand,16,16,3,0,3,2,0
2011,legacy_2000_2013,2.9.1,description,date_filed,probate,probate_medical_authority_order,operative,sfsc.strict_judgment_end_state.probate_medical_authority_granted_observed,14,12,3,0,3,0,0
2011,unknown_period,2.9.1,description,date_filed,criminal,criminal_sentence,operative,sfsc.strict_judgment_end_state.criminal_ajw_sentence_shorthand,14,14,3,0,3,2,0
2011,legacy_2000_2013,2.9.1,description,date_filed,family_multi_order,family_sanctions_order,operative,sfsc.strict_judgment_end_state.family_sanctions_granted_contextual,14,14,3,0,3,3,0
2011,legacy_2000_2013,2.9.1,description,date_filed,small_claims,judgment_reference,reference,sfsc.strict_judgment_end_state.proof_of_service,12,11,3,0,3,1,0
2011,legacy_2000_2013,2.9.1,docketEntryComment,filedDate,criminal,judgment_reference,reference,sfsc.strict_judgment_end_state.abstract_of_judgment,11,11,3,0,3,2,0
2011,legacy_2000_2013,2.9.1,description,date_filed,probate,dismissal,operative,sfsc.strict_judgment_end_state.probate_creditor_claim_dismissed,9,8,3,0,3,3,0
2011,unknown_period,2.9.1,docketEntryComment,filedDate,criminal,criminal_sentence,operative,sfsc.strict_judgment_end_state.criminal_sentence_minute_order,7,7,3,0,3,2,0
2011,legacy_2000_2013,2.9.1,description,date_filed,criminal,criminal_restitution_order,operative,sfsc.strict_judgment_end_state.audited_criminal_restitution_order_filed,3,3,3,0,3,0,0
2011,legacy_2000_2013,2.9.1,description,date_filed,civil_general,vacatur_reference,reference,sfsc.strict_judgment_end_state.request_to_enter_judgment,3,3,3,0,3,0,0
2011,legacy_2000_2013,2.9.1,description,date_filed,unlawful_detainer,settlement_reference,reference,sfsc.strict_judgment_end_state.unresolved_end_state_mention,3712,1443,2,0,2,0,0
2011,legacy_2000_2013,2.9.1,description,date_filed,probate,probate_letters_order,operative,sfsc.strict_judgment_end_state.probate_letters_order,1035,762,2,0,2,2,0
2011,legacy_2000_2013,2.9.1,description,date_filed,criminal,criminal_sentence_modification,operative,sfsc.strict_judgment_end_state.criminal_probation_terminated_or_expired,496,494,2,0,2,0,0
2011,legacy_2000_2013,2.9.1,description,date_filed,criminal,unknown_end_state,reference,sfsc.strict_judgment_end_state.criminal_arraignment_plea_or_disposition_calendar,484,418,2,0,2,2,0
2011,legacy_2000_2013,2.9.1,description,date_filed,probate,probate_distribution_order,operative,sfsc.strict_judgment_end_state.probate_distribution_granted_observed,462,439,2,0,2,2,0
2011,legacy_2000_2013,2.9.1,description,date_filed,writ_or_mandate,writ_reference,reference,sfsc.strict_judgment_end_state.unresolved_end_state_mention,459,109,2,0,2,1,0
2011,legacy_2000_2013,2.9.1,description,date_filed,probate,settlement_reference,reference,sfsc.strict_judgment_end_state.unresolved_end_state_mention,375,179,2,0,2,2,0
2011,legacy_2000_2013,2.9.1,description,date_filed,civil_general,vacatur_reference,reference,sfsc.strict_judgment_end_state.motion_or_brief,270,114,2,0,2,1,0
2011,legacy_2000_2013,2.9.1,description,date_filed,civil_general,dismissal_reference,reference,sfsc.strict_judgment_end_state.dismissal_set_aside,124,35,2,0,2,0,0
2011,legacy_2000_2013,2.9.1,description,date_filed,civil_general,vacatur,operative,sfsc.strict_judgment_end_state.vacatur_entered,115,85,8,6,2,1,0
2011,legacy_2000_2013,2.9.1,description,date_filed,family_multi_order,probate_order_reference,reference,sfsc.strict_judgment_end_state.probate_procedural_filing,89,50,2,0,2,2,0
2011,legacy_2000_2013,2.9.1,docketEntryComment,filedDate,criminal,unknown_end_state,reference,sfsc.strict_judgment_end_state.criminal_embedded_warrant_status,85,83,2,0,2,2,0
2011,legacy_2000_2013,2.9.1,description,date_filed,small_claims,probate_order_reference,reference,sfsc.strict_judgment_end_state.unresolved_end_state_mention,62,50,2,0,2,1,0
2011,unknown_period,2.9.1,description,date_filed,criminal,unknown_end_state,reference,sfsc.strict_judgment_end_state.criminal_plea_advisement_or_not_guilty_procedure,61,55,2,0,2,2,0
2011,legacy_2000_2013,2.9.1,docketEntryComment,filedDate,criminal,criminal_sentence_modification,operative,sfsc.strict_judgment_end_state.criminal_sentence_modification,32,32,2,0,2,0,0
2011,legacy_2000_2013,2.9.1,description,date_filed,small_claims,judgment_reference,reference,sfsc.strict_judgment_end_state.certificate_or_declaration,22,22,2,0,2,1,0
2011,legacy_2000_2013,2.9.1,description,date_filed,probate,judgment_reference,reference,sfsc.strict_judgment_end_state.proposed_disposition,21,13,2,0,2,1,0
2011,legacy_2000_2013,2.9.1,description,date_filed,small_claims,judgment_reference,reference,sfsc.strict_judgment_end_state.motion_or_brief,20,10,3,1,2,1,0
2011,legacy_2000_2013,2.9.1,description,date_filed,criminal,appeal_reference,reference,sfsc.strict_judgment_end_state.unresolved_end_state_mention,17,15,2,0,2,0,0
2011,legacy_2000_2013,2.9.1,description,date_filed,civil_general,appeal_reference,reference,sfsc.strict_judgment_end_state.proposed_disposition,9,9,2,0,2,0,0
2011,historical_pre_2000,2.9.1,description,date_filed,probate,probate_administration_order,operative,sfsc.strict_judgment_end_state.probate_administration_granted_observed,7,3,2,0,2,0,0
2011,legacy_2000_2013,2.9.1,description,date_filed,unlawful_detainer,writ_reference,reference,sfsc.strict_judgment_end_state.writ_filing_reference,6,5,2,0,2,2,0
2011,legacy_2000_2013,2.9.1,description,date_filed,civil_general,verdict_recorded,operative,sfsc.strict_judgment_end_state.observed_jury_verdict_for_party,5,4,2,0,2,2,0
2011,unknown_period,2.9.1,docketEntryComment,filedDate,criminal,criminal_sentence,operative,sfsc.strict_judgment_end_state.criminal_ajw_sentence_shorthand,4,4,2,0,2,1,0
2011,legacy_2000_2013,2.9.1,description,date_filed,writ_or_mandate,appeal_reference,reference,sfsc.strict_judgment_end_state.proposed_disposition,3,2,2,0,2,1,0
2011,legacy_2000_2013,2.9.1,description,date_filed,civil_general,settlement_reference,reference,sfsc.strict_judgment_end_state.request_to_enter_judgment,3,1,2,0,2,2,0
2011,legacy_2000_2013,2.9.1,description,date_filed,criminal,appeal_affirmed,operative,sfsc.strict_judgment_end_state.appeal_affirmed,2,2,2,0,2,0,0
2011,legacy_2000_2013,2.9.1,description,date_filed,writ_or_mandate,dismissal_reference,reference,sfsc.strict_judgment_end_state.motion_or_brief,2,1,2,0,2,2,0
2011,historical_pre_2000,2.9.1,description,date_filed,writ_or_mandate,judgment_reference,reference,sfsc.strict_judgment_end_state.audited_judgment_cost_bill,2,2,2,0,2,0,0
2011,historical_pre_2000,2.9.1,description,date_filed,family_multi_order,family_property_order,operative,sfsc.strict_judgment_end_state.family_property_specific_granted_contextual,2,2,2,0,2,2,0
2011,legacy_2000_2013,2.9.1,description,date_filed,probate,probate_order_reference,reference,sfsc.strict_judgment_end_state.probate_calendar_or_hearing,2650,1049,1,0,1,0,0
2011,legacy_2000_2013,2.9.1,description,date_filed,small_claims,judgment_reference,reference,sfsc.strict_judgment_end_state.notice_of_entry,2438,2059,1,0,1,1,0
2011,legacy_2000_2013,2.9.1,description,date_filed,civil_general,settlement,operative,sfsc.strict_judgment_end_state.case_reported_settled,1628,1232,1,0,1,0,0
2011,legacy_2000_2013,2.9.1,description,date_filed,family_multi_order,family_order_reference,reference,sfsc.strict_judgment_end_state.family_custody_modification_hearing_notice,661,401,1,0,1,1,0
2011,legacy_2000_2013,2.9.1,description,date_filed,civil_general,appeal_reference,reference,sfsc.strict_judgment_end_state.notice_of_appeal,548,239,1,0,1,1,0
2011,legacy_2000_2013,2.9.1,description,date_filed,civil_general,summary_judgment,operative,sfsc.strict_judgment_end_state.summary_judgment_granted,544,217,2,1,1,0,0
2011,legacy_2000_2013,2.9.1,description,date_filed,civil_general,judgment_reference,reference,sfsc.strict_judgment_end_state.application_for_stipulated_judgment,518,322,1,0,1,1,0
2011,legacy_2000_2013,2.9.1,description,date_filed,family_multi_order,settlement_reference,reference,sfsc.strict_judgment_end_state.unresolved_end_state_mention,446,254,1,0,1,0,0
2011,legacy_2000_2013,2.9.1,description,date_filed,criminal,unknown_end_state,reference,sfsc.strict_judgment_end_state.criminal_probation_motion_report_or_calendar,425,255,1,0,1,1,1
2011,historical_pre_2000,2.9.1,description,date_filed,family_multi_order,family_support_order,operative,sfsc.strict_judgment_end_state.family_support_order,396,264,1,0,1,1,0
2011,legacy_2000_2013,2.9.1,description,date_filed,family_multi_order,family_order_reference,reference,sfsc.strict_judgment_end_state.family_contextual_collateral_written_order_grant,389,337,1,0,1,1,0
2011,legacy_2000_2013,2.9.1,description,date_filed,unlawful_detainer,possession,operative,sfsc.strict_judgment_end_state.observed_entered_possession_judgment,347,343,210,209,1,92,0
2011,legacy_2000_2013,2.9.1,description,date_filed,small_claims,dismissal,operative,sfsc.strict_judgment_end_state.court_orders_dismissal,330,318,1,0,1,0,0
2011,legacy_2000_2013,2.9.1,description,date_filed,criminal,unknown_end_state,reference,sfsc.strict_judgment_end_state.probation_motion_or_future_setting,235,177,1,0,1,1,0
2011,legacy_2000_2013,2.9.1,description,date_filed,civil_general,summary_adjudication,operative,sfsc.strict_judgment_end_state.summary_adjudication_granted,228,119,1,0,1,0,0
2011,legacy_2000_2013,2.9.1,description,date_filed,family_multi_order,judgment_reference,reference,sfsc.strict_judgment_end_state.motion_or_brief,207,128,1,0,1,1,0
2011,legacy_2000_2013,2.9.1,description,date_filed,civil_general,take_nothing,operative,sfsc.strict_judgment_end_state.take_nothing_judgment,191,178,20,19,1,0,0
2011,legacy_2000_2013,2.9.1,description,date_filed,small_claims,settlement,operative,sfsc.strict_judgment_end_state.case_reported_settled,176,168,1,0,1,0,0
2011,legacy_2000_2013,2.9.1,description,date_filed,civil_general,dismissal,operative,sfsc.strict_judgment_end_state.recorded_case_or_matter_dismissal,175,135,2,1,1,0,0
2011,legacy_2000_2013,2.9.1,description,date_filed,criminal,unknown_end_state,reference,sfsc.strict_judgment_end_state.criminal_transfer_for_future_disposition,172,167,1,0,1,1,0
2011,legacy_2000_2013,2.9.1,description,date_filed,small_claims,appeal_reference,reference,sfsc.strict_judgment_end_state.appeal_reference,168,165,1,0,1,0,0
2011,legacy_2000_2013,2.9.1,description,date_filed,unlawful_detainer,vacatur,operative,sfsc.strict_judgment_end_state.vacatur_entered,156,88,1,0,1,1,0
2011,legacy_2000_2013,2.9.1,description,date_filed,unlawful_detainer,judgment_reference,reference,sfsc.strict_judgment_end_state.motion_or_brief,141,55,1,0,1,0,0
2011,legacy_2000_2013,2.9.1,description,date_filed,civil_general,judgment_reference,reference,sfsc.strict_judgment_end_state.audited_motion_or_brief_wrapper,117,56,2,1,1,1,0
2011,legacy_2000_2013,2.9.1,description,date_filed,civil_general,dismissal_reference,reference,sfsc.strict_judgment_end_state.motion_or_brief,111,76,1,0,1,0,0
2011,legacy_2000_2013,2.9.1,description,date_filed,probate,judgment_reference,reference,sfsc.strict_judgment_end_state.unresolved_end_state_mention,102,46,1,0,1,0,0
2011,legacy_2000_2013,2.9.1,description,date_filed,unlawful_detainer,vacatur_reference,reference,sfsc.strict_judgment_end_state.motion_or_brief,87,40,1,0,1,1,0
2011,legacy_2000_2013,2.9.1,description,date_filed,criminal,dismissal,operative,sfsc.strict_judgment_end_state.recorded_case_or_matter_dismissal,83,79,1,0,1,1,0
2011,legacy_2000_2013,2.9.1,description,date_filed,civil_general,writ_reference,reference,sfsc.strict_judgment_end_state.case_model_mismatch,82,66,1,0,1,1,0
2011,legacy_2000_2013,2.9.1,description,date_filed,probate,probate_trust_order,operative,sfsc.strict_judgment_end_state.probate_trust_granted_observed,73,56,1,0,1,0,0
2011,legacy_2000_2013,2.9.1,description,date_filed,probate,satisfaction_reference,reference,sfsc.strict_judgment_end_state.unresolved_end_state_mention,73,58,1,0,1,1,0
2011,legacy_2000_2013,2.9.1,description,date_filed,probate,probate_settlement_order,operative,sfsc.strict_judgment_end_state.probate_settlement_granted_observed,47,28,1,0,1,1,0
2011,unknown_period,2.9.1,description,date_filed,criminal,unknown_end_state,reference,sfsc.strict_judgment_end_state.criminal_calendar_or_transfer_setting,35,15,1,0,1,1,0
2011,legacy_2000_2013,2.9.1,docketEntryComment,filedDate,criminal,dismissal,operative,sfsc.strict_judgment_end_state.criminal_pc1385_portal_dismissal,35,35,1,0,1,1,0
2011,legacy_2000_2013,2.9.1,description,date_filed,family_multi_order,family_restraining_order,operative,sfsc.strict_judgment_end_state.family_restraining_order_granted_contextual,30,27,1,0,1,1,0
2011,legacy_2000_2013,2.9.1,description,date_filed,civil_general,vacatur_reference,reference,sfsc.strict_judgment_end_state.unresolved_end_state_mention,26,24,1,0,1,1,0
2011,legacy_2000_2013,2.9.1,description,date_filed,family_multi_order,family_property_order,operative,sfsc.strict_judgment_end_state.family_property_relief_granted_contextual,24,22,1,0,1,1,0
2011,legacy_2000_2013,2.9.1,description,date_filed,criminal,criminal_postconviction_relief_granted,operative,sfsc.strict_judgment_end_state.criminal_postconviction_petition_granted_observed,23,23,1,0,1,0,0
2011,legacy_2000_2013,2.9.1,description,date_filed,probate,probate_substituted_judgment_order,operative,sfsc.strict_judgment_end_state.probate_substituted_judgment_granted_observed,23,17,1,0,1,0,0
2011,legacy_2000_2013,2.9.1,description,date_filed,civil_general,dismissal_reference,reference,sfsc.strict_judgment_end_state.prospective_dismissal,20,20,1,0,1,0,0
2011,legacy_2000_2013,2.9.1,description,date_filed,family_multi_order,family_support_order,operative,sfsc.strict_judgment_end_state.family_support_enforcement_granted_contextual,20,20,1,0,1,1,0
2011,legacy_2000_2013,2.9.1,description,date_filed,small_claims,settlement_reference,reference,sfsc.strict_judgment_end_state.unresolved_end_state_mention,19,18,1,0,1,1,0
2011,legacy_2000_2013,2.9.1,description,date_filed,civil_general,dismissal_reference,reference,sfsc.strict_judgment_end_state.dismissal_struck_or_voided,18,8,1,0,1,1,0
2011,legacy_2000_2013,2.9.1,docketEntryComment,filedDate,criminal,dismissal_reference,reference,sfsc.strict_judgment_end_state.unresolved_end_state_mention,18,18,1,0,1,0,0
2011,legacy_2000_2013,2.9.1,docketEntryComment,filedDate,criminal,unknown_end_state,reference,sfsc.strict_judgment_end_state.criminal_arraignment_plea_or_disposition_calendar,17,17,1,0,1,1,0
2011,legacy_2000_2013,2.9.1,description,date_filed,civil_general,appeal_reference,reference,sfsc.strict_judgment_end_state.motion_or_brief,15,9,1,0,1,1,0
2011,historical_pre_2000,2.9.1,description,date_filed,probate,probate_appointment_order,operative,sfsc.strict_judgment_end_state.probate_fiduciary_appointed,14,7,1,0,1,1,0
2011,historical_pre_2000,2.9.1,description,date_filed,civil_general,probate_order_reference,reference,sfsc.strict_judgment_end_state.probate_procedural_filing,14,7,1,0,1,0,0
2011,legacy_2000_2013,2.9.1,docketEntryComment,filedDate,criminal,unknown_end_state,reference,sfsc.strict_judgment_end_state.criminal_probation_motion_report_or_calendar,14,11,1,0,1,1,1
2011,legacy_2000_2013,2.9.1,description,date_filed,small_claims,amended_judgment,superseding,sfsc.strict_judgment_end_state.observed_amended_or_revised_judgment,12,12,11,10,1,0,0
2011,legacy_2000_2013,2.9.1,description,date_filed,civil_general,appeal_reference,reference,sfsc.strict_judgment_end_state.appeal_reference,10,10,1,0,1,0,0
2011,legacy_2000_2013,2.9.1,docketEntryComment,filedDate,criminal,dismissal_reference,reference,sfsc.strict_judgment_end_state.criminal_dismissal_motion_or_setting,10,10,1,0,1,0,0
2011,legacy_2000_2013,2.9.1,description,date_filed,civil_general,satisfaction_reference,reference,sfsc.strict_judgment_end_state.proposed_disposition,8,8,1,0,1,1,0
2011,legacy_2000_2013,2.9.1,description,date_filed,civil_general,judgment_reference,reference,sfsc.strict_judgment_end_state.audited_judgment_request,7,7,1,0,1,0,0
2011,unknown_period,2.9.1,docketEntryComment,filedDate,criminal,unknown_end_state,reference,sfsc.strict_judgment_end_state.criminal_plea_advisement_or_not_guilty_procedure,7,7,1,0,1,1,0
2011,legacy_2000_2013,2.9.1,description,date_filed,writ_or_mandate,take_nothing,operative,sfsc.strict_judgment_end_state.take_nothing_judgment,7,7,2,1,1,0,0
2011,legacy_2000_2013,2.9.1,description,date_filed,writ_or_mandate,vacatur_reference,reference,sfsc.strict_judgment_end_state.proposed_disposition,7,6,1,0,1,1,0
2011,legacy_2000_2013,2.9.1,description,date_filed,small_claims,dismissal_reference,reference,sfsc.strict_judgment_end_state.prospective_dismissal,7,6,1,0,1,1,0
2011,legacy_2000_2013,2.9.1,description,date_filed,writ_or_mandate,amended_judgment,superseding,sfsc.strict_judgment_end_state.observed_amended_or_revised_judgment,6,5,5,4,1,1,0
2011,historical_pre_2000,2.9.1,description,date_filed,probate,probate_fiduciary_change_order,operative,sfsc.strict_judgment_end_state.probate_fiduciary_change_granted_observed,6,5,1,0,1,0,0
2011,legacy_2000_2013,2.9.1,description,date_filed,family_multi_order,family_support_order,operative,sfsc.strict_judgment_end_state.family_support_written_order_tail,3,3,1,0,1,1,0
2011,unknown_period,2.9.1,docketEntryComment,filedDate,criminal,criminal_sentence,operative,sfsc.strict_judgment_end_state.criminal_sentence_direct_shorthand,3,3,1,0,1,0,0
2011,unknown_period,2.9.1,description,date_filed,criminal,criminal_sentence,operative,sfsc.strict_judgment_end_state.criminal_sentence_direct_shorthand,3,3,1,0,1,0,0
2011,legacy_2000_2013,2.9.1,description,date_filed,unlawful_detainer,unknown_end_state,reference,sfsc.strict_judgment_end_state.prejudgment_writ_of_possession_application,2,2,1,0,1,1,0
2011,legacy_2000_2013,2.9.1,description,date_filed,writ_or_mandate,petition_ruling,operative,sfsc.strict_judgment_end_state.observed_dismissal_motion_denied,2,2,1,0,1,0,0
2011,legacy_2000_2013,2.9.1,description,date_filed,criminal,appeal_reference,reference,sfsc.strict_judgment_end_state.abstract_of_judgment,2,2,1,0,1,1,0
2011,legacy_2000_2013,2.9.1,description,date_filed,civil_general,satisfaction_reference,reference,sfsc.strict_judgment_end_state.hearing_setting,2,2,1,0,1,1,0
2011,legacy_2000_2013,2.9.1,description,date_filed,family_multi_order,family_order_reference,reference,sfsc.strict_judgment_end_state.family_procedural_filing,15024,6213,0,0,0,0,0
2011,legacy_2000_2013,2.9.1,description,date_filed,civil_general,dismissal,operative,sfsc.strict_judgment_end_state.dismissal_entered,13075,5165,1,1,0,0,0
2011,legacy_2000_2013,2.9.1,description,date_filed,civil_general,dismissal,operative,sfsc.strict_judgment_end_state.observed_whole_case_dismissal,5720,5670,0,0,0,0,0
2011,legacy_2000_2013,2.9.1,description,date_filed,civil_general,dismissal,operative,sfsc.strict_judgment_end_state.calendar_removed_dismissal_filed,4421,4041,0,0,0,0,0
2011,historical_pre_2000,2.9.1,description,date_filed,family_multi_order,family_order_reference,reference,sfsc.strict_judgment_end_state.family_procedural_filing,3225,961,0,0,0,0,0
2011,legacy_2000_2013,2.9.1,description,date_filed,family_multi_order,family_order_reference,reference,sfsc.strict_judgment_end_state.family_judgment_workflow,3028,1948,0,0,0,0,0
2011,legacy_2000_2013,2.9.1,description,date_filed,family_multi_order,judgment_reference,reference,sfsc.strict_judgment_end_state.notice_of_entry,2812,2767,0,0,0,0,0
2011,legacy_2000_2013,2.9.1,description,date_filed,criminal,unknown_end_state,reference,sfsc.strict_judgment_end_state.criminal_warrant_or_bond_status,2747,1722,0,0,0,0,0
2011,legacy_2000_2013,2.9.1,description,date_filed,civil_general,monetary_judgment,operative,sfsc.strict_judgment_end_state.explicit_total_judgment,2579,2555,2579,2579,0,6,0
2011,legacy_2000_2013,2.9.1,description,date_filed,civil_general,settlement,operative,sfsc.strict_judgment_end_state.settlement_notice,2338,1877,0,0,0,0,0
2011,legacy_2000_2013,2.9.1,description,date_filed,family_multi_order,family_judgment,operative,sfsc.strict_judgment_end_state.family_marital_judgment_caption,2281,2277,0,0,0,0,0
2011,legacy_2000_2013,2.9.1,description,date_filed,criminal,unknown_end_state,reference,sfsc.strict_judgment_end_state.criminal_transcript_or_form_caption,2278,1786,0,0,0,0,0
2011,legacy_2000_2013,2.9.1,description,date_filed,family_multi_order,judgment_reference,reference,sfsc.strict_judgment_end_state.certificate_or_declaration,2122,2075,0,0,0,0,0
2011,legacy_2000_2013,2.9.1,description,date_filed,civil_general,judgment_reference,reference,sfsc.strict_judgment_end_state.abstract_of_judgment,2118,1864,0,0,0,0,0
2011,legacy_2000_2013,2.9.1,description,date_filed,small_claims,monetary_judgment,operative,sfsc.strict_judgment_end_state.explicit_total_judgment,1591,1430,1591,1591,0,49,0
2011,legacy_2000_2013,2.9.1,description,date_filed,unlawful_detainer,settlement,operative,sfsc.strict_judgment_end_state.case_reported_settled,1533,885,0,0,0,0,0
2011,legacy_2000_2013,2.9.1,description,date_filed,civil_general,judgment_reference,reference,sfsc.strict_judgment_end_state.proof_of_service,1342,785,0,0,0,0,0
2011,legacy_2000_2013,2.9.1,description,date_filed,family_domestic_violence,family_order_reference,reference,sfsc.strict_judgment_end_state.family_procedural_filing,1243,874,0,0,0,0,0
2011,legacy_2000_2013,2.9.1,description,date_filed,family_domestic_violence,family_order_reference,reference,sfsc.strict_judgment_end_state.family_dv_calendar_nonresult,1052,640,0,0,0,0,0
2011,legacy_2000_2013,2.9.1,description,date_filed,unlawful_detainer,judgment,operative,sfsc.strict_judgment_end_state.operative_adjudged_formula,941,938,0,0,0,0,0
2011,legacy_2000_2013,2.9.1,description,date_filed,civil_general,name_change_decree,operative,sfsc.strict_judgment_end_state.legacy_name_change_result,862,856,0,0,0,0,0
2011,legacy_2000_2013,2.9.1,description,date_filed,civil_general,name_change_decree,operative,sfsc.strict_judgment_end_state.name_change_decree_entered,858,850,0,0,0,0,0
2011,legacy_2000_2013,2.9.1,description,date_filed,unlawful_detainer,judgment_reference,reference,sfsc.strict_judgment_end_state.audited_stipulation_seeking_judgment,849,731,0,0,0,0,0
2011,legacy_2000_2013,2.9.1,description,date_filed,small_claims,dismissal,operative,sfsc.strict_judgment_end_state.direct_case_dismissed,733,717,1,1,0,0,0
2011,legacy_2000_2013,2.9.1,description,date_filed,probate,probate_order_reference,reference,sfsc.strict_judgment_end_state.probate_distribution_receipt,700,462,0,0,0,0,0
2011,legacy_2000_2013,2.9.1,description,date_filed,probate,probate_order_reference,reference,sfsc.strict_judgment_end_state.unresolved_end_state_mention,697,290,0,0,0,0,0
2011,legacy_2000_2013,2.9.1,description,date_filed,probate,probate_order_reference,reference,sfsc.strict_judgment_end_state.probate_appointment_petition,681,261,0,0,0,0,0
2011,legacy_2000_2013,2.9.1,description,date_filed,civil_general,judgment_reference,reference,sfsc.strict_judgment_end_state.notice_of_entry,665,577,76,76,0,1,0
2011,legacy_2000_2013,2.9.1,description,date_filed,family_multi_order,dismissal_reference,reference,sfsc.strict_judgment_end_state.unresolved_end_state_mention,632,434,0,0,0,0,0
2011,legacy_2000_2013,2.9.1,description,date_filed,family_multi_order,parental_obligations_judgment,operative,sfsc.strict_judgment_end_state.parental_obligations_judgment_caption,623,620,0,0,0,0,0
2011,legacy_2000_2013,2.9.1,description,date_filed,criminal,unknown_end_state,reference,sfsc.strict_judgment_end_state.criminal_administrative_disposition_document,611,611,0,0,0,0,0
2011,legacy_2000_2013,2.9.1,description,date_filed,civil_general,dismissal,operative,sfsc.strict_judgment_end_state.observed_entire_action_dismissal_filed,574,551,0,0,0,0,0
2011,legacy_2000_2013,2.9.1,description,date_filed,family_multi_order,family_order_reference,reference,sfsc.strict_judgment_end_state.family_support_modification_hearing_notice,569,440,0,0,0,0,0
2011,legacy_2000_2013,2.9.1,description,date_filed,civil_general,judgment_reference,rejected,sfsc.strict_judgment_end_state.default_judgment_rejected,519,468,0,0,0,0,0
2011,legacy_2000_2013,2.9.1,description,date_filed,family_multi_order,dismissal,operative,sfsc.strict_judgment_end_state.observed_whole_case_dismissal,493,493,0,0,0,0,0
2011,legacy_2000_2013,2.9.1,description,date_filed,unlawful_detainer,judgment_reference,reference,sfsc.strict_judgment_end_state.application_for_stipulated_judgment,492,285,0,0,0,0,0
2011,legacy_2000_2013,2.9.1,description,date_filed,family_multi_order,family_custody_order,operative,sfsc.strict_judgment_end_state.family_custody_order,487,415,0,0,0,0,0
2011,legacy_2000_2013,2.9.1,description,date_filed,writ_or_mandate,monetary_judgment,operative,sfsc.strict_judgment_end_state.explicit_total_judgment,464,464,464,464,0,6,0
2011,legacy_2000_2013,2.9.1,description,date_filed,family_multi_order,judgment_reference,reference,sfsc.strict_judgment_end_state.proposed_disposition,456,391,0,0,0,0,0
2011,legacy_2000_2013,2.9.1,description,date_filed,unlawful_detainer,dismissal,operative,sfsc.strict_judgment_end_state.observed_whole_case_dismissal,436,436,0,0,0,0,0
2011,legacy_2000_2013,2.9.1,description,date_filed,small_claims,judgment_reference,reference,sfsc.strict_judgment_end_state.dismissal_document_returned_by_mail,411,302,0,0,0,0,0
2011,legacy_2000_2013,2.9.1,description,date_filed,writ_or_mandate,writ_reference,reference,sfsc.strict_judgment_end_state.writ_filing_reference,399,139,0,0,0,0,0
2011,legacy_2000_2013,2.9.1,description,date_filed,small_claims,dismissal,operative,sfsc.strict_judgment_end_state.calendar_removed_dismissal_filed,393,391,0,0,0,0,0
2011,legacy_2000_2013,2.9.1,description,date_filed,civil_general,judgment_reference,reference,sfsc.strict_judgment_end_state.summary_judgment_procedural_order_context,391,199,0,0,0,0,0
2011,legacy_2000_2013,2.9.1,description,date_filed,civil_general,dismissal_reference,reference,sfsc.strict_judgment_end_state.hearing_setting,366,336,0,0,0,0,0
2011,legacy_2000_2013,2.9.1,description,date_filed,writ_or_mandate,judgment_reference,reference,sfsc.strict_judgment_end_state.abstract_of_judgment,344,238,0,0,0,0,0
2011,legacy_2000_2013,2.9.1,description,date_filed,family_multi_order,family_order_reference,reference,sfsc.strict_judgment_end_state.motion_or_brief,340,220,0,0,0,0,0
2011,legacy_2000_2013,2.9.1,description,date_filed,family_multi_order,family_support_modification,operative,sfsc.strict_judgment_end_state.family_support_modification,334,328,0,0,0,0,0
2011,legacy_2000_2013,2.9.1,description,date_filed,criminal,criminal_sentence_modification,operative,sfsc.strict_judgment_end_state.criminal_probation_revoked,316,291,0,0,0,0,0
2011,legacy_2000_2013,2.9.1,description,date_filed,probate,probate_will_admission_order,operative,sfsc.strict_judgment_end_state.probate_will_admitted,308,307,0,0,0,0,0
2011,legacy_2000_2013,2.9.1,description,date_filed,family_multi_order,family_support_order,operative,sfsc.strict_judgment_end_state.family_support_granted_contextual,306,300,0,0,0,0,0
2011,legacy_2000_2013,2.9.1,description,date_filed,family_domestic_violence,family_restraining_order,operative,sfsc.strict_judgment_end_state.family_dv_restraining_order_granted,277,271,0,0,0,0,0
2011,legacy_2000_2013,2.9.1,description,date_filed,family_multi_order,family_order_reference,reference,sfsc.strict_judgment_end_state.family_dv_calendar_nonresult,276,158,0,0,0,0,0
2011,historical_pre_2000,2.9.1,description,date_filed,probate,probate_order_reference,reference,sfsc.strict_judgment_end_state.probate_calendar_or_hearing,274,100,0,0,0,0,0
2011,legacy_2000_2013,2.9.1,description,date_filed,civil_general,dismissal_reference,reference,sfsc.strict_judgment_end_state.dismissal_request_only,254,195,0,0,0,0,0
2011,legacy_2000_2013,2.9.1,description,date_filed,probate,probate_distribution_order,operative,sfsc.strict_judgment_end_state.probate_final_distribution_order,249,247,0,0,0,0,0
2011,legacy_2000_2013,2.9.1,description,date_filed,civil_general,judgment_reference,reference,sfsc.strict_judgment_end_state.name_change_decree_outside_name_change_case,245,240,0,0,0,0,0
2011,legacy_2000_2013,2.9.1,description,date_filed,civil_general,judgment_reference,reference,sfsc.strict_judgment_end_state.audited_stipulation_seeking_judgment,241,225,0,0,0,0,0
2011,legacy_2000_2013,2.9.1,description,date_filed,small_claims,vacatur_reference,reference,sfsc.strict_judgment_end_state.motion_or_brief,238,130,0,0,0,0,0
2011,legacy_2000_2013,2.9.1,description,date_filed,unlawful_detainer,dismissal,operative,sfsc.strict_judgment_end_state.dismissal_entered,233,224,0,0,0,0,0
2011,legacy_2000_2013,2.9.1,description,date_filed,small_claims,appeal_reference,reference,sfsc.strict_judgment_end_state.administrative_record_remand,230,228,0,0,0,0,0
2011,legacy_2000_2013,2.9.1,description,date_filed,small_claims,appeal_reference,reference,sfsc.strict_judgment_end_state.notice_of_appeal,227,218,0,0,0,0,0
2011,historical_pre_2000,2.9.1,description,date_filed,family_multi_order,family_order_reference,reference,sfsc.strict_judgment_end_state.family_support_modification_hearing_notice,216,176,0,0,0,0,0
2011,legacy_2000_2013,2.9.1,description,date_filed,unlawful_detainer,judgment_reference,reference,sfsc.strict_judgment_end_state.proof_of_service,212,159,0,0,0,0,0
2011,legacy_2000_2013,2.9.1,description,date_filed,civil_general,renewal_reference,reference,sfsc.strict_judgment_end_state.application_for_stipulated_judgment,209,185,0,0,0,0,0
2011,legacy_2000_2013,2.9.1,description,date_filed,civil_general,judgment_reference,reference,sfsc.strict_judgment_end_state.audited_judgment_assignment,205,200,0,0,0,0,0
2011,legacy_2000_2013,2.9.1,description,date_filed,family_multi_order,family_custody_modification,operative,sfsc.strict_judgment_end_state.family_custody_modification,203,188,0,0,0,0,0
2011,legacy_2000_2013,2.9.1,description,date_filed,unlawful_detainer,judgment_reference,rejected,sfsc.strict_judgment_end_state.default_judgment_rejected,203,166,0,0,0,0,0
2011,legacy_2000_2013,2.9.1,description,date_filed,probate,probate_account_order,operative,sfsc.strict_judgment_end_state.probate_account_with_final_distribution,193,193,0,0,0,0,0
2011,legacy_2000_2013,2.9.1,description,date_filed,probate,probate_termination_order,operative,sfsc.strict_judgment_end_state.probate_termination_caption,193,164,0,0,0,0,0
2011,legacy_2000_2013,2.9.1,description,date_filed,probate,probate_distribution_order,operative,sfsc.strict_judgment_end_state.probate_final_distribution_with_account,193,193,0,0,0,0,0
2011,legacy_2000_2013,2.9.1,description,date_filed,appellate_review,appeal_reference,reference,sfsc.strict_judgment_end_state.appeal_reference,187,141,0,0,0,0,0
2011,legacy_2000_2013,2.9.1,description,date_filed,criminal,unknown_end_state,reference,sfsc.strict_judgment_end_state.criminal_additional_transcript_caption,186,182,0,0,0,0,0
2011,legacy_2000_2013,2.9.1,description,date_filed,civil_general,renewal,operative,sfsc.strict_judgment_end_state.ccp_683_110_renewal,174,173,174,174,0,0,0
2011,legacy_2000_2013,2.9.1,description,date_filed,appellate_review,appeal_reference,reference,sfsc.strict_judgment_end_state.bare_remittitur,163,162,0,0,0,0,0
2011,historical_pre_2000,2.9.1,description,date_filed,family_multi_order,family_support_modification,operative,sfsc.strict_judgment_end_state.family_support_modification,145,143,0,0,0,0,0
2011,legacy_2000_2013,2.9.1,description,date_filed,writ_or_mandate,judgment_reference,reference,sfsc.strict_judgment_end_state.audited_judgment_assignment,142,140,0,0,0,0,0
2011,legacy_2000_2013,2.9.1,description,date_filed,unlawful_detainer,judgment_reference,reference,sfsc.strict_judgment_end_state.notice_of_entry,140,129,4,4,0,0,0
2011,legacy_2000_2013,2.9.1,description,date_filed,small_claims,dismissal,operative,sfsc.strict_judgment_end_state.direct_dismissal_result,136,133,0,0,0,0,0
2011,legacy_2000_2013,2.9.1,description,date_filed,criminal,dismissal,operative,sfsc.strict_judgment_end_state.criminal_bw_recalled_case_dismissed,131,131,0,0,0,0,0
2011,legacy_2000_2013,2.9.1,description,date_filed,criminal,unknown_end_state,reference,sfsc.strict_judgment_end_state.criminal_postconviction_petition_procedure,129,95,0,0,0,0,0
2011,legacy_2000_2013,2.9.1,description,date_filed,civil_general,judgment_reference,reference,sfsc.strict_judgment_end_state.audited_judgment_support_paper,120,73,0,0,0,0,0
2011,legacy_2000_2013,2.9.1,description,date_filed,writ_or_mandate,settlement_reference,reference,sfsc.strict_judgment_end_state.unresolved_end_state_mention,112,37,0,0,0,0,0
2011,legacy_2000_2013,2.9.1,description,date_filed,criminal,criminal_diversion_terminated,operative,sfsc.strict_judgment_end_state.criminal_diversion_terminated,110,109,0,0,0,0,0
2011,legacy_2000_2013,2.9.1,description,date_filed,small_claims,judgment_reference,reference,sfsc.strict_judgment_end_state.abstract_of_judgment,109,93,0,0,0,0,0
2011,legacy_2000_2013,2.9.1,description,date_filed,appellate_review,appeal_affirmed,operative,sfsc.strict_judgment_end_state.appellate_affirmed_legacy,105,105,0,0,0,0,0
2011,legacy_2000_2013,2.9.1,description,date_filed,small_claims,dismissal,operative,sfsc.strict_judgment_end_state.dismissal_entered,104,90,0,0,0,0,0
2011,legacy_2000_2013,2.9.1,description,date_filed,family_multi_order,judgment_reference,reference,sfsc.strict_judgment_end_state.unresolved_end_state_mention,102,86,0,0,0,0,0
2011,legacy_2000_2013,2.9.1,description,date_filed,family_multi_order,family_order_reference,reference,sfsc.strict_judgment_end_state.family_settlement_conference_scheduling,102,93,0,0,0,0,0
2011,legacy_2000_2013,2.9.1,description,date_filed,unlawful_detainer,dismissal_reference,reference,sfsc.strict_judgment_end_state.unresolved_end_state_mention,102,96,0,0,0,0,0
2011,legacy_2000_2013,2.9.1,description,date_filed,small_claims,dismissal_reference,reference,sfsc.strict_judgment_end_state.dismissal_document_returned_by_mail,100,85,0,0,0,0,0
2011,legacy_2000_2013,2.9.1,description,date_filed,appellate_review,appeal_reference,reference,sfsc.strict_judgment_end_state.hearing_setting,98,97,0,0,0,0,0
2011,legacy_2000_2013,2.9.1,description,date_filed,writ_or_mandate,judgment_reference,reference,sfsc.strict_judgment_end_state.proof_of_service,94,69,0,0,0,0,0
2011,legacy_2000_2013,2.9.1,description,date_filed,appellate_review,appeal_reference,reference,sfsc.strict_judgment_end_state.notice_of_appeal,94,94,0,0,0,0,0
2011,legacy_2000_2013,2.9.1,description,date_filed,family_multi_order,judgment_reference,reference,sfsc.strict_judgment_end_state.application_for_stipulated_judgment,91,89,0,0,0,0,0
2011,legacy_2000_2013,2.9.1,description,date_filed,writ_or_mandate,judgment_reference,reference,sfsc.strict_judgment_end_state.notice_of_entry,91,86,0,0,0,0,0
2011,legacy_2000_2013,2.9.1,description,date_filed,writ_or_mandate,judgment_reference,reference,sfsc.strict_judgment_end_state.audited_stipulation_seeking_judgment,89,86,0,0,0,0,0
2011,legacy_2000_2013,2.9.1,description,date_filed,small_claims,vacatur,operative,sfsc.strict_judgment_end_state.vacatur_entered,87,72,0,0,0,0,0
2011,legacy_2000_2013,2.9.1,description,date_filed,probate,probate_termination_order,operative,sfsc.strict_judgment_end_state.probate_termination_granted_observed,86,72,0,0,0,0,0
2011,legacy_2000_2013,2.9.1,description,date_filed,family_domestic_violence,family_restraining_order,operative,sfsc.strict_judgment_end_state.family_restraining_order_granted_contextual,85,79,0,0,0,0,0
2011,legacy_2000_2013,2.9.1,description,date_filed,civil_general,writ_reference,reference,sfsc.strict_judgment_end_state.writ_filing_reference,84,37,0,0,0,0,0
2011,historical_pre_2000,2.9.1,description,date_filed,civil_general,dismissal,operative,sfsc.strict_judgment_end_state.dismissal_entered,84,77,0,0,0,0,0
2011,legacy_2000_2013,2.9.1,description,date_filed,criminal,settlement_reference,reference,sfsc.strict_judgment_end_state.unresolved_end_state_mention,84,81,0,0,0,0,0
2011,legacy_2000_2013,2.9.1,description,date_filed,family_domestic_violence,family_custody_order,operative,sfsc.strict_judgment_end_state.family_custody_order,82,65,0,0,0,0,0
2011,legacy_2000_2013,2.9.1,description,date_filed,probate,family_order_reference,reference,sfsc.strict_judgment_end_state.family_procedural_filing,82,65,0,0,0,0,0
2011,legacy_2000_2013,2.9.1,description,date_filed,unlawful_detainer,settlement,operative,sfsc.strict_judgment_end_state.settlement_notice,82,71,0,0,0,0,0
2011,legacy_2000_2013,2.9.1,description,date_filed,probate,judgment_reference,reference,sfsc.strict_judgment_end_state.motion_or_brief,79,13,0,0,0,0,0
2011,legacy_2000_2013,2.9.1,description,date_filed,writ_or_mandate,appeal_reference,reference,sfsc.strict_judgment_end_state.notice_of_appeal,77,34,0,0,0,0,0
2011,legacy_2000_2013,2.9.1,description,date_filed,writ_or_mandate,judgment_reference,reference,sfsc.strict_judgment_end_state.audited_party_filed_summary_judgment_pleading,77,77,0,0,0,0,0
2011,legacy_2000_2013,2.9.1,description,date_filed,family_multi_order,family_fee_cost_order,operative,sfsc.strict_judgment_end_state.family_fee_cost_granted_contextual,77,70,0,0,0,0,0
2011,legacy_2000_2013,2.9.1,description,date_filed,criminal,dismissal,operative,sfsc.strict_judgment_end_state.direct_case_dismissed,77,75,0,0,0,0,0
2011,legacy_2000_2013,2.9.1,description,date_filed,family_domestic_violence,family_order_reference,reference,sfsc.strict_judgment_end_state.family_custody_modification_hearing_notice,76,47,0,0,0,0,0
2011,legacy_2000_2013,2.9.1,description,date_filed,family_multi_order,family_order_reference,reference,sfsc.strict_judgment_end_state.family_bare_initiating_pleading,75,75,0,0,0,0,0
2011,legacy_2000_2013,2.9.1,description,date_filed,civil_general,appeal_dismissed,operative,sfsc.strict_judgment_end_state.observed_remittitur_dismissed,74,64,0,0,0,0,0
2011,legacy_2000_2013,2.9.1,description,date_filed,family_domestic_violence,family_restraining_order_denied,operative,sfsc.strict_judgment_end_state.family_dv_restraining_order_denied,73,63,0,0,0,0,0
2011,legacy_2000_2013,2.9.1,description,date_filed,writ_or_mandate,satisfaction,operative,sfsc.strict_judgment_end_state.satisfaction_filed,70,67,0,0,0,0,0
2011,legacy_2000_2013,2.9.1,description,date_filed,family_multi_order,family_judgment,operative,sfsc.strict_judgment_end_state.family_judgment_granted_contextual,69,69,0,0,0,0,0
2011,legacy_2000_2013,2.9.1,description,date_filed,probate,probate_order_reference,reference,sfsc.strict_judgment_end_state.probate_termination_continued,69,32,0,0,0,0,0
2011,legacy_2000_2013,2.9.1,description,date_filed,criminal,criminal_verdict,operative,sfsc.strict_judgment_end_state.criminal_guilty_or_not_guilty_verdict,68,65,0,0,0,0,0
2011,legacy_2000_2013,2.9.1,description,date_filed,civil_general,appeal_reference,reference,sfsc.strict_judgment_end_state.administrative_record_remand,67,64,0,0,0,0,0
2011,legacy_2000_2013,2.9.1,description,date_filed,criminal,unknown_end_state,reference,sfsc.strict_judgment_end_state.criminal_probation_remains_revoked,66,59,0,0,0,0,0
2011,legacy_2000_2013,2.9.1,description,date_filed,civil_general,appeal_affirmed,operative,sfsc.strict_judgment_end_state.observed_remittitur_affirmed,65,61,0,0,0,0,0
2011,legacy_2000_2013,2.9.1,description,date_filed,writ_or_mandate,judgment_reference,reference,sfsc.strict_judgment_end_state.application_for_stipulated_judgment,64,54,0,0,0,0,0
2011,legacy_2000_2013,2.9.1,description,date_filed,small_claims,monetary_judgment,operative,sfsc.strict_judgment_end_state.small_claim_entered_monetary_judgment,63,60,63,63,0,1,0
2011,legacy_2000_2013,2.9.1,description,date_filed,small_claims,dismissal,operative,sfsc.strict_judgment_end_state.small_claim_party_dismissed_for_no_service,63,60,63,63,0,1,0
2011,legacy_2000_2013,2.9.1,description,date_filed,family_multi_order,family_restraining_order,operative,sfsc.strict_judgment_end_state.family_dv_restraining_order_granted,61,60,0,0,0,0,0
2011,legacy_2000_2013,2.9.1,description,date_filed,civil_general,writ_reference,reference,sfsc.strict_judgment_end_state.renewal_notice,61,61,0,0,0,0,0
2011,legacy_2000_2013,2.9.1,description,date_filed,unlawful_detainer,judgment_reference,reference,sfsc.strict_judgment_end_state.name_change_decree_outside_name_change_case,60,55,0,0,0,0,0
2011,legacy_2000_2013,2.9.1,docketEntryComment,filedDate,criminal,criminal_sentence_modification,operative,sfsc.strict_judgment_end_state.criminal_probation_terminated_or_expired,60,60,0,0,0,0,0
2011,legacy_2000_2013,2.9.1,description,date_filed,civil_general,vacatur_reference,reference,sfsc.strict_judgment_end_state.vacatur_motion_hearing_set,60,55,0,0,0,0,0
2011,legacy_2000_2013,2.9.1,description,date_filed,civil_general,dismissal,operative,sfsc.strict_judgment_end_state.court_dismissal_order_caption,60,57,0,0,0,0,0
2011,legacy_2000_2013,2.9.1,description,date_filed,civil_general,judgment_reference,reference,sfsc.strict_judgment_end_state.request_or_application,60,49,0,0,0,0,0
2011,legacy_2000_2013,2.9.1,description,date_filed,civil_general,appeal_dismissed,operative,sfsc.strict_judgment_end_state.observed_appeal_dismissal_broad_order_forms,59,52,0,0,0,0,0
2011,legacy_2000_2013,2.9.1,description,date_filed,civil_general,judgment_reference,reference,sfsc.strict_judgment_end_state.notice_of_order_or_ruling,58,53,0,0,0,0,0
2011,unknown_period,2.9.1,description,date_filed,criminal,unknown_end_state,reference,sfsc.strict_judgment_end_state.criminal_warrant_or_bond_status,57,35,0,0,0,0,0
2011,legacy_2000_2013,2.9.1,description,date_filed,criminal,dismissal,operative,sfsc.strict_judgment_end_state.criminal_court_orders_cause_dismissed,57,57,0,0,0,0,0
2011,legacy_2000_2013,2.9.1,description,date_filed,appellate_review,writ_reference,reference,sfsc.strict_judgment_end_state.unresolved_end_state_mention,57,32,0,0,0,0,0
2011,legacy_2000_2013,2.9.1,description,date_filed,family_multi_order,parental_obligations_judgment,superseding,sfsc.strict_judgment_end_state.parental_obligations_judgment_caption,57,54,0,0,0,0,0
2011,legacy_2000_2013,2.9.1,description,date_filed,criminal,dismissal,operative,sfsc.strict_judgment_end_state.criminal_express_motion_to_dismiss_granted,56,56,0,0,0,0,0
2011,unknown_period,2.9.1,description,date_filed,criminal,unknown_end_state,reference,sfsc.strict_judgment_end_state.criminal_diversion_progress_calendar,56,14,0,0,0,0,0
2011,legacy_2000_2013,2.9.1,description,date_filed,civil_general,judgment_reference,reference,sfsc.strict_judgment_end_state.objection_or_response,55,39,0,0,0,0,0
2011,legacy_2000_2013,2.9.1,description,date_filed,civil_general,vacatur_reference,reference,sfsc.strict_judgment_end_state.proof_of_service,53,48,0,0,0,0,0
2011,legacy_2000_2013,2.9.1,description,date_filed,family_multi_order,dismissal,operative,sfsc.strict_judgment_end_state.dismissal_entered,53,51,0,0,0,0,0
2011,legacy_2000_2013,2.9.1,description,date_filed,criminal,criminal_information_set_aside,operative,sfsc.strict_judgment_end_state.criminal_information_set_aside_granted,51,51,0,0,0,0,0
2011,legacy_2000_2013,2.9.1,description,date_filed,unlawful_detainer,settlement_reference,reference,sfsc.strict_judgment_end_state.application_for_stipulated_judgment,50,42,0,0,0,0,0
2011,legacy_2000_2013,2.9.1,description,date_filed,probate,probate_spousal_property_order,operative,sfsc.strict_judgment_end_state.probate_spousal_property_granted_observed,49,49,0,0,0,0,0
2011,legacy_2000_2013,2.9.1,description,date_filed,writ_or_mandate,dismissal,operative,sfsc.strict_judgment_end_state.dismissal_entered,48,37,0,0,0,0,0
2011,legacy_2000_2013,2.9.1,description,date_filed,family_multi_order,vacatur_reference,reference,sfsc.strict_judgment_end_state.motion_or_brief,48,26,0,0,0,0,0
2011,legacy_2000_2013,2.9.1,description,date_filed,family_multi_order,family_reserved_issues_judgment,operative,sfsc.strict_judgment_end_state.family_reserved_issues_judgment,46,45,0,0,0,0,0
2011,legacy_2000_2013,2.9.1,description,date_filed,criminal,dismissal,operative,sfsc.strict_judgment_end_state.criminal_observed_dismissal_result,45,45,0,0,0,0,0
2011,legacy_2000_2013,2.9.1,description,date_filed,appellate_review,dismissal_reference,reference,sfsc.strict_judgment_end_state.criminal_dismissal_motion_or_setting,45,14,0,0,0,0,0
2011,legacy_2000_2013,2.9.1,description,date_filed,unlawful_detainer,judgment_reference,reference,sfsc.strict_judgment_end_state.abstract_of_judgment,44,18,0,0,0,0,0
2011,historical_pre_2000,2.9.1,description,date_filed,probate,probate_order_reference,reference,sfsc.strict_judgment_end_state.probate_distribution_receipt,43,34,0,0,0,0,0
2011,legacy_2000_2013,2.9.1,description,date_filed,probate,appeal_reference,reference,sfsc.strict_judgment_end_state.notice_of_appeal,40,19,0,0,0,0,0
2011,historical_pre_2000,2.9.1,description,date_filed,family_multi_order,family_order_reference,reference,sfsc.strict_judgment_end_state.family_custody_modification_hearing_notice,40,31,0,0,0,0,0
2011,legacy_2000_2013,2.9.1,description,date_filed,writ_or_mandate,writ_denied,operative,sfsc.strict_judgment_end_state.writ_denied,39,31,0,0,0,0,0
2011,legacy_2000_2013,2.9.1,description,date_filed,civil_general,probate_order_reference,reference,sfsc.strict_judgment_end_state.case_model_mismatch,38,28,0,0,0,0,0
2011,legacy_2000_2013,2.9.1,description,date_filed,unlawful_detainer,dismissal,operative,sfsc.strict_judgment_end_state.calendar_removed_dismissal_filed,38,33,0,0,0,0,0
2011,legacy_2000_2013,2.9.1,description,date_filed,civil_general,settlement_reference,reference,sfsc.strict_judgment_end_state.proof_of_service,37,32,0,0,0,0,0
2011,legacy_2000_2013,2.9.1,description,date_filed,civil_general,summary_judgment,operative,sfsc.strict_judgment_end_state.observed_summary_judgment_with_alternative_adjudication,37,31,0,0,0,0,0
2011,historical_pre_2000,2.9.1,description,date_filed,family_domestic_violence,family_order_reference,reference,sfsc.strict_judgment_end_state.family_procedural_filing,37,5,0,0,0,0,0
2011,legacy_2000_2013,2.9.1,description,date_filed,civil_general,vacatur_reference,reference,sfsc.strict_judgment_end_state.default_only_set_aside_order,37,37,0,0,0,0,0
2011,legacy_2000_2013,2.9.1,description,date_filed,civil_general,settlement,operative,sfsc.strict_judgment_end_state.conditional_settlement_notice,36,31,0,0,0,0,0
2011,legacy_2000_2013,2.9.1,description,date_filed,criminal,unknown_end_state,reference,sfsc.strict_judgment_end_state.criminal_supervision_transfer_or_motion,35,31,0,0,0,0,0
2011,historical_pre_2000,2.9.1,description,date_filed,civil_general,renewal_reference,reference,sfsc.strict_judgment_end_state.application_for_stipulated_judgment,35,30,0,0,0,0,0
2011,legacy_2000_2013,2.9.1,description,date_filed,writ_or_mandate,vacatur_reference,reference,sfsc.strict_judgment_end_state.motion_or_brief,35,13,0,0,0,0,0
2011,legacy_2000_2013,2.9.1,description,date_filed,family_multi_order,family_custody_order,operative,sfsc.strict_judgment_end_state.family_child_decision_order_granted_contextual,34,34,0,0,0,0,0
2011,legacy_2000_2013,2.9.1,description,date_filed,family_multi_order,writ_reference,reference,sfsc.strict_judgment_end_state.unresolved_end_state_mention,34,20,0,0,0,0,0
2011,legacy_2000_2013,2.9.1,description,date_filed,unlawful_detainer,vacatur_reference,reference,sfsc.strict_judgment_end_state.application_for_stipulated_judgment,33,31,0,0,0,0,0
2011,legacy_2000_2013,2.9.1,description,date_filed,unlawful_detainer,monetary_judgment,operative,sfsc.strict_judgment_end_state.explicit_total_judgment,33,33,33,33,0,15,0
2011,unknown_period,2.9.1,description,date_filed,criminal,criminal_plea,operative,sfsc.strict_judgment_end_state.criminal_guilty_or_no_contest_plea,33,33,0,0,0,0,0
2011,legacy_2000_2013,2.9.1,description,date_filed,family_domestic_violence,family_support_order,operative,sfsc.strict_judgment_end_state.family_support_order,33,20,0,0,0,0,0
2011,historical_pre_2000,2.9.1,description,date_filed,probate,probate_termination_order,operative,sfsc.strict_judgment_end_state.probate_termination_caption,33,28,0,0,0,0,0
2011,legacy_2000_2013,2.9.1,description,date_filed,probate,dismissal_reference,reference,sfsc.strict_judgment_end_state.dismissal_request_only,32,26,0,0,0,0,0
2011,legacy_2000_2013,2.9.1,description,date_filed,unlawful_detainer,dismissal,operative,sfsc.strict_judgment_end_state.direct_case_dismissed,32,32,0,0,0,0,0
2011,unknown_period,2.9.1,description,date_filed,criminal,unknown_end_state,reference,sfsc.strict_judgment_end_state.criminal_transcript_or_form_caption,32,28,0,0,0,0,0
2011,legacy_2000_2013,2.9.1,description,date_filed,writ_or_mandate,dismissal_reference,reference,sfsc.strict_judgment_end_state.unresolved_end_state_mention,32,26,0,0,0,0,0
2011,historical_pre_2000,2.9.1,description,date_filed,family_multi_order,vacatur_reference,reference,sfsc.strict_judgment_end_state.motion_or_brief,31,21,0,0,0,0,0
2011,legacy_2000_2013,2.9.1,description,date_filed,family_domestic_violence,dismissal_reference,reference,sfsc.strict_judgment_end_state.unresolved_end_state_mention,31,30,0,0,0,0,0
2011,legacy_2000_2013,2.9.1,description,date_filed,family_multi_order,appeal_reference,reference,sfsc.strict_judgment_end_state.notice_of_appeal,31,12,0,0,0,0,0
2011,legacy_2000_2013,2.9.1,description,date_filed,writ_or_mandate,dismissal,operative,sfsc.strict_judgment_end_state.observed_whole_case_dismissal,31,31,0,0,0,0,0
2011,legacy_2000_2013,2.9.1,description,date_filed,civil_general,renewal_reference,reference,sfsc.strict_judgment_end_state.motion_or_brief,30,7,0,0,0,0,0
2011,legacy_2000_2013,2.9.1,description,date_filed,family_multi_order,judgment,operative,sfsc.strict_judgment_end_state.judgment_entered,29,29,0,0,0,0,0
2011,legacy_2000_2013,2.9.1,description,date_filed,writ_or_mandate,sanctions_termination_order,operative,sfsc.strict_judgment_end_state.sanctions_terminated_in_claim_order,29,28,0,0,0,0,0
2011,legacy_2000_2013,2.9.1,description,date_filed,small_claims,satisfaction,operative,sfsc.strict_judgment_end_state.satisfaction_granted_or_on_file,29,28,0,0,0,0,0
2011,legacy_2000_2013,2.9.1,description,date_filed,writ_or_mandate,claim_stricken_order,operative,sfsc.strict_judgment_end_state.claim_stricken_after_sanctions_termination,29,28,0,0,0,0,0
2011,historical_pre_2000,2.9.1,description,date_filed,family_multi_order,family_custody_order,operative,sfsc.strict_judgment_end_state.family_custody_order,29,21,0,0,0,0,0
2011,legacy_2000_2013,2.9.1,description,date_filed,writ_or_mandate,dismissal_reference,reference,sfsc.strict_judgment_end_state.criminal_dismissal_motion_or_setting,29,6,0,0,0,0,0
2011,historical_pre_2000,2.9.1,description,date_filed,civil_general,renewal,operative,sfsc.strict_judgment_end_state.ccp_683_110_renewal,29,29,29,29,0,0,0
2011,historical_pre_2000,2.9.1,description,date_filed,family_multi_order,family_order_reference,reference,sfsc.strict_judgment_end_state.family_contextual_collateral_written_order_grant,29,27,0,0,0,0,0
2011,legacy_2000_2013,2.9.1,docketEntryComment,filedDate,criminal,unknown_end_state,reference,sfsc.strict_judgment_end_state.criminal_diversion_or_program_procedure,28,27,0,0,0,0,0
2011,unknown_period,2.9.1,description,date_filed,criminal,unknown_end_state,reference,sfsc.strict_judgment_end_state.criminal_diversion_or_program_procedure,28,9,0,0,0,0,0
2011,legacy_2000_2013,2.9.1,description,date_filed,probate,probate_instructions_order,operative,sfsc.strict_judgment_end_state.probate_instructions_granted_observed,28,18,0,0,0,0,0
2011,historical_pre_2000,2.9.1,description,date_filed,family_multi_order,dismissal_reference,reference,sfsc.strict_judgment_end_state.unresolved_end_state_mention,28,18,0,0,0,0,0
2011,legacy_2000_2013,2.9.1,description,date_filed,unlawful_detainer,summary_judgment,operative,sfsc.strict_judgment_end_state.summary_judgment_granted,27,15,0,0,0,0,0
2011,legacy_2000_2013,2.9.1,description,date_filed,criminal,writ_reference,reference,sfsc.strict_judgment_end_state.unresolved_end_state_mention,27,14,0,0,0,0,0
2011,legacy_2000_2013,2.9.1,description,date_filed,civil_general,dismissal,operative,sfsc.strict_judgment_end_state.recorded_calendar_dismissal,27,27,0,0,0,0,0
2011,legacy_2000_2013,2.9.1,description,date_filed,unlawful_detainer,vacatur_reference,reference,sfsc.strict_judgment_end_state.proof_of_service,27,24,0,0,0,0,0
2011,legacy_2000_2013,2.9.1,description,date_filed,unlawful_detainer,judgment_reference,reference,sfsc.strict_judgment_end_state.notice_of_order_or_ruling,27,26,0,0,0,0,0
2011,legacy_2000_2013,2.9.1,description,date_filed,probate,probate_restraining_order,operative,sfsc.strict_judgment_end_state.probate_restraining_order_granted_observed,27,24,0,0,0,0,0
2011,legacy_2000_2013,2.9.1,docketEntryComment,filedDate,criminal,criminal_sentence_modification,operative,sfsc.strict_judgment_end_state.criminal_probation_revoked,26,20,0,0,0,0,0
2011,legacy_2000_2013,2.9.1,description,date_filed,criminal,dismissal,operative,sfsc.strict_judgment_end_state.criminal_dismissal_after_diversion,26,26,0,0,0,0,0
2011,historical_pre_2000,2.9.1,description,date_filed,probate,probate_account_order,operative,sfsc.strict_judgment_end_state.probate_account_order,26,22,0,0,0,0,0
2011,legacy_2000_2013,2.9.1,docketEntryComment,filedDate,criminal,dismissal,operative,sfsc.strict_judgment_end_state.criminal_express_motion_to_dismiss_granted,26,26,0,0,0,0,0
2011,legacy_2000_2013,2.9.1,description,date_filed,civil_general,vacatur_reference,reference,sfsc.strict_judgment_end_state.application_for_stipulated_judgment,26,19,0,0,0,0,0
2011,legacy_2000_2013,2.9.1,description,date_filed,writ_or_mandate,writ_reference,reference,sfsc.strict_judgment_end_state.proposed_disposition,26,24,0,0,0,0,0
2011,legacy_2000_2013,2.9.1,description,date_filed,probate,probate_order_reference,reference,sfsc.strict_judgment_end_state.probate_empirical_counsel_or_referee_grant_reference,26,17,0,0,0,0,0
2011,historical_pre_2000,2.9.1,description,date_filed,family_multi_order,family_order_reference,reference,sfsc.strict_judgment_end_state.motion_or_brief,26,19,0,0,0,0,0
2011,legacy_2000_2013,2.9.1,description,date_filed,criminal,criminal_diversion_completed,operative,sfsc.strict_judgment_end_state.criminal_diversion_completed_before_dismissal,26,26,0,0,0,0,0
2011,legacy_2000_2013,2.9.1,description,date_filed,appellate_review,appeal_reference,reference,sfsc.strict_judgment_end_state.motion_or_brief,25,18,0,0,0,0,0
2011,legacy_2000_2013,2.9.1,docketEntryComment,filedDate,criminal,dismissal,operative,sfsc.strict_judgment_end_state.criminal_dismissal_after_diversion,25,25,0,0,0,0,0
2011,legacy_2000_2013,2.9.1,docketEntryComment,filedDate,criminal,criminal_verdict,operative,sfsc.strict_judgment_end_state.criminal_guilty_or_not_guilty_verdict,25,24,0,0,0,0,0
2011,legacy_2000_2013,2.9.1,description,date_filed,unlawful_detainer,appeal_reference,reference,sfsc.strict_judgment_end_state.notice_of_appeal,25,11,0,0,0,0,0
2011,legacy_2000_2013,2.9.1,docketEntryComment,filedDate,criminal,criminal_diversion_completed,operative,sfsc.strict_judgment_end_state.criminal_diversion_completed_before_dismissal,25,25,0,0,0,0,0
2011,legacy_2000_2013,2.9.1,description,date_filed,small_claims,dismissal,operative,sfsc.strict_judgment_end_state.court_dismissal_order_caption,25,20,0,0,0,0,0
2011,legacy_2000_2013,2.9.1,description,date_filed,criminal,dismissal_reference,reference,sfsc.strict_judgment_end_state.dismissal_verification_or_future_setting,25,19,0,0,0,0,0
2011,legacy_2000_2013,2.9.1,description,date_filed,small_claims,renewal_reference,reference,sfsc.strict_judgment_end_state.application_for_stipulated_judgment,24,22,0,0,0,0,0
2011,legacy_2000_2013,2.9.1,description,date_filed,criminal,criminal_sentence_modification,operative,sfsc.strict_judgment_end_state.criminal_probation_expiration_modified,24,22,0,0,0,0,0
2011,legacy_2000_2013,2.9.1,description,date_filed,criminal,dismissal,operative,sfsc.strict_judgment_end_state.criminal_motion_to_dismiss_granted,24,24,0,0,0,0,0
2011,legacy_2000_2013,2.9.1,description,date_filed,writ_or_mandate,writ_reference,reference,sfsc.strict_judgment_end_state.notice_of_entry,24,12,0,0,0,0,0
2011,legacy_2000_2013,2.9.1,description,date_filed,family_domestic_violence,family_order_reference,reference,sfsc.strict_judgment_end_state.family_contextual_collateral_written_order_grant,24,22,0,0,0,0,0
2011,legacy_2000_2013,2.9.1,description,date_filed,unlawful_detainer,dismissal_reference,reference,sfsc.strict_judgment_end_state.dismissal_set_aside,24,10,0,0,0,0,0
2011,legacy_2000_2013,2.9.1,description,date_filed,civil_general,petition_ruling,operative,sfsc.strict_judgment_end_state.observed_dismissal_motion_denied,24,21,0,0,0,0,0
2011,legacy_2000_2013,2.9.1,description,date_filed,criminal,petition_ruling,operative,sfsc.strict_judgment_end_state.observed_dismissal_motion_denied,23,19,0,0,0,0,0
2011,legacy_2000_2013,2.9.1,description,date_filed,family_multi_order,family_judgment,superseding,sfsc.strict_judgment_end_state.family_amended_marital_judgment,23,21,0,0,0,0,0
2011,legacy_2000_2013,2.9.1,description,date_filed,small_claims,appeal_dismissed,operative,sfsc.strict_judgment_end_state.appeal_dismissed,23,23,0,0,0,0,0
2011,legacy_2000_2013,2.9.1,description,date_filed,family_multi_order,family_custody_order,operative,sfsc.strict_judgment_end_state.family_child_specific_granted_contextual,22,21,0,0,0,0,0
2011,legacy_2000_2013,2.9.1,description,date_filed,civil_general,probate_order_reference,reference,sfsc.strict_judgment_end_state.request_to_enter_judgment,22,19,0,0,0,0,0
2011,legacy_2000_2013,2.9.1,description,date_filed,civil_general,family_order_reference,reference,sfsc.strict_judgment_end_state.family_procedural_filing,22,7,0,0,0,0,0
2011,legacy_2000_2013,2.9.1,description,date_filed,writ_or_mandate,renewal_reference,reference,sfsc.strict_judgment_end_state.application_for_stipulated_judgment,22,19,0,0,0,0,0
2011,legacy_2000_2013,2.9.1,description,date_filed,probate,judgment_reference,reference,sfsc.strict_judgment_end_state.case_model_mismatch,21,19,0,0,0,0,0
2011,legacy_2000_2013,2.9.1,description,date_filed,civil_general,judgment,operative,sfsc.strict_judgment_end_state.recorded_calendar_judgment_filed,21,19,0,0,0,0,0
2011,legacy_2000_2013,2.9.1,description,date_filed,criminal,settlement,operative,sfsc.strict_judgment_end_state.case_reported_settled,21,20,0,0,0,0,0
2011,legacy_2000_2013,2.9.1,description,date_filed,writ_or_mandate,judgment_reference,reference,sfsc.strict_judgment_end_state.name_change_decree_outside_name_change_case,21,16,0,0,0,0,0
2011,legacy_2000_2013,2.9.1,description,date_filed,small_claims,satisfaction_reference,reference,sfsc.strict_judgment_end_state.request_to_enter_judgment,21,21,0,0,0,0,0
2011,historical_pre_2000,2.9.1,description,date_filed,criminal,unknown_end_state,reference,sfsc.strict_judgment_end_state.criminal_warrant_or_bond_status,21,20,0,0,0,0,0
2011,legacy_2000_2013,2.9.1,description,date_filed,family_multi_order,family_judgment,operative,sfsc.strict_judgment_end_state.family_marital_status_granted_contextual,21,21,0,0,0,0,0
2011,legacy_2000_2013,2.9.1,description,date_filed,civil_general,appeal_reference,reference,sfsc.strict_judgment_end_state.unresolved_end_state_mention,21,18,0,0,0,0,0
2011,historical_pre_2000,2.9.1,description,date_filed,probate,probate_termination_order,operative,sfsc.strict_judgment_end_state.probate_termination_granted_observed,20,17,0,0,0,0,0
2011,legacy_2000_2013,2.9.1,description,date_filed,unlawful_detainer,satisfaction,operative,sfsc.strict_judgment_end_state.satisfaction_filed,20,20,0,0,0,0,0
2011,legacy_2000_2013,2.9.1,description,date_filed,small_claims,renewal,operative,sfsc.strict_judgment_end_state.ccp_683_110_renewal,20,20,20,20,0,0,0
2011,legacy_2000_2013,2.9.1,description,date_filed,civil_general,appeal_dismissed,operative,sfsc.strict_judgment_end_state.appeal_dismissal_clerk_certificate,20,17,0,0,0,0,0
2011,legacy_2000_2013,2.9.1,description,date_filed,civil_general,unknown_end_state,reference,sfsc.strict_judgment_end_state.complex_designation_denied,20,19,0,0,0,0,0
2011,historical_pre_2000,2.9.1,description,date_filed,civil_general,satisfaction,operative,sfsc.strict_judgment_end_state.satisfaction_filed,20,20,0,0,0,0,0
2011,legacy_2000_2013,2.9.1,description,date_filed,criminal,dismissal,operative,sfsc.strict_judgment_end_state.criminal_dismissal_after_guilty_plea_set_aside,20,20,0,0,0,0,0
2011,legacy_2000_2013,2.9.1,description,date_filed,criminal,vacatur,operative,sfsc.strict_judgment_end_state.criminal_guilty_plea_set_aside_before_dismissal,20,20,0,0,0,0,0
2011,legacy_2000_2013,2.9.1,description,date_filed,unlawful_detainer,vacatur_reference,reference,sfsc.strict_judgment_end_state.vacatur_motion_hearing_set,20,20,0,0,0,0,0
2011,legacy_2000_2013,2.9.1,description,date_filed,civil_general,dismissal_reference,reference,sfsc.strict_judgment_end_state.proof_of_service,20,16,0,0,0,0,0
2011,legacy_2000_2013,2.9.1,description,date_filed,probate,settlement,operative,sfsc.strict_judgment_end_state.settlement_notice,20,17,0,0,0,0,0
2011,legacy_2000_2013,2.9.1,description,date_filed,criminal,unknown_end_state,reference,sfsc.strict_judgment_end_state.criminal_sentencing_procedure_or_report,19,18,0,0,0,0,0
2011,legacy_2000_2013,2.9.1,description,date_filed,writ_or_mandate,renewal,operative,sfsc.strict_judgment_end_state.ccp_683_110_renewal,19,19,19,19,0,0,0
2011,legacy_2000_2013,2.9.1,description,date_filed,family_multi_order,family_order_reference,reference,sfsc.strict_judgment_end_state.unresolved_end_state_mention,19,19,0,0,0,0,0
2011,legacy_2000_2013,2.9.1,description,date_filed,criminal,criminal_diversion_completed,operative,sfsc.strict_judgment_end_state.criminal_diversion_completed,19,19,0,0,0,0,0
2011,legacy_2000_2013,2.9.1,description,date_filed,criminal,dismissal,operative,sfsc.strict_judgment_end_state.criminal_ctord_case_dismissed,18,18,0,0,0,0,0
2011,legacy_2000_2013,2.9.1,description,date_filed,family_multi_order,dismissal_reference,reference,sfsc.strict_judgment_end_state.dismissal_request_only,18,18,0,0,0,0,0
2011,historical_pre_2000,2.9.1,description,date_filed,family_multi_order,dismissal,operative,sfsc.strict_judgment_end_state.dismissal_entered,18,18,0,0,0,0,0
2011,legacy_2000_2013,2.9.1,description,date_filed,probate,judgment_reference,reference,sfsc.strict_judgment_end_state.abstract_of_judgment,18,11,0,0,0,0,0
2011,legacy_2000_2013,2.9.1,description,date_filed,civil_general,unknown_end_state,reference,sfsc.strict_judgment_end_state.prejudgment_writ_of_possession_application,18,9,0,0,0,0,0
2011,historical_pre_2000,2.9.1,description,date_filed,family_multi_order,judgment_reference,reference,sfsc.strict_judgment_end_state.notice_of_entry,18,17,0,0,0,0,0
2011,legacy_2000_2013,2.9.1,description,date_filed,small_claims,dismissal_reference,reference,sfsc.strict_judgment_end_state.dismissal_request_only,18,15,0,0,0,0,0
2011,legacy_2000_2013,2.9.1,description,date_filed,writ_or_mandate,judgment_reference,reference,sfsc.strict_judgment_end_state.request_to_enter_judgment,18,18,0,0,0,0,0
2011,legacy_2000_2013,2.9.1,description,date_filed,family_multi_order,family_restraining_order_denied,operative,sfsc.strict_judgment_end_state.family_dv_restraining_order_denied,18,17,0,0,0,0,0
2011,legacy_2000_2013,2.9.1,description,date_filed,unlawful_detainer,amended_judgment,superseding,sfsc.strict_judgment_end_state.observed_amended_or_revised_judgment,18,18,12,12,0,6,0
2011,legacy_2000_2013,2.9.1,description,date_filed,unlawful_detainer,vacatur_reference,reference,sfsc.strict_judgment_end_state.unresolved_end_state_mention,18,16,0,0,0,0,0
2011,historical_pre_2000,2.9.1,description,date_filed,probate,probate_letters_order,operative,sfsc.strict_judgment_end_state.probate_letters_order,18,13,0,0,0,0,0
2011,legacy_2000_2013,2.9.1,description,date_filed,small_claims,dismissal,operative,sfsc.strict_judgment_end_state.recorded_case_or_matter_dismissal,17,16,2,2,0,0,0
2011,legacy_2000_2013,2.9.1,description,date_filed,small_claims,dismissal_reference,reference,sfsc.strict_judgment_end_state.criminal_dismissal_motion_or_setting,17,10,0,0,0,0,0
2011,legacy_2000_2013,2.9.1,description,date_filed,family_domestic_violence,family_domestic_violence_dismissal,operative,sfsc.strict_judgment_end_state.family_restraining_order_dismissal_granted,17,17,0,0,0,0,0
2011,legacy_2000_2013,2.9.1,description,date_filed,criminal,criminal_verdict,operative,sfsc.strict_judgment_end_state.criminal_court_declared_mistrial,17,17,0,0,0,0,0
2011,historical_pre_2000,2.9.1,description,date_filed,civil_general,judgment_reference,reference,sfsc.strict_judgment_end_state.proposed_disposition,16,2,0,0,0,0,0
2011,legacy_2000_2013,2.9.1,description,date_filed,family_domestic_violence,family_custody_modification,operative,sfsc.strict_judgment_end_state.family_custody_modification,16,15,0,0,0,0,0
2011,legacy_2000_2013,2.9.1,description,date_filed,family_multi_order,judgment_reference,reference,sfsc.strict_judgment_end_state.hearing_setting,16,14,0,0,0,0,0
2011,historical_pre_2000,2.9.1,description,date_filed,family_multi_order,family_judgment,operative,sfsc.strict_judgment_end_state.family_marital_judgment_caption,16,16,0,0,0,0,0
2011,legacy_2000_2013,2.9.1,description,date_filed,civil_general,dismissal_reference,reference,sfsc.strict_judgment_end_state.application_for_stipulated_judgment,16,13,0,0,0,0,0
2011,legacy_2000_2013,2.9.1,description,date_filed,family_domestic_violence,dismissal_reference,reference,sfsc.strict_judgment_end_state.criminal_dismissal_motion_or_setting,16,13,0,0,0,0,0
2011,legacy_2000_2013,2.9.1,description,date_filed,family_domestic_violence,settlement_reference,reference,sfsc.strict_judgment_end_state.unresolved_end_state_mention,16,10,0,0,0,0,0
2011,legacy_2000_2013,2.9.1,description,date_filed,civil_general,writ_reference,reference,sfsc.strict_judgment_end_state.motion_or_brief,16,5,0,0,0,0,0
2011,historical_pre_2000,2.9.1,description,date_filed,family_multi_order,family_order_reference,reference,sfsc.strict_judgment_end_state.family_judgment_workflow,16,13,0,0,0,0,0
2011,legacy_2000_2013,2.9.1,description,date_filed,appellate_review,writ_reference,reference,sfsc.strict_judgment_end_state.case_model_mismatch,16,15,0,0,0,0,0
2011,legacy_2000_2013,2.9.1,description,date_filed,criminal,unknown_end_state,reference,sfsc.strict_judgment_end_state.criminal_information_set_aside_motion_procedure,16,16,0,0,0,0,0
2011,legacy_2000_2013,2.9.1,description,date_filed,probate,probate_termination_order,operative,sfsc.strict_judgment_end_state.observed_direct_probate_termination_order,15,14,0,0,0,0,0
2011,legacy_2000_2013,2.9.1,description,date_filed,civil_general,satisfaction_reference,reference,sfsc.strict_judgment_end_state.motion_or_brief,15,6,0,0,0,0,0
2011,legacy_2000_2013,2.9.1,description,date_filed,civil_general,name_change_petition_stricken,operative,sfsc.strict_judgment_end_state.name_change_petition_stricken_observed,15,11,0,0,0,0,0
2011,legacy_2000_2013,2.9.1,description,date_filed,civil_general,dismissal_reference,reference,sfsc.strict_judgment_end_state.notice_of_entry,15,14,0,0,0,0,0
2011,legacy_2000_2013,2.9.1,description,date_filed,writ_or_mandate,writ_dismissed,operative,sfsc.strict_judgment_end_state.observed_writ_petition_dismissed,15,15,0,0,0,0,0
2011,legacy_2000_2013,2.9.1,description,date_filed,civil_general,vacatur_reference,reference,sfsc.strict_judgment_end_state.bare_judgment_set_aside_caption,15,14,0,0,0,0,0
2011,historical_pre_2000,2.9.1,description,date_filed,family_multi_order,family_support_order,operative,sfsc.strict_judgment_end_state.family_support_enforcement_granted_contextual,15,15,0,0,0,0,0
2011,unknown_period,2.9.1,description,date_filed,criminal,criminal_sentence_modification,operative,sfsc.strict_judgment_end_state.criminal_probation_revoked,15,11,0,0,0,0,0
2011,legacy_2000_2013,2.9.1,description,date_filed,probate,probate_case_closure_order,operative,sfsc.strict_judgment_end_state.probate_case_closure_granted_observed,15,13,0,0,0,0,0
2011,legacy_2000_2013,2.9.1,description,date_filed,family_multi_order,vacatur,operative,sfsc.strict_judgment_end_state.family_vacatur_granted_contextual,15,15,0,0,0,0,0
2011,unknown_period,2.9.1,description,date_filed,criminal,criminal_sentence_modification,operative,sfsc.strict_judgment_end_state.criminal_probation_terminated_or_expired,15,15,0,0,0,0,0
2011,historical_pre_2000,2.9.1,description,date_filed,family_multi_order,judgment_reference,reference,sfsc.strict_judgment_end_state.application_for_stipulated_judgment,15,15,0,0,0,0,0
2011,legacy_2000_2013,2.9.1,description,date_filed,family_multi_order,family_custody_order,operative,sfsc.strict_judgment_end_state.family_review_custody_granted,15,15,0,0,0,0,0
2011,legacy_2000_2013,2.9.1,description,date_filed,writ_or_mandate,appeal_affirmed,operative,sfsc.strict_judgment_end_state.observed_remittitur_affirmed,15,15,0,0,0,0,0
2011,legacy_2000_2013,2.9.1,description,date_filed,family_multi_order,dismissal_reference,reference,sfsc.strict_judgment_end_state.criminal_dismissal_motion_or_setting,15,5,0,0,0,0,0
2011,legacy_2000_2013,2.9.1,description,date_filed,civil_general,judgment_reference,reference,sfsc.strict_judgment_end_state.audited_judgment_fee_or_copy_entry,15,14,0,0,0,0,0
2011,legacy_2000_2013,2.9.1,description,date_filed,small_claims,dismissal_reference,reference,sfsc.strict_judgment_end_state.audited_returned_dismissal_document,15,14,0,0,0,0,0
2011,historical_pre_2000,2.9.1,description,date_filed,family_multi_order,family_custody_modification,operative,sfsc.strict_judgment_end_state.family_custody_modification,14,11,0,0,0,0,0
2011,historical_pre_2000,2.9.1,description,date_filed,civil_general,settlement_reference,reference,sfsc.strict_judgment_end_state.unresolved_end_state_mention,14,5,0,0,0,0,0
2011,legacy_2000_2013,2.9.1,description,date_filed,probate,petition_ruling,operative,sfsc.strict_judgment_end_state.probate_named_petition_denied_legacy,14,13,0,0,0,0,0
2011,historical_pre_2000,2.9.1,description,date_filed,probate,settlement_reference,reference,sfsc.strict_judgment_end_state.unresolved_end_state_mention,14,9,0,0,0,0,0
2011,legacy_2000_2013,2.9.1,description,date_filed,unlawful_detainer,vacatur_reference,reference,sfsc.strict_judgment_end_state.bare_judgment_set_aside_caption,14,14,0,0,0,0,0
2011,legacy_2000_2013,2.9.1,description,date_filed,probate,probate_appointment_order,operative,sfsc.strict_judgment_end_state.probate_appointment_denied,14,10,0,0,0,0,0
2011,legacy_2000_2013,2.9.1,description,date_filed,criminal,judgment_reference,reference,sfsc.strict_judgment_end_state.motion_or_brief,14,11,0,0,0,0,0
2011,legacy_2000_2013,2.9.1,description,date_filed,civil_general,appeal_reversed,operative,sfsc.strict_judgment_end_state.observed_remittitur_reversed,14,13,0,0,0,0,0
2011,legacy_2000_2013,2.9.1,docketEntryComment,filedDate,criminal,settlement_reference,reference,sfsc.strict_judgment_end_state.unresolved_end_state_mention,14,14,0,0,0,0,0
2011,legacy_2000_2013,2.9.1,description,date_filed,unlawful_detainer,vacatur_reference,reference,sfsc.strict_judgment_end_state.proposed_disposition,13,13,0,0,0,0,0
2011,legacy_2000_2013,2.9.1,description,date_filed,probate,writ_reference,reference,sfsc.strict_judgment_end_state.unresolved_end_state_mention,13,4,0,0,0,0,0
2011,legacy_2000_2013,2.9.1,description,date_filed,probate,probate_vital_record_order,operative,sfsc.strict_judgment_end_state.probate_vital_record_granted_observed,13,8,0,0,0,0,0
2011,legacy_2000_2013,2.9.1,description,date_filed,family_multi_order,judgment_reference,reference,sfsc.strict_judgment_end_state.abstract_of_judgment,13,8,0,0,0,0,0
2011,historical_pre_2000,2.9.1,description,date_filed,family_multi_order,judgment_reference,reference,sfsc.strict_judgment_end_state.certificate_or_declaration,13,12,0,0,0,0,0
2011,historical_pre_2000,2.9.1,description,date_filed,probate,probate_trust_order,operative,sfsc.strict_judgment_end_state.probate_trust_granted_observed,13,11,0,0,0,0,0
2011,historical_pre_2000,2.9.1,description,date_filed,writ_or_mandate,probate_order_reference,reference,sfsc.strict_judgment_end_state.probate_procedural_filing,13,6,0,0,0,0,0
2011,legacy_2000_2013,2.9.1,description,date_filed,family_multi_order,family_contempt_order,operative,sfsc.strict_judgment_end_state.family_contempt_granted_contextual,13,12,0,0,0,0,0
2011,historical_pre_2000,2.9.1,description,date_filed,probate,probate_distribution_order,operative,sfsc.strict_judgment_end_state.probate_distribution_granted_observed,13,12,0,0,0,0,0
2011,legacy_2000_2013,2.9.1,docketEntryComment,filedDate,criminal,judgment_reference,reference,sfsc.strict_judgment_end_state.unresolved_end_state_mention,13,13,0,0,0,0,0
2011,legacy_2000_2013,2.9.1,description,date_filed,probate,dismissal_reference,reference,sfsc.strict_judgment_end_state.unresolved_end_state_mention,13,13,0,0,0,0,0
2011,legacy_2000_2013,2.9.1,description,date_filed,writ_or_mandate,writ_reference,reference,sfsc.strict_judgment_end_state.motion_or_brief,13,3,0,0,0,0,0
2011,historical_pre_2000,2.9.1,description,date_filed,family_multi_order,family_order_reference,reference,sfsc.strict_judgment_end_state.family_dv_calendar_nonresult,13,6,0,0,0,0,0
2011,legacy_2000_2013,2.9.1,description,date_filed,probate,probate_discharge_order,operative,sfsc.strict_judgment_end_state.probate_discharge_granted_observed,13,11,0,0,0,0,0
2011,historical_pre_2000,2.9.1,description,date_filed,civil_general,judgment_reference,reference,sfsc.strict_judgment_end_state.abstract_of_judgment,13,10,0,0,0,0,0
2011,unknown_period,2.9.1,description,date_filed,criminal,unknown_end_state,reference,sfsc.strict_judgment_end_state.criminal_embedded_warrant_status,12,11,0,0,0,0,0
2011,legacy_2000_2013,2.9.1,description,date_filed,writ_or_mandate,writ_granted,operative,sfsc.strict_judgment_end_state.writ_granted,12,12,0,0,0,0,0
2011,legacy_2000_2013,2.9.1,description,date_filed,writ_or_mandate,settlement,operative,sfsc.strict_judgment_end_state.settlement_notice,12,12,0,0,0,0,0
2011,legacy_2000_2013,2.9.1,description,date_filed,civil_general,dismissal,operative,sfsc.strict_judgment_end_state.audited_calendar_recorded_dismissal,12,11,0,0,0,0,0
2011,legacy_2000_2013,2.9.1,description,date_filed,probate,probate_creditor_claim_order,operative,sfsc.strict_judgment_end_state.probate_creditor_claim_granted_observed,12,8,0,0,0,0,0
2011,historical_pre_2000,2.9.1,description,date_filed,family_multi_order,settlement_reference,reference,sfsc.strict_judgment_end_state.unresolved_end_state_mention,12,7,0,0,0,0,0
2011,legacy_2000_2013,2.9.1,docketEntryComment,filedDate,criminal,dismissal,operative,sfsc.strict_judgment_end_state.recorded_case_or_matter_dismissal,12,12,0,0,0,0,0
2011,legacy_2000_2013,2.9.1,description,date_filed,unlawful_detainer,judgment_reference,reference,sfsc.strict_judgment_end_state.hearing_setting,11,9,0,0,0,0,0
2011,legacy_2000_2013,2.9.1,description,date_filed,family_multi_order,judgment_reference,reference,sfsc.strict_judgment_end_state.proof_of_service,11,9,0,0,0,0,0
2011,legacy_2000_2013,2.9.1,description,date_filed,writ_or_mandate,writ_reference,reference,sfsc.strict_judgment_end_state.abstract_of_judgment,11,5,0,0,0,0,0
2011,legacy_2000_2013,2.9.1,description,date_filed,unlawful_detainer,judgment_reference,reference,sfsc.strict_judgment_end_state.audited_calendar_reference_to_judgment,11,11,0,0,0,0,0
2011,legacy_2000_2013,2.9.1,description,date_filed,family_domestic_violence,family_restraining_order,operative,sfsc.strict_judgment_end_state.family_restraining_order_legacy_granted,11,11,0,0,0,0,0
2011,legacy_2000_2013,2.9.1,description,date_filed,family_multi_order,family_judgment,operative,sfsc.strict_judgment_end_state.family_observed_multi_effect_family_judgment,11,11,0,0,0,0,0
2011,historical_pre_2000,2.9.1,description,date_filed,civil_general,dismissal_reference,reference,sfsc.strict_judgment_end_state.unresolved_end_state_mention,11,10,0,0,0,0,0
2011,legacy_2000_2013,2.9.1,description,date_filed,civil_general,judgment_reference,reference,sfsc.strict_judgment_end_state.notice_of_ruling_on_motion_to_strike,11,11,0,0,0,0,0
2011,legacy_2000_2013,2.9.1,description,date_filed,writ_or_mandate,judgment_reference,reference,sfsc.strict_judgment_end_state.notice_of_order_or_ruling,11,10,0,0,0,0,0
2011,legacy_2000_2013,2.9.1,description,date_filed,civil_general,settlement_reference,reference,sfsc.strict_judgment_end_state.notice_of_order_or_ruling,11,11,0,0,0,0,0
2011,legacy_2000_2013,2.9.1,description,date_filed,criminal,criminal_program_termination,operative,sfsc.strict_judgment_end_state.criminal_program_terminated_observed,10,10,0,0,0,0,0
2011,legacy_2000_2013,2.9.1,description,date_filed,writ_or_mandate,judgment_reference,reference,sfsc.strict_judgment_end_state.hearing_setting,10,9,0,0,0,0,0
2011,legacy_2000_2013,2.9.1,description,date_filed,civil_general,vacatur_reference,reference,sfsc.strict_judgment_end_state.certificate_or_declaration,10,7,0,0,0,0,0
2011,legacy_2000_2013,2.9.1,description,date_filed,probate,family_order_reference,reference,sfsc.strict_judgment_end_state.case_model_mismatch,10,7,0,0,0,0,0
2011,legacy_2000_2013,2.9.1,description,date_filed,family_multi_order,family_restraining_order,operative,sfsc.strict_judgment_end_state.family_restraining_order_legacy_granted,10,8,0,0,0,0,0
2011,legacy_2000_2013,2.9.1,docketEntryComment,filedDate,criminal,unknown_end_state,reference,sfsc.strict_judgment_end_state.probation_motion_or_future_setting,10,10,0,0,0,0,0
2011,legacy_2000_2013,2.9.1,description,date_filed,family_multi_order,family_custody_order,operative,sfsc.strict_judgment_end_state.family_custody_written_order_tail,10,10,0,0,0,0,0
2011,legacy_2000_2013,2.9.1,description,date_filed,small_claims,judgment_reference,reference,sfsc.strict_judgment_end_state.proposed_disposition,10,8,0,0,0,0,0
2011,legacy_2000_2013,2.9.1,description,date_filed,civil_general,dismissal_reference,reference,sfsc.strict_judgment_end_state.audited_notice_of_dismissal_result,10,8,0,0,0,0,0
2011,legacy_2000_2013,2.9.1,docketEntryComment,filedDate,criminal,criminal_sentence,operative,sfsc.strict_judgment_end_state.recorded_direct_criminal_sentence,10,10,0,0,0,0,0
2011,historical_pre_2000,2.9.1,description,date_filed,criminal,criminal_sentence_modification,operative,sfsc.strict_judgment_end_state.criminal_probation_terminated_or_expired,10,10,0,0,0,0,0
2011,historical_pre_2000,2.9.1,description,date_filed,criminal,dismissal,operative,sfsc.strict_judgment_end_state.criminal_pc1385_portal_dismissal,10,10,0,0,0,0,0
2011,historical_pre_2000,2.9.1,description,date_filed,probate,probate_order_reference,reference,sfsc.strict_judgment_end_state.probate_termination_continued,10,5,0,0,0,0,0
2011,legacy_2000_2013,2.9.1,description,date_filed,civil_general,amended_judgment,superseding,sfsc.strict_judgment_end_state.amended_judgment_entered,9,9,0,0,0,0,0
2011,legacy_2000_2013,2.9.1,description,date_filed,civil_general,settlement_reference,reference,sfsc.strict_judgment_end_state.application_for_stipulated_judgment,9,8,0,0,0,0,0
2011,legacy_2000_2013,2.9.1,docketEntryComment,filedDate,criminal,dismissal,operative,sfsc.strict_judgment_end_state.criminal_dismissal_after_guilty_plea_set_aside,9,9,0,0,0,0,0
2011,historical_pre_2000,2.9.1,description,date_filed,probate,judgment_reference,reference,sfsc.strict_judgment_end_state.unresolved_end_state_mention,9,5,0,0,0,0,0
2011,unknown_period,2.9.1,description,date_filed,criminal,dismissal,operative,sfsc.strict_judgment_end_state.criminal_pc1385_portal_dismissal,9,9,0,0,0,0,0
2011,legacy_2000_2013,2.9.1,description,date_filed,family_multi_order,family_settlement_order,operative,sfsc.strict_judgment_end_state.family_settlement_granted_contextual,9,9,0,0,0,0,0
2011,legacy_2000_2013,2.9.1,description,date_filed,probate,probate_order_reference,reference,sfsc.strict_judgment_end_state.probate_close_status_calendar,9,5,0,0,0,0,0
2011,legacy_2000_2013,2.9.1,docketEntryComment,filedDate,criminal,vacatur,operative,sfsc.strict_judgment_end_state.criminal_guilty_plea_set_aside_before_dismissal,9,9,0,0,0,0,0
2011,legacy_2000_2013,2.9.1,description,date_filed,unlawful_detainer,dismissal_reference,reference,sfsc.strict_judgment_end_state.application_for_stipulated_judgment,9,9,0,0,0,0,0
2011,legacy_2000_2013,2.9.1,description,date_filed,criminal,criminal_protective_order_termination,operative,sfsc.strict_judgment_end_state.criminal_stay_away_or_protective_order_terminated,9,9,0,0,0,0,0
2011,legacy_2000_2013,2.9.1,description,date_filed,probate,probate_heirship_order,operative,sfsc.strict_judgment_end_state.probate_heirship_granted_observed,9,9,0,0,0,0,0
2011,legacy_2000_2013,2.9.1,description,date_filed,small_claims,judgment_reference,reference,sfsc.strict_judgment_end_state.audited_judgment_assignment,9,9,0,0,0,0,0
2011,historical_pre_2000,2.9.1,description,date_filed,family_multi_order,judgment_reference,reference,sfsc.strict_judgment_end_state.unresolved_end_state_mention,9,9,0,0,0,0,0
2011,unknown_period,2.9.1,docketEntryComment,filedDate,criminal,criminal_plea,operative,sfsc.strict_judgment_end_state.criminal_guilty_or_no_contest_plea,8,8,0,0,0,0,0
2011,legacy_2000_2013,2.9.1,description,date_filed,family_multi_order,family_parentage_judgment,operative,sfsc.strict_judgment_end_state.family_parentage_judgment,8,7,0,0,0,0,0
2011,legacy_2000_2013,2.9.1,description,date_filed,unlawful_detainer,appeal_reference,reference,sfsc.strict_judgment_end_state.bare_remittitur,8,4,0,0,0,0,0
2011,historical_pre_2000,2.9.1,description,date_filed,probate,probate_order_reference,reference,sfsc.strict_judgment_end_state.unresolved_end_state_mention,8,6,0,0,0,0,0
2011,legacy_2000_2013,2.9.1,description,date_filed,criminal,criminal_sentence_modification,operative,sfsc.strict_judgment_end_state.criminal_defendant_resentenced_after_vacatur,8,8,0,0,0,0,0
2011,historical_pre_2000,2.9.1,description,date_filed,probate,probate_distribution_order,operative,sfsc.strict_judgment_end_state.probate_final_distribution_order,8,8,0,0,0,0,0
2011,legacy_2000_2013,2.9.1,description,date_filed,unlawful_detainer,judgment,operative,sfsc.strict_judgment_end_state.recorded_calendar_judgment_filed,8,8,0,0,0,0,0
2011,historical_pre_2000,2.9.1,description,date_filed,family_multi_order,family_order_reference,reference,sfsc.strict_judgment_end_state.unresolved_end_state_mention,8,8,0,0,0,0,0
2011,legacy_2000_2013,2.9.1,description,date_filed,appellate_review,judgment_reference,reference,sfsc.strict_judgment_end_state.proposed_disposition,8,5,0,0,0,0,0
2011,unknown_period,2.9.1,description,date_filed,criminal,criminal_plea,operative,sfsc.strict_judgment_end_state.criminal_concatenated_guilty_or_no_contest_plea,8,8,0,0,0,0,0
2011,historical_pre_2000,2.9.1,description,date_filed,criminal,criminal_sentence_modification,operative,sfsc.strict_judgment_end_state.criminal_sentence_modification,8,8,0,0,0,0,0
2011,legacy_2000_2013,2.9.1,description,date_filed,writ_or_mandate,dismissal,operative,sfsc.strict_judgment_end_state.calendar_removed_dismissal_filed,8,7,0,0,0,0,0
2011,legacy_2000_2013,2.9.1,description,date_filed,family_multi_order,family_custody_order,operative,sfsc.strict_judgment_end_state.family_observed_multi_effect_family_custody_order,8,7,0,0,0,0,0
2011,legacy_2000_2013,2.9.1,description,date_filed,probate,probate_status_order,operative,sfsc.strict_judgment_end_state.probate_status_granted_observed,8,7,0,0,0,0,0
2011,legacy_2000_2013,2.9.1,description,date_filed,civil_general,renewal_reference,reference,sfsc.strict_judgment_end_state.proposed_disposition,8,6,0,0,0,0,0
2011,legacy_2000_2013,2.9.1,description,date_filed,appellate_review,writ_reference,reference,sfsc.strict_judgment_end_state.writ_filing_reference,8,8,0,0,0,0,0
2011,legacy_2000_2013,2.9.1,description,date_filed,probate,probate_unspecified_order,operative,sfsc.strict_judgment_end_state.probate_truncated_named_grant,8,7,0,0,0,0,0
2011,historical_pre_2000,2.9.1,description,date_filed,civil_general,dismissal_reference,reference,sfsc.strict_judgment_end_state.criminal_dismissal_motion_or_setting,8,3,0,0,0,0,0
2011,legacy_2000_2013,2.9.1,description,date_filed,writ_or_mandate,vacatur,operative,sfsc.strict_judgment_end_state.vacatur_entered,8,8,1,1,0,0,0
2011,legacy_2000_2013,2.9.1,description,date_filed,probate,probate_distribution_order,operative,sfsc.strict_judgment_end_state.probate_preliminary_or_entitlement_distribution,8,8,0,0,0,0,0
2011,historical_pre_2000,2.9.1,description,date_filed,family_multi_order,vacatur,operative,sfsc.strict_judgment_end_state.family_vacatur_granted_contextual,8,8,0,0,0,0,0
2011,legacy_2000_2013,2.9.1,description,date_filed,appellate_review,dismissal_reference,reference,sfsc.strict_judgment_end_state.unresolved_end_state_mention,8,5,0,0,0,0,0
2011,legacy_2000_2013,2.9.1,description,date_filed,unlawful_detainer,dismissal_reference,reference,sfsc.strict_judgment_end_state.criminal_dismissal_motion_or_setting,8,4,0,0,0,0,0
2011,historical_pre_2000,2.9.1,description,date_filed,family_multi_order,vacatur,operative,sfsc.strict_judgment_end_state.vacatur_entered,8,7,0,0,0,0,0
2011,legacy_2000_2013,2.9.1,description,date_filed,small_claims,appeal_reference,reference,sfsc.strict_judgment_end_state.dismissal_document_returned_by_mail,8,7,0,0,0,0,0
2011,legacy_2000_2013,2.9.1,description,date_filed,criminal,vacatur,operative,sfsc.strict_judgment_end_state.criminal_sentence_vacated_before_resentencing,8,8,0,0,0,0,0
2011,legacy_2000_2013,2.9.1,description,date_filed,unlawful_detainer,verdict_recorded,operative,sfsc.strict_judgment_end_state.observed_verdict_returned_filed_or_entered,7,6,2,2,0,0,0
2011,legacy_2000_2013,2.9.1,description,date_filed,writ_or_mandate,judgment_reference,reference,sfsc.strict_judgment_end_state.audited_judgment_support_paper,7,7,0,0,0,0,0
2011,legacy_2000_2013,2.9.1,docketEntryComment,filedDate,criminal,criminal_diversion_terminated,operative,sfsc.strict_judgment_end_state.criminal_diversion_terminated,7,7,0,0,0,0,0
2011,legacy_2000_2013,2.9.1,description,date_filed,civil_general,judgment_reference,reference,sfsc.strict_judgment_end_state.audited_notice_of_entry,7,7,0,0,0,0,0
2011,legacy_2000_2013,2.9.1,description,date_filed,family_multi_order,family_judgment,operative,sfsc.strict_judgment_end_state.family_judgment_written_order_tail,7,7,0,0,0,0,0
2011,legacy_2000_2013,2.9.1,description,date_filed,unlawful_detainer,vacatur_reference,reference,sfsc.strict_judgment_end_state.certificate_or_declaration,7,5,0,0,0,0,0
2011,legacy_2000_2013,2.9.1,description,date_filed,family_multi_order,settlement_reference,reference,sfsc.strict_judgment_end_state.motion_or_brief,7,7,0,0,0,0,0
2011,legacy_2000_2013,2.9.1,description,date_filed,civil_general,vacatur_reference,reference,sfsc.strict_judgment_end_state.vacatur_reference,7,7,0,0,0,0,0
2011,legacy_2000_2013,2.9.1,description,date_filed,probate,probate_order_reference,reference,sfsc.strict_judgment_end_state.probate_contextual_collateral_written_order_grant,7,5,0,0,0,0,0
2011,legacy_2000_2013,2.9.1,docketEntryComment,filedDate,criminal,dismissal,operative,sfsc.strict_judgment_end_state.criminal_court_orders_cause_dismissed,7,7,0,0,0,0,0
2011,historical_pre_2000,2.9.1,description,date_filed,family_multi_order,parental_obligations_judgment,superseding,sfsc.strict_judgment_end_state.parental_obligations_judgment_caption,7,6,0,0,0,0,0
2011,legacy_2000_2013,2.9.1,description,date_filed,probate,settlement,operative,sfsc.strict_judgment_end_state.case_reported_settled,7,6,0,0,0,0,0
2011,historical_pre_2000,2.9.1,description,date_filed,family_domestic_violence,family_order_reference,reference,sfsc.strict_judgment_end_state.family_custody_modification_hearing_notice,7,4,0,0,0,0,0
2011,historical_pre_2000,2.9.1,description,date_filed,family_multi_order,judgment_reference,reference,sfsc.strict_judgment_end_state.motion_or_brief,7,5,0,0,0,0,0
2011,legacy_2000_2013,2.9.1,description,date_filed,writ_or_mandate,probate_order_reference,reference,sfsc.strict_judgment_end_state.case_model_mismatch,7,7,0,0,0,0,0
2011,legacy_2000_2013,2.9.1,description,date_filed,unlawful_detainer,possession,operative,sfsc.strict_judgment_end_state.possession_judgment,7,7,0,0,0,0,0
2011,unknown_period,2.9.1,description,date_filed,criminal,unknown_end_state,reference,sfsc.strict_judgment_end_state.probation_motion_or_future_setting,7,3,0,0,0,0,0
2011,legacy_2000_2013,2.9.1,description,date_filed,appellate_review,appeal_reference,reference,sfsc.strict_judgment_end_state.unresolved_end_state_mention,7,6,0,0,0,0,0
2011,legacy_2000_2013,2.9.1,description,date_filed,civil_general,satisfaction_reference,reference,sfsc.strict_judgment_end_state.unresolved_end_state_mention,7,6,0,0,0,0,0
2011,legacy_2000_2013,2.9.1,description,date_filed,family_multi_order,family_support_order,operative,sfsc.strict_judgment_end_state.family_observed_multi_effect_family_support_order,7,6,0,0,0,0,0
2011,legacy_2000_2013,2.9.1,description,date_filed,civil_general,judgment_of_dismissal,operative,sfsc.strict_judgment_end_state.court_entered_judgment_of_dismissal,7,6,0,0,0,0,0
2011,legacy_2000_2013,2.9.1,description,date_filed,probate,probate_order_reference,reference,sfsc.strict_judgment_end_state.probate_venue_transfer_grant_reference,7,6,0,0,0,0,0
2011,unknown_period,2.9.1,description,date_filed,criminal,unknown_end_state,reference,sfsc.strict_judgment_end_state.criminal_arraignment_plea_or_disposition_calendar,7,5,0,0,0,0,0
2011,legacy_2000_2013,2.9.1,description,date_filed,civil_general,unknown_end_state,reference,sfsc.strict_judgment_end_state.criminal_modified_release_or_protective_order,7,6,0,0,0,0,0
2011,legacy_2000_2013,2.9.1,description,date_filed,unlawful_detainer,vacatur_reference,reference,sfsc.strict_judgment_end_state.default_only_set_aside_order,7,7,0,0,0,0,0
2011,legacy_2000_2013,2.9.1,description,date_filed,probate,vacatur_reference,reference,sfsc.strict_judgment_end_state.motion_or_brief,7,3,0,0,0,0,0
2011,legacy_2000_2013,2.9.1,description,date_filed,family_multi_order,family_restraining_order,operative,sfsc.strict_judgment_end_state.family_protective_relief_granted_contextual,7,7,0,0,0,0,0
2011,legacy_2000_2013,2.9.1,description,date_filed,small_claims,judgment_reference,reference,sfsc.strict_judgment_end_state.objection_or_response,7,7,0,0,0,0,0
2011,legacy_2000_2013,2.9.1,description,date_filed,family_multi_order,family_custody_order,operative,sfsc.strict_judgment_end_state.family_custody_granted_contextual,7,7,0,0,0,0,0
2011,legacy_2000_2013,2.9.1,description,date_filed,small_claims,appeal_dismissed,operative,sfsc.strict_judgment_end_state.small_claims_appeal_dismissal_order,7,7,0,0,0,0,0
2011,historical_pre_2000,2.9.1,description,date_filed,family_domestic_violence,family_order_reference,reference,sfsc.strict_judgment_end_state.family_dv_calendar_nonresult,6,2,0,0,0,0,0
2011,legacy_2000_2013,2.9.1,description,date_filed,family_multi_order,family_parentage_order,operative,sfsc.strict_judgment_end_state.family_parentage_relief_granted_contextual,6,6,0,0,0,0,0
2011,legacy_2000_2013,2.9.1,description,date_filed,probate,judgment_reference,reference,sfsc.strict_judgment_end_state.hearing_setting,6,6,0,0,0,0,0
2011,legacy_2000_2013,2.9.1,description,date_filed,probate,probate_summary_disposition_order,operative,sfsc.strict_judgment_end_state.probate_summary_disposition_result,6,6,0,0,0,0,0
2011,historical_pre_2000,2.9.1,description,date_filed,probate,probate_order_reference,reference,sfsc.strict_judgment_end_state.probate_appointment_petition,6,5,0,0,0,0,0
2011,historical_pre_2000,2.9.1,description,date_filed,family_multi_order,writ_reference,reference,sfsc.strict_judgment_end_state.unresolved_end_state_mention,6,3,0,0,0,0,0
2011,legacy_2000_2013,2.9.1,description,date_filed,writ_or_mandate,vacatur_reference,reference,sfsc.strict_judgment_end_state.proof_of_service,6,6,0,0,0,0,0
2011,legacy_2000_2013,2.9.1,description,date_filed,writ_or_mandate,appeal_dismissed,operative,sfsc.strict_judgment_end_state.observed_remittitur_dismissed,6,6,0,0,0,0,0
2011,legacy_2000_2013,2.9.1,description,date_filed,civil_general,vacatur_reference,reference,sfsc.strict_judgment_end_state.notice_of_order_or_ruling,6,5,0,0,0,0,0
2011,unknown_period,2.9.1,description,date_filed,criminal,unknown_end_state,reference,sfsc.strict_judgment_end_state.criminal_probation_motion_report_or_calendar,6,6,0,0,0,0,0
2011,legacy_2000_2013,2.9.1,description,date_filed,family_domestic_violence,family_restraining_order,operative,sfsc.strict_judgment_end_state.family_restraining_order,6,5,0,0,0,0,0
2011,legacy_2000_2013,2.9.1,description,date_filed,civil_general,satisfaction_reference,reference,sfsc.strict_judgment_end_state.satisfaction_demand_or_notice,6,6,0,0,0,0,0
2011,legacy_2000_2013,2.9.1,description,date_filed,criminal,unknown_end_state,reference,sfsc.strict_judgment_end_state.prospective_criminal_sentence_or_probation,6,5,0,0,0,0,0
2011,historical_pre_2000,2.9.1,description,date_filed,probate,probate_order_reference,reference,sfsc.strict_judgment_end_state.probate_close_status_calendar,6,1,0,0,0,0,0
2011,legacy_2000_2013,2.9.1,description,date_filed,small_claims,amended_judgment,superseding,sfsc.strict_judgment_end_state.amended_judgment_entered,6,6,6,6,0,0,0
2011,legacy_2000_2013,2.9.1,docketEntryComment,filedDate,criminal,dismissal,operative,sfsc.strict_judgment_end_state.direct_case_dismissed,6,6,0,0,0,0,0
2011,legacy_2000_2013,2.9.1,description,date_filed,family_multi_order,vacatur,operative,sfsc.strict_judgment_end_state.vacatur_entered,6,6,0,0,0,0,0
2011,legacy_2000_2013,2.9.1,description,date_filed,family_multi_order,dismissal,operative,sfsc.strict_judgment_end_state.recorded_case_or_matter_dismissal,6,6,0,0,0,0,0
2011,legacy_2000_2013,2.9.1,description,date_filed,civil_general,verdict_recorded,operative,sfsc.strict_judgment_end_state.civil_verdict_recorded_or_filed,6,5,0,0,0,0,0
2011,legacy_2000_2013,2.9.1,description,date_filed,probate,probate_order_reference,reference,sfsc.strict_judgment_end_state.probate_status_or_future_filing_grant_reference,6,5,0,0,0,0,0
2011,legacy_2000_2013,2.9.1,description,date_filed,writ_or_mandate,judgment_reference,reference,sfsc.strict_judgment_end_state.audited_confession_of_judgment_filing,6,6,0,0,0,0,0
2011,legacy_2000_2013,2.9.1,description,date_filed,probate,probate_case_closure_order,operative,sfsc.strict_judgment_end_state.observed_probate_case_closure_document_result,6,2,0,0,0,0,0
2011,legacy_2000_2013,2.9.1,description,date_filed,probate,probate_trust_order,operative,sfsc.strict_judgment_end_state.probate_trust_termination_result,6,6,0,0,0,0,0
2011,legacy_2000_2013,2.9.1,description,date_filed,criminal,unknown_end_state,reference,sfsc.strict_judgment_end_state.criminal_verdict_form_or_unresolved,6,6,0,0,0,0,0
2011,legacy_2000_2013,2.9.1,description,date_filed,probate,probate_reimbursement_order,operative,sfsc.strict_judgment_end_state.probate_reimbursement_granted_observed,6,6,0,0,0,0,0
2011,legacy_2000_2013,2.9.1,description,date_filed,family_multi_order,family_judgment,operative,sfsc.strict_judgment_end_state.family_final_judgment,6,6,0,0,0,0,0
2011,legacy_2000_2013,2.9.1,description,date_filed,criminal,unknown_end_state,reference,sfsc.strict_judgment_end_state.criminal_discovery_or_continuance_ruling,5,5,0,0,0,0,0
2011,legacy_2000_2013,2.9.1,description,date_filed,appellate_review,appeal_mixed,operative,sfsc.strict_judgment_end_state.appeal_mixed_components,5,5,0,0,0,0,0
2011,legacy_2000_2013,2.9.1,description,date_filed,family_domestic_violence,appeal_reference,reference,sfsc.strict_judgment_end_state.notice_of_appeal,5,3,0,0,0,0,0
2011,unknown_period,2.9.1,description,date_filed,criminal,unknown_end_state,reference,sfsc.strict_judgment_end_state.criminal_transfer_for_future_disposition,5,4,0,0,0,0,0
2011,legacy_2000_2013,2.9.1,description,date_filed,criminal,appeal_dismissed,operative,sfsc.strict_judgment_end_state.appeal_dismissed,5,5,0,0,0,0,0
2011,historical_pre_2000,2.9.1,description,date_filed,civil_general,judgment_reference,reference,sfsc.strict_judgment_end_state.audited_judgment_assignment,5,4,0,0,0,0,0
2011,legacy_2000_2013,2.9.1,description,date_filed,family_multi_order,appeal_dismissed,operative,sfsc.strict_judgment_end_state.observed_appeal_dismissal_broad_order_forms,5,4,0,0,0,0,0
2011,legacy_2000_2013,2.9.1,description,date_filed,family_multi_order,family_restraining_order_denied,operative,sfsc.strict_judgment_end_state.family_restraining_order_denied_with_review,5,5,0,0,0,0,0
2011,legacy_2000_2013,2.9.1,description,date_filed,criminal,unknown_end_state,reference,sfsc.strict_judgment_end_state.criminal_additional_sentencing_procedure,5,5,0,0,0,0,0
2011,legacy_2000_2013,2.9.1,description,date_filed,family_domestic_violence,family_order_reference,reference,sfsc.strict_judgment_end_state.family_support_modification_hearing_notice,5,2,0,0,0,0,0
2011,unknown_period,2.9.1,description,date_filed,criminal,settlement_reference,reference,sfsc.strict_judgment_end_state.unresolved_end_state_mention,5,3,0,0,0,0,0
2011,legacy_2000_2013,2.9.1,description,date_filed,civil_general,judgment,operative,sfsc.strict_judgment_end_state.calendar_judgment_on_file,5,5,0,0,0,0,0
2011,legacy_2000_2013,2.9.1,description,date_filed,probate,appeal_dismissed,operative,sfsc.strict_judgment_end_state.observed_appeal_dismissal_broad_order_forms,5,5,0,0,0,0,0
2011,legacy_2000_2013,2.9.1,description,date_filed,writ_or_mandate,dismissal,operative,sfsc.strict_judgment_end_state.observed_entire_action_dismissal_filed,5,5,0,0,0,0,0
2011,legacy_2000_2013,2.9.1,description,date_filed,civil_general,settlement_reference,reference,sfsc.strict_judgment_end_state.hearing_setting,5,5,0,0,0,0,0
2011,legacy_2000_2013,2.9.1,description,date_filed,civil_general,appeal_dismissed,operative,sfsc.strict_judgment_end_state.observed_abandonment_of_appeal_filed,5,5,0,0,0,0,0
2011,historical_pre_2000,2.9.1,description,date_filed,probate,probate_property_order,operative,sfsc.strict_judgment_end_state.probate_property_granted_observed,5,3,0,0,0,0,0
2011,legacy_2000_2013,2.9.1,description,date_filed,civil_general,dismissal_reference,reference,sfsc.strict_judgment_end_state.notice_of_order_or_ruling,5,5,0,0,0,0,0
2011,legacy_2000_2013,2.9.1,docketEntryComment,filedDate,criminal,dismissal,operative,sfsc.strict_judgment_end_state.criminal_mo138572_companion_case_dismissal,5,5,0,0,0,0,0
2011,legacy_2000_2013,2.9.1,description,date_filed,probate,probate_counsel_discharge_order,operative,sfsc.strict_judgment_end_state.probate_counsel_discharge_grant_observed,5,3,0,0,0,0,0
2011,legacy_2000_2013,2.9.1,description,date_filed,civil_general,writ_reference,reference,sfsc.strict_judgment_end_state.proof_of_service,5,5,0,0,0,0,0
2011,legacy_2000_2013,2.9.1,description,date_filed,unlawful_detainer,dismissal,operative,sfsc.strict_judgment_end_state.observed_entire_action_dismissal_filed,5,4,0,0,0,0,0
2011,legacy_2000_2013,2.9.1,description,date_filed,family_multi_order,appeal_dismissed,operative,sfsc.strict_judgment_end_state.observed_remittitur_dismissed,5,4,0,0,0,0,0
2011,historical_pre_2000,2.9.1,description,date_filed,family_multi_order,family_property_order,operative,sfsc.strict_judgment_end_state.family_property_relief_granted_contextual,5,4,0,0,0,0,0
2011,legacy_2000_2013,2.9.1,description,date_filed,unlawful_detainer,dismissal_reference,reference,sfsc.strict_judgment_end_state.motion_or_brief,5,3,0,0,0,0,0
2011,legacy_2000_2013,2.9.1,description,date_filed,probate,judgment_reference,reference,sfsc.strict_judgment_end_state.audited_judgment_support_paper,5,3,0,0,0,0,0
2011,legacy_2000_2013,2.9.1,description,date_filed,writ_or_mandate,judgment_reference,rejected,sfsc.strict_judgment_end_state.default_judgment_rejected,5,5,0,0,0,0,0
2011,historical_pre_2000,2.9.1,description,date_filed,family_domestic_violence,family_support_order,operative,sfsc.strict_judgment_end_state.family_support_order,5,2,0,0,0,0,0
2011,legacy_2000_2013,2.9.1,description,date_filed,small_claims,dismissal_reference,reference,sfsc.strict_judgment_end_state.dismissal_set_aside,5,4,0,0,0,0,0
2011,historical_pre_2000,2.9.1,description,date_filed,probate,probate_account_order,operative,sfsc.strict_judgment_end_state.probate_account_with_final_distribution,5,4,0,0,0,0,0
2011,legacy_2000_2013,2.9.1,description,date_filed,family_multi_order,family_domestic_violence_dismissal,operative,sfsc.strict_judgment_end_state.family_restraining_order_dismissal_granted,5,5,0,0,0,0,0
2011,legacy_2000_2013,2.9.1,description,date_filed,civil_general,prejudgment_writ_of_possession,operative,sfsc.strict_judgment_end_state.observed_prejudgment_writ_of_possession_granted,5,4,0,0,0,0,0
2011,legacy_2000_2013,2.9.1,description,date_filed,civil_general,judgment_reference,reference,sfsc.strict_judgment_end_state.reviewed_grammar_judgment_objection_or_support_filing,5,4,0,0,0,0,0
2011,legacy_2000_2013,2.9.1,description,date_filed,family_multi_order,appeal_affirmed,operative,sfsc.strict_judgment_end_state.observed_remittitur_affirmed,5,4,0,0,0,0,0
2011,legacy_2000_2013,2.9.1,description,date_filed,family_multi_order,judgment_reference,reference,sfsc.strict_judgment_end_state.request_or_application,5,4,0,0,0,0,0
2011,legacy_2000_2013,2.9.1,description,date_filed,criminal,dismissal_reference,reference,sfsc.strict_judgment_end_state.prospective_dismissal,5,5,0,0,0,0,0
2011,legacy_2000_2013,2.9.1,description,date_filed,small_claims,dismissal,operative,sfsc.strict_judgment_end_state.observed_whole_case_dismissal,5,5,0,0,0,0,0
2011,historical_pre_2000,2.9.1,description,date_filed,civil_general,vacatur_reference,reference,sfsc.strict_judgment_end_state.motion_or_brief,5,3,0,0,0,0,0
2011,legacy_2000_2013,2.9.1,description,date_filed,unlawful_detainer,judgment_reference,reference,sfsc.strict_judgment_end_state.audited_ex_parte_judgment_application,5,5,0,0,0,0,0
2011,unknown_period,2.9.1,description,date_filed,criminal,dismissal,operative,sfsc.strict_judgment_end_state.criminal_bw_recalled_case_dismissed,5,5,0,0,0,0,0
2011,legacy_2000_2013,2.9.1,description,date_filed,civil_general,satisfaction_reference,reference,sfsc.strict_judgment_end_state.proof_of_service,5,5,0,0,0,0,0
2011,legacy_2000_2013,2.9.1,description,date_filed,unlawful_detainer,judgment_reference,reference,sfsc.strict_judgment_end_state.audited_judgment_fee_or_copy_entry,5,4,0,0,0,0,0
2011,historical_pre_2000,2.9.1,description,date_filed,civil_general,writ_reference,reference,sfsc.strict_judgment_end_state.renewal_notice,5,5,0,0,0,0,0
2011,legacy_2000_2013,2.9.1,description,date_filed,family_multi_order,family_order_reference,reference,sfsc.strict_judgment_end_state.family_audited_procedural_written_order_grant,5,5,0,0,0,0,0
2011,legacy_2000_2013,2.9.1,description,date_filed,probate,probate_appointment_order,operative,sfsc.strict_judgment_end_state.recorded_temporary_fiduciary_appointment_result,5,5,0,0,0,0,0
2011,historical_pre_2000,2.9.1,description,date_filed,probate,probate_distribution_order,operative,sfsc.strict_judgment_end_state.probate_final_distribution_with_account,5,4,0,0,0,0,0
2011,legacy_2000_2013,2.9.1,description,date_filed,probate,probate_case_closure_order,operative,sfsc.strict_judgment_end_state.observed_direct_probate_case_closure_order,5,5,0,0,0,0,0
2011,historical_pre_2000,2.9.1,description,date_filed,family_multi_order,dismissal_reference,reference,sfsc.strict_judgment_end_state.dismissal_request_only,4,3,0,0,0,0,0
2011,historical_pre_2000,2.9.1,description,date_filed,civil_general,appeal_reference,reference,sfsc.strict_judgment_end_state.notice_of_appeal,4,2,0,0,0,0,0
2011,legacy_2000_2013,2.9.1,description,date_filed,civil_general,writ_reference,reference,sfsc.strict_judgment_end_state.abstract_of_judgment,4,3,0,0,0,0,0
2011,historical_pre_2000,2.9.1,description,date_filed,family_multi_order,judgment_reference,reference,sfsc.strict_judgment_end_state.proposed_disposition,4,3,0,0,0,0,0
2011,legacy_2000_2013,2.9.1,description,date_filed,writ_or_mandate,appeal_dismissed,operative,sfsc.strict_judgment_end_state.observed_appeal_dismissal_broad_order_forms,4,4,0,0,0,0,0
2011,legacy_2000_2013,2.9.1,description,date_filed,unlawful_detainer,dismissal_reference,reference,sfsc.strict_judgment_end_state.dismissal_request_only,4,4,0,0,0,0,0
2011,legacy_2000_2013,2.9.1,description,date_filed,probate,judgment_reference,reference,sfsc.strict_judgment_end_state.proof_of_service,4,3,0,0,0,0,0
2011,historical_pre_2000,2.9.1,description,date_filed,writ_or_mandate,probate_order_reference,reference,sfsc.strict_judgment_end_state.probate_calendar_or_hearing,4,3,0,0,0,0,0
2011,legacy_2000_2013,2.9.1,description,date_filed,family_multi_order,family_support_modification,operative,sfsc.strict_judgment_end_state.family_support_modification_granted_contextual,4,4,0,0,0,0,0
2011,legacy_2000_2013,2.9.1,description,date_filed,unlawful_detainer,settlement_reference,reference,sfsc.strict_judgment_end_state.audited_contingent_judgment_agreement,4,4,0,0,0,0,0
2011,legacy_2000_2013,2.9.1,description,date_filed,civil_general,vacatur_reference,reference,sfsc.strict_judgment_end_state.reviewed_grammar_judgment_vacatur_or_correction_request,4,3,0,0,0,0,0
2011,legacy_2000_2013,2.9.1,description,date_filed,unlawful_detainer,settlement_reference,reference,sfsc.strict_judgment_end_state.request_to_enter_judgment,4,2,0,0,0,0,0
2011,legacy_2000_2013,2.9.1,description,date_filed,family_multi_order,family_custody_order,operative,sfsc.strict_judgment_end_state.family_visitation_granted,4,3,0,0,0,0,0
2011,legacy_2000_2013,2.9.1,description,date_filed,family_multi_order,family_property_judgment,operative,sfsc.strict_judgment_end_state.family_property_judgment,4,4,0,0,0,0,0
2011,legacy_2000_2013,2.9.1,description,date_filed,unlawful_detainer,dismissal,operative,sfsc.strict_judgment_end_state.recorded_case_or_matter_dismissal,4,4,0,0,0,0,0
2011,legacy_2000_2013,2.9.1,description,date_filed,family_domestic_violence,dismissal_reference,reference,sfsc.strict_judgment_end_state.dismissal_request_only,4,1,0,0,0,0,0
2011,legacy_2000_2013,2.9.1,docketEntryComment,filedDate,criminal,judgment_reference,reference,sfsc.strict_judgment_end_state.motion_or_brief,4,4,0,0,0,0,0
2011,legacy_2000_2013,2.9.1,description,date_filed,unlawful_detainer,judgment_reference,reference,sfsc.strict_judgment_end_state.audited_judgment_support_paper,4,4,0,0,0,0,0
2011,legacy_2000_2013,2.9.1,description,date_filed,small_claims,judgment,operative,sfsc.strict_judgment_end_state.recorded_calendar_judgment_filed,4,3,0,0,0,0,0
2011,legacy_2000_2013,2.9.1,description,date_filed,criminal,criminal_sentence,operative,sfsc.strict_judgment_end_state.criminal_defendant_sentenced,4,4,0,0,0,0,0
2011,legacy_2000_2013,2.9.1,description,date_filed,probate,appeal_dismissed,operative,sfsc.strict_judgment_end_state.observed_remittitur_dismissed,4,4,0,0,0,0,0
2011,unknown_period,2.9.1,description,date_filed,criminal,unknown_end_state,reference,sfsc.strict_judgment_end_state.criminal_additional_transcript_caption,4,4,0,0,0,0,0
2011,unknown_period,2.9.1,description,date_filed,criminal,unknown_end_state,reference,sfsc.strict_judgment_end_state.criminal_administrative_disposition_document,4,4,0,0,0,0,0
2011,legacy_2000_2013,2.9.1,description,date_filed,civil_general,name_change_decree,operative,sfsc.strict_judgment_end_state.observed_name_change_order_decree,4,4,0,0,0,0,0
2011,legacy_2000_2013,2.9.1,description,date_filed,criminal,appeal_dismissed,operative,sfsc.strict_judgment_end_state.criminal_appeal_abandoned,4,4,0,0,0,0,0
2011,historical_pre_2000,2.9.1,description,date_filed,criminal,criminal_postconviction_relief_granted,operative,sfsc.strict_judgment_end_state.criminal_postconviction_petition_granted_observed,4,4,0,0,0,0,0
2011,legacy_2000_2013,2.9.1,description,date_filed,unlawful_detainer,writ_reference,reference,sfsc.strict_judgment_end_state.bare_judgment_set_aside_caption,4,4,0,0,0,0,0
2011,historical_pre_2000,2.9.1,description,date_filed,writ_or_mandate,probate_order_reference,reference,sfsc.strict_judgment_end_state.case_model_mismatch,4,2,0,0,0,0,0
2011,legacy_2000_2013,2.9.1,description,date_filed,criminal,criminal_supervision_violation_admission,operative,sfsc.strict_judgment_end_state.criminal_probation_violation_admitted,4,4,0,0,0,0,0
2011,legacy_2000_2013,2.9.1,description,date_filed,unlawful_detainer,dismissal,operative,sfsc.strict_judgment_end_state.recorded_calendar_dismissal,4,4,0,0,0,0,0
2011,historical_pre_2000,2.9.1,description,date_filed,family_multi_order,appeal_reference,reference,sfsc.strict_judgment_end_state.notice_of_appeal,4,2,0,0,0,0,0
2011,legacy_2000_2013,2.9.1,description,date_filed,unlawful_detainer,judgment_reference,reference,sfsc.strict_judgment_end_state.objection_or_response,4,3,0,0,0,0,0
2011,legacy_2000_2013,2.9.1,docketEntryComment,filedDate,criminal,petition_ruling,operative,sfsc.strict_judgment_end_state.observed_dismissal_motion_denied,4,4,0,0,0,0,0
2011,legacy_2000_2013,2.9.1,description,date_filed,family_multi_order,judgment_reference,reference,sfsc.strict_judgment_end_state.request_to_enter_judgment,4,3,0,0,0,0,0
2011,legacy_2000_2013,2.9.1,description,date_filed,civil_general,appeal_reference,reference,sfsc.strict_judgment_end_state.hearing_setting,4,3,0,0,0,0,0
2011,historical_pre_2000,2.9.1,description,date_filed,probate,appeal_affirmed,operative,sfsc.strict_judgment_end_state.observed_remittitur_affirmed,4,3,0,0,0,0,0
2011,historical_pre_2000,2.9.1,description,date_filed,family_multi_order,dismissal,operative,sfsc.strict_judgment_end_state.observed_whole_case_dismissal,4,4,0,0,0,0,0
2011,legacy_2000_2013,2.9.1,description,date_filed,family_multi_order,vacatur_reference,reference,sfsc.strict_judgment_end_state.hearing_setting,4,3,0,0,0,0,0
2011,legacy_2000_2013,2.9.1,description,date_filed,unlawful_detainer,judgment_reference,reference,sfsc.strict_judgment_end_state.audited_judgment_assignment,4,4,0,0,0,0,0
2011,legacy_2000_2013,2.9.1,description,date_filed,unlawful_detainer,appeal_reference,reference,sfsc.strict_judgment_end_state.appeal_reference,4,3,0,0,0,0,0
2011,legacy_2000_2013,2.9.1,description,date_filed,family_multi_order,satisfaction,operative,sfsc.strict_judgment_end_state.satisfaction_filed,4,4,0,0,0,0,0
2011,legacy_2000_2013,2.9.1,description,date_filed,family_domestic_violence,family_custody_order,operative,sfsc.strict_judgment_end_state.family_review_custody_granted,4,4,0,0,0,0,0
2011,historical_pre_2000,2.9.1,description,date_filed,probate,probate_order_reference,reference,sfsc.strict_judgment_end_state.probate_venue_transfer_grant_reference,4,4,0,0,0,0,0
2011,legacy_2000_2013,2.9.1,description,date_filed,small_claims,satisfaction_reference,reference,sfsc.strict_judgment_end_state.certificate_or_declaration,4,4,0,0,0,0,0
2011,legacy_2000_2013,2.9.1,docketEntryComment,filedDate,criminal,criminal_diversion_completed,operative,sfsc.strict_judgment_end_state.criminal_diversion_completed,4,4,0,0,0,0,0
2011,historical_pre_2000,2.9.1,description,date_filed,family_multi_order,parental_obligations_judgment,operative,sfsc.strict_judgment_end_state.parental_obligations_judgment_caption,4,4,0,0,0,0,0
2011,legacy_2000_2013,2.9.1,description,date_filed,criminal,criminal_acquittal,operative,sfsc.strict_judgment_end_state.criminal_judgment_of_acquittal_entered,4,4,0,0,0,0,0
2011,legacy_2000_2013,2.9.1,description,date_filed,writ_or_mandate,appeal_reference,reference,sfsc.strict_judgment_end_state.motion_or_brief,4,1,0,0,0,0,0
2011,legacy_2000_2013,2.9.1,description,date_filed,criminal,criminal_sentence_modification,operative,sfsc.strict_judgment_end_state.criminal_additional_probation_result,4,4,0,0,0,0,0
2011,legacy_2000_2013,2.9.1,description,date_filed,writ_or_mandate,writ_reference,reference,sfsc.strict_judgment_end_state.renewal_notice,4,4,0,0,0,0,0
2011,legacy_2000_2013,2.9.1,description,date_filed,probate,dismissal_reference,reference,sfsc.strict_judgment_end_state.criminal_dismissal_motion_or_setting,4,2,0,0,0,0,0
2011,legacy_2000_2013,2.9.1,description,date_filed,probate,probate_litigation_order,operative,sfsc.strict_judgment_end_state.probate_litigation_granted_observed,4,3,0,0,0,0,0
2011,historical_pre_2000,2.9.1,description,date_filed,family_multi_order,probate_order_reference,reference,sfsc.strict_judgment_end_state.probate_procedural_filing,4,4,0,0,0,0,0
2011,legacy_2000_2013,2.9.1,description,date_filed,probate,judgment_reference,reference,sfsc.strict_judgment_end_state.certificate_or_declaration,4,3,0,0,0,0,0
2011,historical_pre_2000,2.9.1,description,date_filed,criminal,dismissal_reference,reference,sfsc.strict_judgment_end_state.criminal_dismissal_motion_or_setting,4,4,0,0,0,0,0
2011,legacy_2000_2013,2.9.1,description,date_filed,criminal,unknown_end_state,reference,sfsc.strict_judgment_end_state.criminal_additional_plea_procedure,4,3,0,0,0,0,0
2011,legacy_2000_2013,2.9.1,docketEntryComment,filedDate,criminal,dismissal,operative,sfsc.strict_judgment_end_state.criminal_motion_to_dismiss_granted,4,4,0,0,0,0,0
2011,legacy_2000_2013,2.9.1,description,date_filed,small_claims,vacatur_reference,reference,sfsc.strict_judgment_end_state.dismissal_document_returned_by_mail,4,4,0,0,0,0,0
2011,legacy_2000_2013,2.9.1,description,date_filed,family_multi_order,family_order_reference,reference,sfsc.strict_judgment_end_state.hearing_setting,4,3,0,0,0,0,0
2011,legacy_2000_2013,2.9.1,description,date_filed,writ_or_mandate,writ_reference,reference,sfsc.strict_judgment_end_state.application_for_stipulated_judgment,3,3,0,0,0,0,0
2011,legacy_2000_2013,2.9.1,description,date_filed,probate,dismissal,operative,sfsc.strict_judgment_end_state.calendar_removed_dismissal_filed,3,2,0,0,0,0,0
2011,legacy_2000_2013,2.9.1,description,date_filed,appellate_review,appeal_affirmed,operative,sfsc.strict_judgment_end_state.criminal_appellate_judgment_result,3,3,0,0,0,0,0
2011,legacy_2000_2013,2.9.1,description,date_filed,criminal,writ_denied,operative,sfsc.strict_judgment_end_state.writ_denied,3,3,0,0,0,0,0
2011,legacy_2000_2013,2.9.1,description,date_filed,family_domestic_violence,family_restraining_order,operative,sfsc.strict_judgment_end_state.family_restraining_written_order_tail,3,3,0,0,0,0,0
2011,legacy_2000_2013,2.9.1,description,date_filed,civil_general,receivership_termination_order,operative,sfsc.strict_judgment_end_state.receivership_terminated,3,3,0,0,0,0,0
2011,legacy_2000_2013,2.9.1,description,date_filed,unlawful_detainer,appeal_reference,reference,sfsc.strict_judgment_end_state.hearing_setting,3,3,0,0,0,0,0
2011,legacy_2000_2013,2.9.1,description,date_filed,family_multi_order,dismissal_reference,reference,sfsc.strict_judgment_end_state.proposed_disposition,3,3,0,0,0,0,0
2011,unknown_period,2.9.1,description,date_filed,criminal,unknown_end_state,reference,sfsc.strict_judgment_end_state.criminal_probation_remains_revoked,3,3,0,0,0,0,0
2011,legacy_2000_2013,2.9.1,docketEntryComment,filedDate,criminal,appeal_affirmed,operative,sfsc.strict_judgment_end_state.criminal_appellate_judgment_result,3,3,0,0,0,0,0
2011,legacy_2000_2013,2.9.1,description,date_filed,appellate_review,appeal_affirmed,operative,sfsc.strict_judgment_end_state.appeal_affirmed,3,3,0,0,0,0,0
2011,legacy_2000_2013,2.9.1,description,date_filed,criminal,criminal_protective_order_termination,operative,sfsc.strict_judgment_end_state.criminal_protective_order_termination_filed,3,3,0,0,0,0,0
2011,legacy_2000_2013,2.9.1,description,date_filed,civil_general,dismissal_reference,reference,sfsc.strict_judgment_end_state.certificate_or_declaration,3,3,0,0,0,0,0
2011,historical_pre_2000,2.9.1,description,date_filed,civil_general,name_change_decree,operative,sfsc.strict_judgment_end_state.name_change_decree_entered,3,3,0,0,0,0,0
2011,legacy_2000_2013,2.9.1,description,date_filed,criminal,vacatur,operative,sfsc.strict_judgment_end_state.criminal_sentence_vacated,3,3,0,0,0,0,0
2011,legacy_2000_2013,2.9.1,description,date_filed,family_multi_order,family_tax_order,operative,sfsc.strict_judgment_end_state.family_tax_relief_granted_contextual,3,3,0,0,0,0,0
2011,legacy_2000_2013,2.9.1,description,date_filed,civil_general,judgment_reference,reference,sfsc.strict_judgment_end_state.audited_calendar_reference_to_judgment,3,3,0,0,0,0,0
2011,legacy_2000_2013,2.9.1,docketEntryComment,filedDate,criminal,unknown_end_state,reference,sfsc.strict_judgment_end_state.criminal_transcript_or_form_caption,3,3,0,0,0,0,0
2011,legacy_2000_2013,2.9.1,description,date_filed,unlawful_detainer,vacatur_reference,reference,sfsc.strict_judgment_end_state.notice_of_order_or_ruling,3,3,0,0,0,0,0
2011,legacy_2000_2013,2.9.1,description,date_filed,family_domestic_violence,probate_order_reference,reference,sfsc.strict_judgment_end_state.probate_procedural_filing,3,3,0,0,0,0,0
2011,legacy_2000_2013,2.9.1,description,date_filed,appellate_review,appeal_reversed,operative,sfsc.strict_judgment_end_state.appellate_suppression_order_reversed,3,3,0,0,0,0,0
2011,historical_pre_2000,2.9.1,description,date_filed,family_multi_order,family_support_modification,operative,sfsc.strict_judgment_end_state.family_support_financial_modification_granted_contextual,3,3,0,0,0,0,0
2011,legacy_2000_2013,2.9.1,description,date_filed,small_claims,dismissal_reference,reference,sfsc.strict_judgment_end_state.proposed_disposition,3,3,0,0,0,0,0
2011,legacy_2000_2013,2.9.1,description,date_filed,small_claims,settlement,operative,sfsc.strict_judgment_end_state.settlement_notice,3,3,0,0,0,0,0
2011,legacy_2000_2013,2.9.1,description,date_filed,writ_or_mandate,appeal_reversed,operative,sfsc.strict_judgment_end_state.observed_remittitur_reversed,3,3,0,0,0,0,0
2011,legacy_2000_2013,2.9.1,description,date_filed,unlawful_detainer,dismissal_reference,reference,sfsc.strict_judgment_end_state.vacatur_reference,3,3,0,0,0,0,0
2011,legacy_2000_2013,2.9.1,description,date_filed,civil_general,probate_order_reference,reference,sfsc.strict_judgment_end_state.motion_or_brief,3,3,0,0,0,0,0
2011,legacy_2000_2013,2.9.1,description,date_filed,family_multi_order,family_restraining_order,operative,sfsc.strict_judgment_end_state.family_restraining_order,3,2,0,0,0,0,0
2011,legacy_2000_2013,2.9.1,description,date_filed,small_claims,appeal_reference,reference,sfsc.strict_judgment_end_state.hearing_setting,3,3,0,0,0,0,0
2011,legacy_2000_2013,2.9.1,description,date_filed,criminal,criminal_protective_order_termination,operative,sfsc.strict_judgment_end_state.criminal_protective_order_terminated,3,3,0,0,0,0,0
2011,legacy_2000_2013,2.9.1,description,date_filed,writ_or_mandate,appeal_reference,reference,sfsc.strict_judgment_end_state.unresolved_end_state_mention,3,3,0,0,0,0,0
2011,legacy_2000_2013,2.9.1,description,date_filed,civil_general,judgment_reference,reference,sfsc.strict_judgment_end_state.case_model_mismatch,3,3,0,0,0,0,0
2011,legacy_2000_2013,2.9.1,description,date_filed,civil_general,dismissal,operative,sfsc.strict_judgment_end_state.observed_order_dismissing_action,3,3,0,0,0,0,0
2011,unknown_period,2.9.1,description,date_filed,criminal,dismissal,operative,sfsc.strict_judgment_end_state.criminal_mo138572_companion_case_dismissal,3,3,0,0,0,0,0
2011,legacy_2000_2013,2.9.1,description,date_filed,civil_general,judgment_reference,reference,sfsc.strict_judgment_end_state.reviewed_grammar_default_judgment_supporting_papers,3,3,0,0,0,0,0
2011,legacy_2000_2013,2.9.1,description,date_filed,unlawful_detainer,settlement_reference,reference,sfsc.strict_judgment_end_state.reviewed_residual_settlement_reference_without_disposition,3,3,0,0,0,0,0
2011,legacy_2000_2013,2.9.1,description,date_filed,probate,probate_order_reference,reference,sfsc.strict_judgment_end_state.probate_distribution_schedule,3,3,0,0,0,0,0
2011,legacy_2000_2013,2.9.1,description,date_filed,civil_general,judgment_reference,reference,sfsc.strict_judgment_end_state.reviewed_grammar_summary_judgment_opposition_or_evidence,3,3,0,0,0,0,0
2011,historical_pre_2000,2.9.1,description,date_filed,probate,probate_termination_order,operative,sfsc.strict_judgment_end_state.observed_direct_probate_termination_order,3,3,0,0,0,0,0
2011,legacy_2000_2013,2.9.1,description,date_filed,civil_general,judgment_reference,reference,sfsc.strict_judgment_end_state.dismissal_document_returned_by_mail,3,3,0,0,0,0,0
2011,historical_pre_2000,2.9.1,description,date_filed,civil_general,vacatur,operative,sfsc.strict_judgment_end_state.vacatur_entered,3,2,0,0,0,0,0
2011,legacy_2000_2013,2.9.1,description,date_filed,unlawful_detainer,take_nothing,operative,sfsc.strict_judgment_end_state.take_nothing_judgment,3,3,0,0,0,0,0
2011,legacy_2000_2013,2.9.1,description,date_filed,unlawful_detainer,judgment_reference,reference,sfsc.strict_judgment_end_state.audited_motion_or_brief_wrapper,3,3,0,0,0,0,0
2011,legacy_2000_2013,2.9.1,description,date_filed,small_claims,writ_reference,reference,sfsc.strict_judgment_end_state.motion_or_brief,3,1,0,0,0,0,0
2011,legacy_2000_2013,2.9.1,description,date_filed,appellate_review,appeal_reversed,operative,sfsc.strict_judgment_end_state.appeal_reversed,3,3,0,0,0,0,0
2011,legacy_2000_2013,2.9.1,docketEntryComment,filedDate,criminal,criminal_information_set_aside,operative,sfsc.strict_judgment_end_state.criminal_information_set_aside_granted,3,3,0,0,0,0,0
2011,legacy_2000_2013,2.9.1,description,date_filed,civil_general,vacatur_reference,reference,sfsc.strict_judgment_end_state.hearing_setting,3,3,0,0,0,0,0
2011,legacy_2000_2013,2.9.1,description,date_filed,family_multi_order,family_settlement_order,operative,sfsc.strict_judgment_end_state.family_settlement_written_order_tail,3,3,0,0,0,0,0
2011,legacy_2000_2013,2.9.1,description,date_filed,family_multi_order,family_judgment,operative,sfsc.strict_judgment_end_state.observed_signed_decree_result,3,3,0,0,0,0,0
2011,legacy_2000_2013,2.9.1,description,date_filed,small_claims,dismissal_reference,reference,sfsc.strict_judgment_end_state.dismissal_verification_or_future_setting,3,2,0,0,0,0,0
2011,legacy_2000_2013,2.9.1,description,date_filed,probate,judgment_reference,reference,sfsc.strict_judgment_end_state.objection_or_response,3,2,0,0,0,0,0
2011,historical_pre_2000,2.9.1,description,date_filed,writ_or_mandate,settlement_reference,reference,sfsc.strict_judgment_end_state.unresolved_end_state_mention,3,2,0,0,0,0,0
2011,legacy_2000_2013,2.9.1,description,date_filed,probate,probate_property_order,operative,sfsc.strict_judgment_end_state.probate_property_result_granted,3,2,0,0,0,0,0
2011,legacy_2000_2013,2.9.1,description,date_filed,writ_or_mandate,judgment_reference,reference,sfsc.strict_judgment_end_state.audited_motion_or_brief_wrapper,3,2,0,0,0,0,0
2011,legacy_2000_2013,2.9.1,description,date_filed,appellate_review,appeal_reversed,operative,sfsc.strict_judgment_end_state.legacy_appeal_remanded,3,3,0,0,0,0,0
2011,legacy_2000_2013,2.9.1,description,date_filed,unlawful_detainer,appeal_reference,reference,sfsc.strict_judgment_end_state.motion_or_brief,3,2,0,0,0,0,0
2011,legacy_2000_2013,2.9.1,description,date_filed,unlawful_detainer,writ_reference,reference,sfsc.strict_judgment_end_state.case_model_mismatch,3,3,0,0,0,0,0
2011,legacy_2000_2013,2.9.1,description,date_filed,civil_general,judgment_of_dismissal,operative,sfsc.strict_judgment_end_state.judgment_of_dismissal,3,2,0,0,0,0,0
2011,legacy_2000_2013,2.9.1,description,date_filed,criminal,unknown_end_state,reference,sfsc.strict_judgment_end_state.criminal_program_or_condition_termination,3,3,0,0,0,0,0
2011,legacy_2000_2013,2.9.1,description,date_filed,civil_general,renewal_reference,reference,sfsc.strict_judgment_end_state.renewal_notice,3,3,0,0,0,0,0
2011,legacy_2000_2013,2.9.1,description,date_filed,family_multi_order,family_order_reference,reference,sfsc.strict_judgment_end_state.parental_obligations_proof_of_service,3,2,0,0,0,0,0
2011,legacy_2000_2013,2.9.1,description,date_filed,criminal,appeal_reference,reference,sfsc.strict_judgment_end_state.notice_of_appeal,3,3,0,0,0,0,0
2011,legacy_2000_2013,2.9.1,description,date_filed,probate,judgment_reference,reference,sfsc.strict_judgment_end_state.notice_of_entry,3,3,0,0,0,0,0
2011,historical_pre_2000,2.9.1,description,date_filed,family_multi_order,family_restraining_order,operative,sfsc.strict_judgment_end_state.family_restraining_order_granted_contextual,3,2,0,0,0,0,0
2011,legacy_2000_2013,2.9.1,description,date_filed,criminal,vacatur,operative,sfsc.strict_judgment_end_state.vacatur_entered,3,2,0,0,0,0,0
2011,legacy_2000_2013,2.9.1,docketEntryComment,filedDate,criminal,dismissal_reference,reference,sfsc.strict_judgment_end_state.dismissal_verification_or_future_setting,3,3,0,0,0,0,0
2011,legacy_2000_2013,2.9.1,description,date_filed,probate,appeal_affirmed,operative,sfsc.strict_judgment_end_state.observed_remittitur_affirmed,3,3,0,0,0,0,0
2011,legacy_2000_2013,2.9.1,description,date_filed,civil_general,settlement_reference,reference,sfsc.strict_judgment_end_state.certificate_or_declaration,3,2,0,0,0,0,0
2011,legacy_2000_2013,2.9.1,description,date_filed,small_claims,vacatur_reference,reference,sfsc.strict_judgment_end_state.reviewed_grammar_judgment_vacatur_or_correction_request,3,3,0,0,0,0,0
2011,legacy_2000_2013,2.9.1,description,date_filed,small_claims,judgment_reference,reference,sfsc.strict_judgment_end_state.audited_judgment_request,3,3,0,0,0,0,0
2011,legacy_2000_2013,2.9.1,description,date_filed,criminal,dismissal,operative,sfsc.strict_judgment_end_state.dismissal_entered,3,3,0,0,0,0,0
2011,legacy_2000_2013,2.9.1,description,date_filed,probate,probate_decree,operative,sfsc.strict_judgment_end_state.probate_final_decree,3,2,0,0,0,0,0
2011,legacy_2000_2013,2.9.1,description,date_filed,family_multi_order,family_judgment_enforcement_order,operative,sfsc.strict_judgment_end_state.family_judgment_enforcement_granted_contextual,3,3,0,0,0,0,0
2011,historical_pre_2000,2.9.1,description,date_filed,criminal,unknown_end_state,reference,sfsc.strict_judgment_end_state.criminal_probation_motion_report_or_calendar,3,2,0,0,0,0,0
2011,historical_pre_2000,2.9.1,description,date_filed,probate,petition_ruling,operative,sfsc.strict_judgment_end_state.probate_named_petition_denied_legacy,3,3,0,0,0,0,0
2011,legacy_2000_2013,2.9.1,description,date_filed,family_multi_order,dismissal,operative,sfsc.strict_judgment_end_state.court_dismissal_order_caption,2,2,0,0,0,0,0
2011,legacy_2000_2013,2.9.1,description,date_filed,criminal,vacatur,operative,sfsc.strict_judgment_end_state.criminal_guilty_plea_set_aside,2,2,0,0,0,0,0
2011,legacy_2000_2013,2.9.1,docketEntryComment,filedDate,criminal,appeal_reference,reference,sfsc.strict_judgment_end_state.unresolved_end_state_mention,2,2,0,0,0,0,0
2011,legacy_2000_2013,2.9.1,description,date_filed,unlawful_detainer,default_judgment,operative,sfsc.strict_judgment_end_state.default_judgment_entered,2,2,0,0,0,0,0
2011,unknown_period,2.9.1,description,date_filed,criminal,appeal_affirmed,operative,sfsc.strict_judgment_end_state.criminal_appellate_judgment_result,2,2,0,0,0,0,0
2011,legacy_2000_2013,2.9.1,description,date_filed,writ_or_mandate,judgment_reference,reference,sfsc.strict_judgment_end_state.case_model_mismatch,2,2,0,0,0,0,0
2011,historical_pre_2000,2.9.1,description,date_filed,probate,probate_settlement_order,operative,sfsc.strict_judgment_end_state.probate_settlement_granted_observed,2,1,0,0,0,0,0
2011,legacy_2000_2013,2.9.1,description,date_filed,family_multi_order,family_reserved_issues_judgment,operative,sfsc.strict_judgment_end_state.family_reserved_issues_archived,2,2,0,0,0,0,0
2011,legacy_2000_2013,2.9.1,description,date_filed,probate,probate_capacity_order,operative,sfsc.strict_judgment_end_state.probate_capacity_granted_observed,2,2,0,0,0,0,0
2011,legacy_2000_2013,2.9.1,description,date_filed,family_domestic_violence,family_domestic_violence_dismissal,operative,sfsc.strict_judgment_end_state.family_dv_request_dismissed,2,2,0,0,0,0,0
2011,legacy_2000_2013,2.9.1,description,date_filed,criminal,criminal_verdict,operative,sfsc.strict_judgment_end_state.criminal_direct_verdict,2,2,0,0,0,0,0
2011,legacy_2000_2013,2.9.1,description,date_filed,probate,judgment_reference,reference,sfsc.strict_judgment_end_state.application_for_stipulated_judgment,2,1,0,0,0,0,0
2011,unknown_period,2.9.1,description,date_filed,criminal,criminal_sentence_modification,operative,sfsc.strict_judgment_end_state.criminal_sentence_modification,2,2,0,0,0,0,0
2011,historical_pre_2000,2.9.1,description,date_filed,civil_general,judgment_reference,reference,sfsc.strict_judgment_end_state.objection_or_response,2,1,0,0,0,0,0
2011,legacy_2000_2013,2.9.1,description,date_filed,unlawful_detainer,appeal_dismissed,operative,sfsc.strict_judgment_end_state.observed_remittitur_dismissed,2,2,0,0,0,0,0
2011,historical_pre_2000,2.9.1,description,date_filed,family_domestic_violence,family_custody_order,operative,sfsc.strict_judgment_end_state.family_custody_order,2,2,0,0,0,0,0
2011,unknown_period,2.9.1,docketEntryComment,filedDate,criminal,criminal_diversion_completed,operative,sfsc.strict_judgment_end_state.criminal_diversion_completed_before_dismissal,2,2,0,0,0,0,0
2011,legacy_2000_2013,2.9.1,description,date_filed,probate,probate_sij_findings_order,operative,sfsc.strict_judgment_end_state.probate_sij_findings_granted_observed,2,2,0,0,0,0,0
2011,legacy_2000_2013,2.9.1,description,date_filed,civil_general,vacatur_reference,reference,sfsc.strict_judgment_end_state.objection_or_response,2,2,0,0,0,0,0
2011,legacy_2000_2013,2.9.1,description,date_filed,criminal,criminal_sentence,operative,sfsc.strict_judgment_end_state.criminal_sentence_imposed,2,2,0,0,0,0,0
2011,legacy_2000_2013,2.9.1,description,date_filed,civil_general,judgment_reference,reference,sfsc.strict_judgment_end_state.audited_notice_of_judgment,2,2,0,0,0,0,0
2011,legacy_2000_2013,2.9.1,description,date_filed,family_multi_order,judgment_reference,reference,sfsc.strict_judgment_end_state.audited_judgment_support_paper,2,2,0,0,0,0,0
2011,unknown_period,2.9.1,docketEntryComment,filedDate,criminal,criminal_sentence_modification,operative,sfsc.strict_judgment_end_state.criminal_probation_revoked,2,2,0,0,0,0,0
2011,legacy_2000_2013,2.9.1,description,date_filed,family_multi_order,family_support_modification,operative,sfsc.strict_judgment_end_state.family_support_termination_granted_contextual,2,2,0,0,0,0,0
2011,unknown_period,2.9.1,docketEntryComment,filedDate,criminal,unknown_end_state,reference,sfsc.strict_judgment_end_state.criminal_diversion_progress_calendar,2,1,0,0,0,0,0
2011,historical_pre_2000,2.9.1,description,date_filed,family_multi_order,family_custody_order,operative,sfsc.strict_judgment_end_state.family_review_custody_granted,2,2,0,0,0,0,0
2011,legacy_2000_2013,2.9.1,description,date_filed,family_multi_order,family_restraining_order,operative,sfsc.strict_judgment_end_state.family_restraining_written_order_tail,2,2,0,0,0,0,0
2011,legacy_2000_2013,2.9.1,description,date_filed,family_multi_order,family_order_reference,reference,sfsc.strict_judgment_end_state.certificate_or_declaration,2,2,0,0,0,0,0
2011,legacy_2000_2013,2.9.1,description,date_filed,criminal,dismissal_reference,reference,sfsc.strict_judgment_end_state.dismissal_status_only,2,2,0,0,0,0,0
2011,legacy_2000_2013,2.9.1,description,date_filed,unlawful_detainer,dismissal_reference,reference,sfsc.strict_judgment_end_state.proposed_disposition,2,2,0,0,0,0,0
2011,legacy_2000_2013,2.9.1,description,date_filed,civil_general,dismissal,operative,sfsc.strict_judgment_end_state.criminal_motion_to_dismiss_granted,2,2,0,0,0,0,0
2011,legacy_2000_2013,2.9.1,description,date_filed,civil_general,judgment_reference,reference,sfsc.strict_judgment_end_state.reviewed_grammar_generic_judgment_application_or_request,2,2,0,0,0,0,0
2011,legacy_2000_2013,2.9.1,description,date_filed,probate,probate_settlement_order,operative,sfsc.strict_judgment_end_state.probate_settlement_granted_contextual,2,2,0,0,0,0,0
2011,historical_pre_2000,2.9.1,description,date_filed,civil_general,judgment_reference,reference,sfsc.strict_judgment_end_state.audited_judgment_request,2,1,0,0,0,0,0
2011,unknown_period,2.9.1,docketEntryComment,filedDate,criminal,dismissal,operative,sfsc.strict_judgment_end_state.direct_case_dismissed,2,2,0,0,0,0,0
2011,legacy_2000_2013,2.9.1,description,date_filed,civil_general,summary_judgment,operative,sfsc.strict_judgment_end_state.reviewed_grammar_summary_judgment_granted,2,2,0,0,0,0,0
2011,legacy_2000_2013,2.9.1,docketEntryComment,filedDate,criminal,criminal_protective_order_termination,operative,sfsc.strict_judgment_end_state.criminal_stay_away_or_protective_order_terminated,2,2,0,0,0,0,0
2011,legacy_2000_2013,2.9.1,docketEntryComment,filedDate,criminal,judgment_reference,reference,sfsc.strict_judgment_end_state.proposed_disposition,2,2,0,0,0,0,0
2011,legacy_2000_2013,2.9.1,description,date_filed,probate,probate_discharge_order,operative,sfsc.strict_judgment_end_state.probate_fiduciary_discharge_grant_observed,2,2,0,0,0,0,0
2011,historical_pre_2000,2.9.1,description,date_filed,criminal,unknown_end_state,reference,sfsc.strict_judgment_end_state.criminal_calendar_or_transfer_setting,2,2,0,0,0,0,0
2011,legacy_2000_2013,2.9.1,description,date_filed,writ_or_mandate,dismissal,operative,sfsc.strict_judgment_end_state.direct_case_dismissed,2,2,0,0,0,0,0
2011,legacy_2000_2013,2.9.1,description,date_filed,writ_or_mandate,judgment_of_dismissal,operative,sfsc.strict_judgment_end_state.court_entered_judgment_of_dismissal,2,2,0,0,0,0,0
2011,legacy_2000_2013,2.9.1,description,date_filed,civil_general,appeal_mixed,operative,sfsc.strict_judgment_end_state.observed_remittitur_mixed,2,1,0,0,0,0,0
2011,legacy_2000_2013,2.9.1,description,date_filed,writ_or_mandate,renewal_reference,reference,sfsc.strict_judgment_end_state.unresolved_end_state_mention,2,1,0,0,0,0,0
2011,legacy_2000_2013,2.9.1,description,date_filed,writ_or_mandate,vacatur_reference,reference,sfsc.strict_judgment_end_state.hearing_setting,2,1,0,0,0,0,0
2011,legacy_2000_2013,2.9.1,description,date_filed,writ_or_mandate,writ_reference,reference,sfsc.strict_judgment_end_state.proof_of_service,2,1,0,0,0,0,0
2011,legacy_2000_2013,2.9.1,description,date_filed,small_claims,vacatur_reference,reference,sfsc.strict_judgment_end_state.unresolved_end_state_mention,2,2,0,0,0,0,0
2011,legacy_2000_2013,2.9.1,description,date_filed,unlawful_detainer,writ_reference,reference,sfsc.strict_judgment_end_state.proposed_disposition,2,2,0,0,0,0,0
2011,legacy_2000_2013,2.9.1,description,date_filed,family_multi_order,family_judgment,operative,sfsc.strict_judgment_end_state.family_bifurcation_status_granted,2,2,0,0,0,0,0
2011,unknown_period,2.9.1,description,date_filed,criminal,dismissal,operative,sfsc.strict_judgment_end_state.direct_case_dismissed,2,2,0,0,0,0,0
2011,historical_pre_2000,2.9.1,description,date_filed,family_multi_order,settlement_reference,reference,sfsc.strict_judgment_end_state.motion_or_brief,2,1,0,0,0,0,0
2011,legacy_2000_2013,2.9.1,description,date_filed,civil_general,judgment,operative,sfsc.strict_judgment_end_state.audited_direct_filed_judgment,2,2,0,0,0,0,0
2011,legacy_2000_2013,2.9.1,description,date_filed,family_multi_order,family_order_reference,reference,sfsc.strict_judgment_end_state.proposed_disposition,2,2,0,0,0,0,0
2011,legacy_2000_2013,2.9.1,description,date_filed,unlawful_detainer,writ_reference,reference,sfsc.strict_judgment_end_state.motion_or_brief,2,2,0,0,0,0,0
2011,historical_pre_2000,2.9.1,description,date_filed,family_multi_order,renewal_reference,reference,sfsc.strict_judgment_end_state.application_for_stipulated_judgment,2,2,0,0,0,0,0
2011,historical_pre_2000,2.9.1,description,date_filed,civil_general,dismissal_reference,reference,sfsc.strict_judgment_end_state.dismissal_request_only,2,2,0,0,0,0,0
2011,legacy_2000_2013,2.9.1,description,date_filed,probate,family_order_reference,reference,sfsc.strict_judgment_end_state.unresolved_end_state_mention,2,2,0,0,0,0,0
2011,legacy_2000_2013,2.9.1,docketEntryComment,filedDate,criminal,dismissal,operative,sfsc.strict_judgment_end_state.criminal_ctord_case_dismissed,2,2,0,0,0,0,0
2011,historical_pre_2000,2.9.1,description,date_filed,civil_general,appeal_affirmed,operative,sfsc.strict_judgment_end_state.observed_remittitur_affirmed,2,2,0,0,0,0,0
2011,historical_pre_2000,2.9.1,description,date_filed,criminal,dismissal,operative,sfsc.strict_judgment_end_state.criminal_mo138572_companion_case_dismissal,2,2,0,0,0,0,0
2011,legacy_2000_2013,2.9.1,description,date_filed,criminal,vacatur_reference,reference,sfsc.strict_judgment_end_state.proposed_disposition,2,2,0,0,0,0,0
2011,legacy_2000_2013,2.9.1,description,date_filed,unlawful_detainer,writ_reference,reference,sfsc.strict_judgment_end_state.renewal_notice,2,2,0,0,0,0,0
2011,historical_pre_2000,2.9.1,description,date_filed,civil_general,judgment_reference,reference,sfsc.strict_judgment_end_state.notice_of_entry,2,2,0,0,0,0,0
2011,legacy_2000_2013,2.9.1,description,date_filed,unlawful_detainer,judgment_reference,reference,sfsc.strict_judgment_end_state.appellate_affirmed_legacy_outside_appellate_case,2,2,0,0,0,0,0
2011,legacy_2000_2013,2.9.1,description,date_filed,small_claims,satisfaction_reference,reference,sfsc.strict_judgment_end_state.hearing_setting,2,2,0,0,0,0,0
2011,legacy_2000_2013,2.9.1,description,date_filed,family_multi_order,vacatur_reference,reference,sfsc.strict_judgment_end_state.bare_judgment_set_aside_caption,2,2,0,0,0,0,0
2011,legacy_2000_2013,2.9.1,description,date_filed,probate,settlement_reference,reference,sfsc.strict_judgment_end_state.motion_or_brief,2,1,0,0,0,0,0
2011,historical_pre_2000,2.9.1,description,date_filed,civil_general,judgment_reference,reference,sfsc.strict_judgment_end_state.motion_or_brief,2,2,0,0,0,0,0
2011,legacy_2000_2013,2.9.1,description,date_filed,probate,probate_termination_order,operative,sfsc.strict_judgment_end_state.observed_probate_entity_termination_result,2,2,0,0,0,0,0
2011,historical_pre_2000,2.9.1,description,date_filed,civil_general,judgment_reference,reference,sfsc.strict_judgment_end_state.certificate_or_declaration,2,2,0,0,0,0,0
2011,historical_pre_2000,2.9.1,description,date_filed,civil_general,vacatur_reference,reference,sfsc.strict_judgment_end_state.proof_of_service,2,1,0,0,0,0,0
2011,legacy_2000_2013,2.9.1,description,date_filed,civil_general,judgment_reference,reference,sfsc.strict_judgment_end_state.reviewed_grammar_judgment_stipulation_without_order,2,2,0,0,0,0,0
2011,historical_pre_2000,2.9.1,description,date_filed,family_domestic_violence,family_domestic_violence_dismissal,operative,sfsc.strict_judgment_end_state.family_restraining_order_dismissal_granted,2,2,0,0,0,0,0
2011,legacy_2000_2013,2.9.1,description,date_filed,unlawful_detainer,settlement,operative,sfsc.strict_judgment_end_state.conditional_settlement_notice,2,2,0,0,0,0,0
2011,legacy_2000_2013,2.9.1,docketEntryComment,filedDate,criminal,dismissal,operative,sfsc.strict_judgment_end_state.criminal_observed_dismissal_result,2,2,0,0,0,0,0
2011,historical_pre_2000,2.9.1,description,date_filed,family_multi_order,family_support_order,operative,sfsc.strict_judgment_end_state.family_support_granted_contextual,2,2,0,0,0,0,0
2011,legacy_2000_2013,2.9.1,description,date_filed,unlawful_detainer,settlement_reference,reference,sfsc.strict_judgment_end_state.proposed_disposition,2,2,0,0,0,0,0
2011,legacy_2000_2013,2.9.1,description,date_filed,writ_or_mandate,settlement_reference,reference,sfsc.strict_judgment_end_state.proposed_disposition,2,2,0,0,0,0,0
2011,legacy_2000_2013,2.9.1,description,date_filed,writ_or_mandate,dismissal_reference,reference,sfsc.strict_judgment_end_state.notice_of_entry,2,2,0,0,0,0,0
2011,legacy_2000_2013,2.9.1,docketEntryComment,filedDate,criminal,unknown_end_state,reference,sfsc.strict_judgment_end_state.criminal_additional_transcript_caption,2,2,0,0,0,0,0
2011,legacy_2000_2013,2.9.1,description,date_filed,family_domestic_violence,family_fee_cost_order,operative,sfsc.strict_judgment_end_state.family_fee_cost_granted_contextual,2,2,0,0,0,0,0
2011,legacy_2000_2013,2.9.1,description,date_filed,civil_general,appeal_reference,reference,sfsc.strict_judgment_end_state.notice_of_entry,2,2,0,0,0,0,0
2011,historical_pre_2000,2.9.1,description,date_filed,probate,settlement,operative,sfsc.strict_judgment_end_state.case_reported_settled,2,1,0,0,0,0,0
2011,legacy_2000_2013,2.9.1,docketEntryComment,filedDate,criminal,criminal_verdict,operative,sfsc.strict_judgment_end_state.criminal_court_declared_mistrial,2,2,0,0,0,0,0
2011,legacy_2000_2013,2.9.1,docketEntryComment,filedDate,criminal,criminal_acquittal,operative,sfsc.strict_judgment_end_state.criminal_judgment_of_acquittal_entered,2,2,0,0,0,0,0
2011,historical_pre_2000,2.9.1,description,date_filed,probate,probate_order_reference,reference,sfsc.strict_judgment_end_state.probate_contextual_collateral_written_order_grant,2,1,0,0,0,0,0
2011,legacy_2000_2013,2.9.1,description,date_filed,probate,dismissal,operative,sfsc.strict_judgment_end_state.observed_whole_case_dismissal,2,2,0,0,0,0,0
2011,legacy_2000_2013,2.9.1,description,date_filed,probate,probate_guardian_ad_litem_discharge_order,operative,sfsc.strict_judgment_end_state.probate_guardian_ad_litem_discharge_granted_observed,2,1,0,0,0,0,0
2011,legacy_2000_2013,2.9.1,description,date_filed,writ_or_mandate,renewal_reference,reference,sfsc.strict_judgment_end_state.proof_of_service,2,1,0,0,0,0,0
2011,legacy_2000_2013,2.9.1,description,date_filed,writ_or_mandate,satisfaction_reference,reference,sfsc.strict_judgment_end_state.proof_of_service,2,2,0,0,0,0,0
2011,legacy_2000_2013,2.9.1,description,date_filed,civil_general,writ_reference,reference,sfsc.strict_judgment_end_state.application_for_stipulated_judgment,2,2,0,0,0,0,0
2011,legacy_2000_2013,2.9.1,description,date_filed,small_claims,verdict_recorded,operative,sfsc.strict_judgment_end_state.observed_verdict_returned_filed_or_entered,2,2,0,0,0,0,0
2011,legacy_2000_2013,2.9.1,description,date_filed,unlawful_detainer,appeal_dismissed,operative,sfsc.strict_judgment_end_state.observed_appeal_dismissal_broad_order_forms,2,2,0,0,0,0,0
2011,historical_pre_2000,2.9.1,description,date_filed,family_multi_order,family_fee_cost_order,operative,sfsc.strict_judgment_end_state.family_fee_cost_granted_contextual,2,2,0,0,0,0,0
2011,legacy_2000_2013,2.9.1,description,date_filed,unlawful_detainer,writ_reference,reference,sfsc.strict_judgment_end_state.application_for_stipulated_judgment,2,2,0,0,0,0,0
2011,legacy_2000_2013,2.9.1,description,date_filed,probate,judgment_reference,reference,sfsc.strict_judgment_end_state.dismissal_document_returned_by_mail,2,1,0,0,0,0,0
2011,historical_pre_2000,2.9.1,description,date_filed,criminal,dismissal,operative,sfsc.strict_judgment_end_state.direct_case_dismissed,2,2,0,0,0,0,0
2011,legacy_2000_2013,2.9.1,description,date_filed,small_claims,vacatur_reference,reference,sfsc.strict_judgment_end_state.bare_judgment_set_aside_caption,2,2,0,0,0,0,0
2011,legacy_2000_2013,2.9.1,description,date_filed,writ_or_mandate,settlement,operative,sfsc.strict_judgment_end_state.case_reported_settled,2,2,0,0,0,0,0
2011,legacy_2000_2013,2.9.1,description,date_filed,probate,probate_account_order,operative,sfsc.strict_judgment_end_state.probate_account_granted_contextual,2,1,0,0,0,0,0
2011,legacy_2000_2013,2.9.1,description,date_filed,probate,judgment_reference,reference,sfsc.strict_judgment_end_state.audited_motion_or_brief_wrapper,2,1,0,0,0,0,0
2011,legacy_2000_2013,2.9.1,docketEntryComment,filedDate,criminal,criminal_verdict,operative,sfsc.strict_judgment_end_state.criminal_direct_verdict,2,2,0,0,0,0,0
2011,legacy_2000_2013,2.9.1,description,date_filed,probate,probate_marital_status_order,operative,sfsc.strict_judgment_end_state.probate_fact_of_marriage_denied,2,2,0,0,0,0,0
2011,legacy_2000_2013,2.9.1,description,date_filed,family_domestic_violence,family_property_order,operative,sfsc.strict_judgment_end_state.family_property_relief_granted_contextual,2,1,0,0,0,0,0
2011,legacy_2000_2013,2.9.1,docketEntryComment,filedDate,criminal,vacatur_reference,reference,sfsc.strict_judgment_end_state.proposed_disposition,2,2,0,0,0,0,0
2011,legacy_2000_2013,2.9.1,description,date_filed,probate,probate_surcharge_order,operative,sfsc.strict_judgment_end_state.probate_surcharge_granted_observed,2,1,0,0,0,0,0
2011,legacy_2000_2013,2.9.1,description,date_filed,criminal,vacatur_reference,reference,sfsc.strict_judgment_end_state.unresolved_end_state_mention,2,2,0,0,0,0,0
2011,historical_pre_2000,2.9.1,description,date_filed,family_multi_order,family_judgment,operative,sfsc.strict_judgment_end_state.family_judgment_granted_contextual,2,2,0,0,0,0,0
2011,legacy_2000_2013,2.9.1,description,date_filed,civil_general,writ_reference,reference,sfsc.strict_judgment_end_state.certificate_or_declaration,2,2,0,0,0,0,0
2011,legacy_2000_2013,2.9.1,description,date_filed,small_claims,satisfaction,operative,sfsc.strict_judgment_end_state.reviewed_grammar_audited_satisfaction_filed_variants,2,2,0,0,0,0,0
2011,historical_pre_2000,2.9.1,description,date_filed,family_multi_order,family_restraining_order,operative,sfsc.strict_judgment_end_state.family_restraining_order_legacy_granted,2,2,0,0,0,0,0
2011,legacy_2000_2013,2.9.1,description,date_filed,criminal,appeal_reference,reference,sfsc.strict_judgment_end_state.hearing_setting,2,2,0,0,0,0,0
2011,unknown_period,2.9.1,docketEntryComment,filedDate,criminal,dismissal,operative,sfsc.strict_judgment_end_state.criminal_dismissal_after_diversion,2,2,0,0,0,0,0
2011,legacy_2000_2013,2.9.1,description,date_filed,civil_general,dismissal_reference,reference,sfsc.strict_judgment_end_state.writ_filing_reference,2,1,0,0,0,0,0
2011,legacy_2000_2013,2.9.1,description,date_filed,civil_general,dismissal_reference,reference,sfsc.strict_judgment_end_state.notice_of_dismissal_order,2,2,0,0,0,0,0
2011,historical_pre_2000,2.9.1,description,date_filed,civil_general,judgment,operative,sfsc.strict_judgment_end_state.judgment_entered,2,2,0,0,0,0,0
2011,legacy_2000_2013,2.9.1,description,date_filed,family_multi_order,family_property_order,operative,sfsc.strict_judgment_end_state.family_property_financial_granted_contextual,2,2,0,0,0,0,0
2011,legacy_2000_2013,2.9.1,description,date_filed,civil_general,name_change_petition_denied,operative,sfsc.strict_judgment_end_state.name_change_petition_denied,2,2,0,0,0,0,0
2011,historical_pre_2000,2.9.1,description,date_filed,probate,judgment_reference,reference,sfsc.strict_judgment_end_state.motion_or_brief,2,1,0,0,0,0,0
2011,legacy_2000_2013,2.9.1,description,date_filed,civil_general,declaratory/injunctive,operative,sfsc.strict_judgment_end_state.declaratory_or_injunctive_judgment,2,2,0,0,0,0,0
2011,historical_pre_2000,2.9.1,description,date_filed,family_multi_order,family_custody_order,operative,sfsc.strict_judgment_end_state.family_child_specific_granted_contextual,2,2,0,0,0,0,0
2011,legacy_2000_2013,2.9.1,description,date_filed,small_claims,renewal_reference,reference,sfsc.strict_judgment_end_state.renewal_notice,2,2,0,0,0,0,0
2011,legacy_2000_2013,2.9.1,description,date_filed,civil_general,appeal_reference,reference,sfsc.strict_judgment_end_state.proof_of_service,2,2,0,0,0,0,0
2011,legacy_2000_2013,2.9.1,description,date_filed,writ_or_mandate,renewal_reference,reference,sfsc.strict_judgment_end_state.motion_or_brief,2,1,0,0,0,0,0
2011,legacy_2000_2013,2.9.1,description,date_filed,criminal,criminal_verdict,operative,sfsc.strict_judgment_end_state.observed_verdict_returned_filed_or_entered,2,2,0,0,0,0,0
2011,legacy_2000_2013,2.9.1,description,date_filed,small_claims,satisfaction_reference,reference,sfsc.strict_judgment_end_state.motion_or_brief,2,2,0,0,0,0,0
2011,legacy_2000_2013,2.9.1,description,date_filed,civil_general,summary_judgment,operative,sfsc.strict_judgment_end_state.audited_summary_judgment_motion_result,2,2,0,0,0,0,0
2011,legacy_2000_2013,2.9.1,description,date_filed,probate,satisfaction,operative,sfsc.strict_judgment_end_state.satisfaction_filed,2,2,0,0,0,0,0
2011,legacy_2000_2013,2.9.1,description,date_filed,family_domestic_violence,family_custody_order,operative,sfsc.strict_judgment_end_state.family_child_decision_order_granted_contextual,2,2,0,0,0,0,0
2011,historical_pre_2000,2.9.1,description,date_filed,family_multi_order,judgment_reference,reference,sfsc.strict_judgment_end_state.proof_of_service,2,2,0,0,0,0,0
2011,historical_pre_2000,2.9.1,description,date_filed,small_claims,satisfaction,operative,sfsc.strict_judgment_end_state.satisfaction_filed,2,2,0,0,0,0,0
2011,legacy_2000_2013,2.9.1,description,date_filed,writ_or_mandate,judgment_reference,reference,sfsc.strict_judgment_end_state.objection_or_response,2,1,0,0,0,0,0
2011,legacy_2000_2013,2.9.1,description,date_filed,writ_or_mandate,vacatur_reference,reference,sfsc.strict_judgment_end_state.certificate_or_declaration,2,2,0,0,0,0,0
2011,legacy_2000_2013,2.9.1,description,date_filed,probate,probate_marital_status_order,operative,sfsc.strict_judgment_end_state.probate_marital_status_granted_observed,2,1,0,0,0,0,0
2011,historical_pre_2000,2.9.1,description,date_filed,small_claims,renewal_reference,reference,sfsc.strict_judgment_end_state.application_for_stipulated_judgment,2,1,0,0,0,0,0
2011,legacy_2000_2013,2.9.1,description,date_filed,criminal,appeal_reversed,operative,sfsc.strict_judgment_end_state.appeal_reversed,2,2,0,0,0,0,0
2011,legacy_2000_2013,2.9.1,description,date_filed,probate,amended_judgment,superseding,sfsc.strict_judgment_end_state.amended_judgment_entered,2,1,0,0,0,0,0
2011,legacy_2000_2013,2.9.1,description,date_filed,civil_general,dismissal,operative,sfsc.strict_judgment_end_state.reviewed_grammar_direct_order_of_dismissal,2,2,0,0,0,0,0
2011,legacy_2000_2013,2.9.1,description,date_filed,family_multi_order,family_prior_order_ruling,operative,sfsc.strict_judgment_end_state.family_prior_order_ruling_granted_contextual,2,2,0,0,0,0,0
2011,legacy_2000_2013,2.9.1,description,date_filed,family_multi_order,judgment_reference,reference,sfsc.strict_judgment_end_state.audited_judgment_request,2,2,0,0,0,0,0
2011,unknown_period,2.9.1,description,date_filed,criminal,criminal_diversion_completed,operative,sfsc.strict_judgment_end_state.criminal_diversion_completed_before_dismissal,2,2,0,0,0,0,0
2011,unknown_period,2.9.1,description,date_filed,criminal,dismissal,operative,sfsc.strict_judgment_end_state.criminal_dismissal_after_diversion,2,2,0,0,0,0,0
2011,legacy_2000_2013,2.9.1,description,date_filed,unlawful_detainer,dismissal_reference,reference,sfsc.strict_judgment_end_state.notice_of_appeal,2,1,0,0,0,0,0
2011,historical_pre_2000,2.9.1,description,date_filed,criminal,unknown_end_state,reference,sfsc.strict_judgment_end_state.criminal_verdict_form_or_unresolved,2,1,0,0,0,0,0
2011,historical_pre_2000,2.9.1,description,date_filed,civil_general,dismissal_reference,reference,sfsc.strict_judgment_end_state.hearing_setting,2,1,0,0,0,0,0
2011,legacy_2000_2013,2.9.1,docketEntryComment,filedDate,criminal,writ_reference,reference,sfsc.strict_judgment_end_state.unresolved_end_state_mention,2,2,0,0,0,0,0
2011,legacy_2000_2013,2.9.1,description,date_filed,civil_general,dismissal_reference,reference,sfsc.strict_judgment_end_state.action_dismissal_filing_request,2,2,0,0,0,0,0
2011,historical_pre_2000,2.9.1,description,date_filed,civil_general,vacatur_reference,reference,sfsc.strict_judgment_end_state.proposed_disposition,2,2,0,0,0,0,0
2011,legacy_2000_2013,2.9.1,description,date_filed,criminal,criminal_release_condition_termination,operative,sfsc.strict_judgment_end_state.criminal_release_condition_terminated,2,2,0,0,0,0,0
2011,unknown_period,2.9.1,docketEntryComment,filedDate,criminal,unknown_end_state,reference,sfsc.strict_judgment_end_state.criminal_arraignment_plea_or_disposition_calendar,2,2,0,0,0,0,0
2011,legacy_2000_2013,2.9.1,description,date_filed,civil_general,judgment_reference,reference,sfsc.strict_judgment_end_state.audited_case_summary_support_paper,2,2,0,0,0,0,0
2011,historical_pre_2000,2.9.1,description,date_filed,writ_or_mandate,judgment_reference,reference,sfsc.strict_judgment_end_state.case_model_mismatch,2,2,0,0,0,0,0
2011,legacy_2000_2013,2.9.1,description,date_filed,small_claims,dismissal,operative,sfsc.strict_judgment_end_state.observed_dismissal_filed_status,2,2,0,0,0,0,0
2011,legacy_2000_2013,2.9.1,description,date_filed,family_multi_order,satisfaction_reference,reference,sfsc.strict_judgment_end_state.hearing_setting,2,1,0,0,0,0,0
2011,unknown_period,2.9.1,docketEntryComment,filedDate,criminal,criminal_sentence_modification,operative,sfsc.strict_judgment_end_state.criminal_probation_terminated_or_expired,2,2,0,0,0,0,0
2011,legacy_2000_2013,2.9.1,description,date_filed,writ_or_mandate,writ_reference,reference,sfsc.strict_judgment_end_state.certificate_or_declaration,2,1,0,0,0,0,0
2011,legacy_2000_2013,2.9.1,description,date_filed,family_domestic_violence,dismissal,operative,sfsc.strict_judgment_end_state.observed_whole_case_dismissal,2,2,0,0,0,0,0
2011,legacy_2000_2013,2.9.1,description,date_filed,appellate_review,dismissal_reference,reference,sfsc.strict_judgment_end_state.case_model_mismatch,2,2,0,0,0,0,0
2011,legacy_2000_2013,2.9.1,description,date_filed,small_claims,writ_reference,reference,sfsc.strict_judgment_end_state.dismissal_document_returned_by_mail,2,2,0,0,0,0,0
2011,legacy_2000_2013,2.9.1,description,date_filed,unlawful_detainer,judgment_reference,reference,sfsc.strict_judgment_end_state.request_or_application,2,2,0,0,0,0,0
2011,legacy_2000_2013,2.9.1,description,date_filed,criminal,judgment_reference,reference,sfsc.strict_judgment_end_state.proposed_disposition,2,2,0,0,0,0,0
2011,legacy_2000_2013,2.9.1,description,date_filed,family_multi_order,appeal_dismissed,operative,sfsc.strict_judgment_end_state.appeal_dismissal_clerk_certificate,2,1,0,0,0,0,0
2011,legacy_2000_2013,2.9.1,description,date_filed,probate,probate_order_reference,reference,sfsc.strict_judgment_end_state.probate_empirical_procedural_grant_reference,2,2,0,0,0,0,0
2011,historical_pre_2000,2.9.1,description,date_filed,criminal,appeal_affirmed,operative,sfsc.strict_judgment_end_state.criminal_appellate_judgment_result,2,2,0,0,0,0,0
